row_number,source_row_id,voucher_text,voucher_norm,sales_account,sales_account_norm,product,product_norm,sales_account_exists,product_exists,exact_mapping_exists,is_business_skip_row
4,4,JH/2526/ 248,JH2526248,GOLD SALES ACCOUNT - 22K,GOLD SALES ACCOUNT - 22K,BLACK BEADS,BLACK BEADS,true,true,true,false
5,5,JH/2526/ 249,JH2526249,GOLD SALES ACCOUNT - 22K,GOLD SALES ACCOUNT - 22K,BLACK BEADS,BLACK BEADS,true,true,true,false
6,6,JH/2526/ 323,JH2526323,GOLD SALES ACCOUNT - 22K,GOLD SALES ACCOUNT - 22K,BLACK BEADS,BLACK BEADS,true,true,true,false
7,7,JH/2526/ 340,JH2526340,GOLD SALES ACCOUNT - 22K,GOLD SALES ACCOUNT - 22K,BLACK BEADS,BLACK BEADS,true,true,true,false
8,8,JH/2526/ 374,JH2526374,GOLD SALES ACCOUNT - 22K,GOLD SALES ACCOUNT - 22K,BLACK BEADS,BLACK BEADS,true,true,true,false
9,9,JH/2526/ 393,JH2526393,GOLD SALES ACCOUNT - 22K,GOLD SALES ACCOUNT - 22K,BLACK BEADS,BLACK BEADS,true,true,true,false
10,10,JH/2526/ 398,JH2526398,GOLD SALES ACCOUNT - 22K,GOLD SALES ACCOUNT - 22K,BLACK BEADS,BLACK BEADS,true,true,true,false
11,11,JH/2526/ 398,JH2526398,GOLD SALES ACCOUNT - 22K,GOLD SALES ACCOUNT - 22K,BLACK BEADS,BLACK BEADS,true,true,true,false
12,12,JH/2526/ 450,JH2526450,GOLD SALES ACCOUNT - 22K,GOLD SALES ACCOUNT - 22K,BLACK BEADS,BLACK BEADS,true,true,true,false
13,13,JH/2526/ 462,JH2526462,GOLD SALES ACCOUNT - 22K,GOLD SALES ACCOUNT - 22K,BLACK BEADS,BLACK BEADS,true,true,true,false
14,14,JH/2526/ 489,JH2526489,GOLD SALES ACCOUNT - 22K,GOLD SALES ACCOUNT - 22K,BLACK BEADS,BLACK BEADS,true,true,true,false
15,15,JH/2526/ 523,JH2526523,GOLD SALES ACCOUNT - 22K,GOLD SALES ACCOUNT - 22K,BLACK BEADS,BLACK BEADS,true,true,true,false
16,16,JH/2526/ 559,JH2526559,GOLD SALES ACCOUNT - 22K,GOLD SALES ACCOUNT - 22K,BLACK BEADS,BLACK BEADS,true,true,true,false
17,17,JH/2526/ 575,JH2526575,GOLD SALES ACCOUNT - 22K,GOLD SALES ACCOUNT - 22K,BLACK BEADS,BLACK BEADS,true,true,true,false
18,18,JH/2526/ 594,JH2526594,GOLD SALES ACCOUNT - 22K,GOLD SALES ACCOUNT - 22K,BLACK BEADS,BLACK BEADS,true,true,true,false
19,19,JH/2526/ 710,JH2526710,GOLD SALES ACCOUNT - 22K,GOLD SALES ACCOUNT - 22K,BLACK BEADS,BLACK BEADS,true,true,true,false
20,20,JH/2526/ 714,JH2526714,GOLD SALES ACCOUNT - 22K,GOLD SALES ACCOUNT - 22K,BLACK BEADS,BLACK BEADS,true,true,true,false
21,21,JH/2526/ 761,JH2526761,GOLD SALES ACCOUNT - 22K,GOLD SALES ACCOUNT - 22K,BLACK BEADS,BLACK BEADS,true,true,true,false
22,22,JH/2526/ 790,JH2526790,GOLD SALES ACCOUNT - 22K,GOLD SALES ACCOUNT - 22K,BLACK BEADS,BLACK BEADS,true,true,true,false
23,23,JH/2526/ 814,JH2526814,GOLD SALES ACCOUNT - 22K,GOLD SALES ACCOUNT - 22K,BLACK BEADS,BLACK BEADS,true,true,true,false
24,24,JH/2526/ 858,JH2526858,GOLD SALES ACCOUNT - 22K,GOLD SALES ACCOUNT - 22K,BLACK BEADS,BLACK BEADS,true,true,true,false
25,25,JH/2526/ 887,JH2526887,GOLD SALES ACCOUNT - 22K,GOLD SALES ACCOUNT - 22K,BLACK BEADS,BLACK BEADS,true,true,true,false
26,26,JH/2526/ 916,JH2526916,GOLD SALES ACCOUNT - 22K,GOLD SALES ACCOUNT - 22K,BLACK BEADS,BLACK BEADS,true,true,true,false
27,27,JH/2526/ 932,JH2526932,GOLD SALES ACCOUNT - 22K,GOLD SALES ACCOUNT - 22K,BLACK BEADS,BLACK BEADS,true,true,true,false
28,28,JH/2526/ 965,JH2526965,GOLD SALES ACCOUNT - 22K,GOLD SALES ACCOUNT - 22K,BLACK BEADS,BLACK BEADS,true,true,true,false
29,29,JH/2526/ 971,JH2526971,GOLD SALES ACCOUNT - 22K,GOLD SALES ACCOUNT - 22K,BLACK BEADS,BLACK BEADS,true,true,true,false
30,30,JH/2526/ 985,JH2526985,GOLD SALES ACCOUNT - 22K,GOLD SALES ACCOUNT - 22K,BLACK BEADS,BLACK BEADS,true,true,true,false
31,31,JH/2526/ 1018,JH25261018,GOLD SALES ACCOUNT - 22K,GOLD SALES ACCOUNT - 22K,BLACK BEADS,BLACK BEADS,true,true,true,false
32,32,JH/2526/ 1088,JH25261088,GOLD SALES ACCOUNT - 22K,GOLD SALES ACCOUNT - 22K,BLACK BEADS,BLACK BEADS,true,true,true,false
33,33,JH/2526/ 1036,JH25261036,JEWEL SALES ACCOUNT - DIAMONDS,JEWEL SALES ACCOUNT - DIAMONDS,CUSTOMER DIAMONDS,CUSTOMER DIAMONDS,true,true,true,false
34,34,JH/2526/ 1036,JH25261036,JEWEL SALES ACCOUNT - DIAMONDS,JEWEL SALES ACCOUNT - DIAMONDS,CUSTOMER DIAMONDS,CUSTOMER DIAMONDS,true,true,true,false
35,35,JH/2526/ 1036,JH25261036,JEWEL SALES ACCOUNT - DIAMONDS,JEWEL SALES ACCOUNT - DIAMONDS,CUSTOMER DIAMONDS,CUSTOMER DIAMONDS,true,true,true,false
36,36,JH/2526/ 1036,JH25261036,JEWEL SALES ACCOUNT - DIAMONDS,JEWEL SALES ACCOUNT - DIAMONDS,CUSTOMER DIAMONDS,CUSTOMER DIAMONDS,true,true,true,false
37,37,JH/2526/ 1036,JH25261036,JEWEL SALES ACCOUNT - DIAMONDS,JEWEL SALES ACCOUNT - DIAMONDS,CUSTOMER DIAMONDS,CUSTOMER DIAMONDS,true,true,true,false
38,38,JH/2526/ 1036,JH25261036,JEWEL SALES ACCOUNT - DIAMONDS,JEWEL SALES ACCOUNT - DIAMONDS,CUSTOMER DIAMONDS,CUSTOMER DIAMONDS,true,true,true,false
39,39,JH/2526/ 1036,JH25261036,JEWEL SALES ACCOUNT - DIAMONDS,JEWEL SALES ACCOUNT - DIAMONDS,CUSTOMER DIAMONDS,CUSTOMER DIAMONDS,true,true,true,false
40,40,JH/2526/ 1036,JH25261036,JEWELS SALES ACCOUNT - EMERALDS,JEWELS SALES ACCOUNT - EMERALDS,CUSTOMER EMERALDS,CUSTOMER EMERALDS,true,true,true,false
41,41,JH/2526/ 1036,JH25261036,JEWELS SALES ACCOUNT - EMERALDS,JEWELS SALES ACCOUNT - EMERALDS,CUSTOMER EMERALDS,CUSTOMER EMERALDS,true,true,true,false
42,42,JH/2526/ 1036,JH25261036,JEWELS SALES ACCOUNT - EMERALDS,JEWELS SALES ACCOUNT - EMERALDS,CUSTOMER EMERALDS,CUSTOMER EMERALDS,true,true,true,false
43,43,JH/2526/ 1036,JH25261036,JEWELS SALES ACCOUNT - EMERALDS,JEWELS SALES ACCOUNT - EMERALDS,CUSTOMER EMERALDS,CUSTOMER EMERALDS,true,true,true,false
44,44,JH/2526/ 1036,JH25261036,JEWELS SALES ACCOUNT - EMERALDS,JEWELS SALES ACCOUNT - EMERALDS,CUSTOMER EMERALDS,CUSTOMER EMERALDS,true,true,true,false
45,45,JH/2526/ 1036,JH25261036,JEWEL SALES ACCOUNT - DIAMONDS,JEWEL SALES ACCOUNT - DIAMONDS,CUSTOMER FLAT POLKI,CUSTOMER FLAT POLKI,true,true,true,false
46,46,JH/2526/ 1036,JH25261036,GOLD SALES ACCOUNT - 18K,GOLD SALES ACCOUNT - 18K,CUSTOMER GOLD ORNAMENTS 18K,CUSTOMER GOLD ORNAMENTS 18K,true,true,true,false
47,47,JH/2526/ 1036,JH25261036,GOLD SALES ACCOUNT - 18K,GOLD SALES ACCOUNT - 18K,CUSTOMER GOLD ORNAMENTS 18K,CUSTOMER GOLD ORNAMENTS 18K,true,true,true,false
48,48,JH/2526/ 1036,JH25261036,GOLD SALES ACCOUNT - 18K,GOLD SALES ACCOUNT - 18K,CUSTOMER GOLD ORNAMENTS 18K,CUSTOMER GOLD ORNAMENTS 18K,true,true,true,false
49,49,JH/2526/ 1036,JH25261036,GOLD SALES ACCOUNT - 18K,GOLD SALES ACCOUNT - 18K,CUSTOMER GOLD ORNAMENTS 18K,CUSTOMER GOLD ORNAMENTS 18K,true,true,true,false
50,50,JH/2526/ 1036,JH25261036,GOLD SALES ACCOUNT - 18K,GOLD SALES ACCOUNT - 18K,CUSTOMER GOLD ORNAMENTS 18K,CUSTOMER GOLD ORNAMENTS 18K,true,true,true,false
51,51,JH/2526/ 1036,JH25261036,GOLD SALES ACCOUNT - 18K,GOLD SALES ACCOUNT - 18K,CUSTOMER GOLD ORNAMENTS 18K,CUSTOMER GOLD ORNAMENTS 18K,true,true,true,false
52,52,JH/2526/ 1036,JH25261036,GOLD SALES ACCOUNT - 22K,GOLD SALES ACCOUNT - 22K,CUSTOMER GOLD ORNAMENTS 22K,CUSTOMER GOLD ORNAMENTS 22K,true,true,true,false
53,53,JH/2526/ 1036,JH25261036,GOLD SALES ACCOUNT - 22K,GOLD SALES ACCOUNT - 22K,CUSTOMER GOLD ORNAMENTS 22K,CUSTOMER GOLD ORNAMENTS 22K,true,true,true,false
54,54,JH/2526/ 1036,JH25261036,GOLD SALES ACCOUNT - 22K,GOLD SALES ACCOUNT - 22K,CUSTOMER GOLD ORNAMENTS 22K,CUSTOMER GOLD ORNAMENTS 22K,true,true,true,false
55,55,JH/2526/ 1036,JH25261036,GOLD SALES ACCOUNT - 22K,GOLD SALES ACCOUNT - 22K,CUSTOMER GOLD ORNAMENTS 22K,CUSTOMER GOLD ORNAMENTS 22K,true,true,true,false
56,56,JH/2526/ 1047,JH25261047,GOLD SALES ACCOUNT - 22K,GOLD SALES ACCOUNT - 22K,CUSTOMER GOLD ORNAMENTS 22K,CUSTOMER GOLD ORNAMENTS 22K,true,true,true,false
57,57,JH/2526/ 1036,JH25261036,JEWELS SALES ACCOUNT - PEARLS,JEWELS SALES ACCOUNT - PEARLS,CUSTOMER PEARLS,CUSTOMER PEARLS,true,true,true,false
58,58,JH/2526/ 1036,JH25261036,JEWELS SALES ACCOUNT - PEARLS,JEWELS SALES ACCOUNT - PEARLS,CUSTOMER PEARLS,CUSTOMER PEARLS,true,true,true,false
59,59,JH/2526/ 1036,JH25261036,JEWELS SALES ACCOUNT - PEARLS,JEWELS SALES ACCOUNT - PEARLS,CUSTOMER PEARLS,CUSTOMER PEARLS,true,true,true,false
60,60,JH/2526/ 1036,JH25261036,JEWELS SALES ACCOUNT - RUBIES,JEWELS SALES ACCOUNT - RUBIES,CUSTOMER RUBIES,CUSTOMER RUBIES,true,true,true,false
61,61,JH/2526/ 1036,JH25261036,JEWELS SALES ACCOUNT - RUBIES,JEWELS SALES ACCOUNT - RUBIES,CUSTOMER RUBIES,CUSTOMER RUBIES,true,true,true,false
62,62,JH/2526/ 48,JH252648,JEWEL SALES ACCOUNT - DIAMONDS,JEWEL SALES ACCOUNT - DIAMONDS,DI. RA 10,DI. RA 10,true,true,true,false
63,63,JH/B/2526/ 2,JHB25262,JEWEL SALES ACCOUNT - DIAMONDS,JEWEL SALES ACCOUNT - DIAMONDS,DI. RA 10,DI. RA 10,true,true,true,false
64,64,JH/2526/ 140,JH2526140,JEWEL SALES ACCOUNT - DIAMONDS,JEWEL SALES ACCOUNT - DIAMONDS,DI. RA 10,DI. RA 10,true,true,true,false
65,65,JH/2526/ 143,JH2526143,JEWEL SALES ACCOUNT - DIAMONDS,JEWEL SALES ACCOUNT - DIAMONDS,DI. RA 10,DI. RA 10,true,true,true,false
66,66,JH/2526/ 240,JH2526240,JEWEL SALES ACCOUNT - DIAMONDS,JEWEL SALES ACCOUNT - DIAMONDS,DI. RA 10,DI. RA 10,true,true,true,false
67,67,JH/2526/ 286,JH2526286,JEWEL SALES ACCOUNT - DIAMONDS,JEWEL SALES ACCOUNT - DIAMONDS,DI. RA 10,DI. RA 10,true,true,true,false
68,68,JH/2526/ 286,JH2526286,JEWEL SALES ACCOUNT - DIAMONDS,JEWEL SALES ACCOUNT - DIAMONDS,DI. RA 10,DI. RA 10,true,true,true,false
69,69,JH/2526/ 286,JH2526286,JEWEL SALES ACCOUNT - DIAMONDS,JEWEL SALES ACCOUNT - DIAMONDS,DI. RA 10,DI. RA 10,true,true,true,false
70,70,JH/2526/ 377,JH2526377,JEWEL SALES ACCOUNT - DIAMONDS,JEWEL SALES ACCOUNT - DIAMONDS,DI. RA 10,DI. RA 10,true,true,true,false
71,71,JH/2526/ 403,JH2526403,JEWEL SALES ACCOUNT - DIAMONDS,JEWEL SALES ACCOUNT - DIAMONDS,DI. RA 10,DI. RA 10,true,true,true,false
72,72,JH/2526/ 403,JH2526403,JEWEL SALES ACCOUNT - DIAMONDS,JEWEL SALES ACCOUNT - DIAMONDS,DI. RA 10,DI. RA 10,true,true,true,false
73,73,JH/2526/ 472,JH2526472,JEWEL SALES ACCOUNT - DIAMONDS,JEWEL SALES ACCOUNT - DIAMONDS,DI. RA 10,DI. RA 10,true,true,true,false
74,74,JH/2526/ 525,JH2526525,JEWEL SALES ACCOUNT - DIAMONDS,JEWEL SALES ACCOUNT - DIAMONDS,DI. RA 10,DI. RA 10,true,true,true,false
75,75,JH/2526/ 529,JH2526529,JEWEL SALES ACCOUNT - DIAMONDS,JEWEL SALES ACCOUNT - DIAMONDS,DI. RA 10,DI. RA 10,true,true,true,false
76,76,JH/2526/ 541,JH2526541,JEWEL SALES ACCOUNT - DIAMONDS,JEWEL SALES ACCOUNT - DIAMONDS,DI. RA 10,DI. RA 10,true,true,true,false
77,77,JH/2526/ 581,JH2526581,JEWEL SALES ACCOUNT - DIAMONDS,JEWEL SALES ACCOUNT - DIAMONDS,DI. RA 10,DI. RA 10,true,true,true,false
78,78,JH/2526/ 582,JH2526582,JEWEL SALES ACCOUNT - DIAMONDS,JEWEL SALES ACCOUNT - DIAMONDS,DI. RA 10,DI. RA 10,true,true,true,false
79,79,JH/2526/ 583,JH2526583,JEWEL SALES ACCOUNT - DIAMONDS,JEWEL SALES ACCOUNT - DIAMONDS,DI. RA 10,DI. RA 10,true,true,true,false
80,80,JH/2526/ 588,JH2526588,JEWEL SALES ACCOUNT - DIAMONDS,JEWEL SALES ACCOUNT - DIAMONDS,DI. RA 10,DI. RA 10,true,true,true,false
81,81,JH/2526/ 589,JH2526589,JEWEL SALES ACCOUNT - DIAMONDS,JEWEL SALES ACCOUNT - DIAMONDS,DI. RA 10,DI. RA 10,true,true,true,false
82,82,JH/2526/ 631,JH2526631,JEWEL SALES ACCOUNT - DIAMONDS,JEWEL SALES ACCOUNT - DIAMONDS,DI. RA 10,DI. RA 10,true,true,true,false
83,83,JH/2526/ 712,JH2526712,JEWEL SALES ACCOUNT - DIAMONDS,JEWEL SALES ACCOUNT - DIAMONDS,DI. RA 10,DI. RA 10,true,true,true,false
84,84,JH/2526/ 777,JH2526777,JEWEL SALES ACCOUNT - DIAMONDS,JEWEL SALES ACCOUNT - DIAMONDS,DI. RA 10,DI. RA 10,true,true,true,false
85,85,JH/2526/ 791,JH2526791,JEWEL SALES ACCOUNT - DIAMONDS,JEWEL SALES ACCOUNT - DIAMONDS,DI. RA 10,DI. RA 10,true,true,true,false
86,86,JH/2526/ 801,JH2526801,JEWEL SALES ACCOUNT - DIAMONDS,JEWEL SALES ACCOUNT - DIAMONDS,DI. RA 10,DI. RA 10,true,true,true,false
87,87,JH/2526/ 813,JH2526813,JEWEL SALES ACCOUNT - DIAMONDS,JEWEL SALES ACCOUNT - DIAMONDS,DI. RA 10,DI. RA 10,true,true,true,false
88,88,JH/2526/ 813,JH2526813,JEWEL SALES ACCOUNT - DIAMONDS,JEWEL SALES ACCOUNT - DIAMONDS,DI. RA 10,DI. RA 10,true,true,true,false
89,89,JH/2526/ 813,JH2526813,JEWEL SALES ACCOUNT - DIAMONDS,JEWEL SALES ACCOUNT - DIAMONDS,DI. RA 10,DI. RA 10,true,true,true,false
90,90,JH/2526/ 813,JH2526813,JEWEL SALES ACCOUNT - DIAMONDS,JEWEL SALES ACCOUNT - DIAMONDS,DI. RA 10,DI. RA 10,true,true,true,false
91,91,JH/2526/ 813,JH2526813,JEWEL SALES ACCOUNT - DIAMONDS,JEWEL SALES ACCOUNT - DIAMONDS,DI. RA 10,DI. RA 10,true,true,true,false
92,92,JH/2526/ 827,JH2526827,JEWEL SALES ACCOUNT - DIAMONDS,JEWEL SALES ACCOUNT - DIAMONDS,DI. RA 10,DI. RA 10,true,true,true,false
93,93,JH/2526/ 845,JH2526845,JEWEL SALES ACCOUNT - DIAMONDS,JEWEL SALES ACCOUNT - DIAMONDS,DI. RA 10,DI. RA 10,true,true,true,false
94,94,JH/2526/ 861,JH2526861,JEWEL SALES ACCOUNT - DIAMONDS,JEWEL SALES ACCOUNT - DIAMONDS,DI. RA 10,DI. RA 10,true,true,true,false
95,95,JH/2526/ 868,JH2526868,JEWEL SALES ACCOUNT - DIAMONDS,JEWEL SALES ACCOUNT - DIAMONDS,DI. RA 10,DI. RA 10,true,true,true,false
96,96,JH/2526/ 868,JH2526868,JEWEL SALES ACCOUNT - DIAMONDS,JEWEL SALES ACCOUNT - DIAMONDS,DI. RA 10,DI. RA 10,true,true,true,false
97,97,JH/2526/ 886,JH2526886,JEWEL SALES ACCOUNT - DIAMONDS,JEWEL SALES ACCOUNT - DIAMONDS,DI. RA 10,DI. RA 10,true,true,true,false
98,98,JH/2526/ 900,JH2526900,JEWEL SALES ACCOUNT - DIAMONDS,JEWEL SALES ACCOUNT - DIAMONDS,DI. RA 10,DI. RA 10,true,true,true,false
99,99,JH/2526/ 906,JH2526906,JEWEL SALES ACCOUNT - DIAMONDS,JEWEL SALES ACCOUNT - DIAMONDS,DI. RA 10,DI. RA 10,true,true,true,false
100,100,JH/2526/ 908,JH2526908,JEWEL SALES ACCOUNT - DIAMONDS,JEWEL SALES ACCOUNT - DIAMONDS,DI. RA 10,DI. RA 10,true,true,true,false
101,101,JH/2526/ 917,JH2526917,JEWEL SALES ACCOUNT - DIAMONDS,JEWEL SALES ACCOUNT - DIAMONDS,DI. RA 10,DI. RA 10,true,true,true,false
102,102,JH/2526/ 917,JH2526917,JEWEL SALES ACCOUNT - DIAMONDS,JEWEL SALES ACCOUNT - DIAMONDS,DI. RA 10,DI. RA 10,true,true,true,false
103,103,JH/2526/ 931,JH2526931,JEWEL SALES ACCOUNT - DIAMONDS,JEWEL SALES ACCOUNT - DIAMONDS,DI. RA 10,DI. RA 10,true,true,true,false
104,104,JH/2526/ 949,JH2526949,JEWEL SALES ACCOUNT - DIAMONDS,JEWEL SALES ACCOUNT - DIAMONDS,DI. RA 10,DI. RA 10,true,true,true,false
105,105,JH/2526/ 958,JH2526958,JEWEL SALES ACCOUNT - DIAMONDS,JEWEL SALES ACCOUNT - DIAMONDS,DI. RA 10,DI. RA 10,true,true,true,false
106,106,JH/2526/ 964,JH2526964,JEWEL SALES ACCOUNT - DIAMONDS,JEWEL SALES ACCOUNT - DIAMONDS,DI. RA 10,DI. RA 10,true,true,true,false
107,107,JH/2526/ 999,JH2526999,JEWEL SALES ACCOUNT - DIAMONDS,JEWEL SALES ACCOUNT - DIAMONDS,DI. RA 10,DI. RA 10,true,true,true,false
108,108,JH/2526/ 1017,JH25261017,JEWEL SALES ACCOUNT - DIAMONDS,JEWEL SALES ACCOUNT - DIAMONDS,DI. RA 10,DI. RA 10,true,true,true,false
109,109,JH/2526/ 1021,JH25261021,JEWEL SALES ACCOUNT - DIAMONDS,JEWEL SALES ACCOUNT - DIAMONDS,DI. RA 10,DI. RA 10,true,true,true,false
110,110,JH/2526/ 1032,JH25261032,JEWEL SALES ACCOUNT - DIAMONDS,JEWEL SALES ACCOUNT - DIAMONDS,DI. RA 10,DI. RA 10,true,true,true,false
111,111,JH/2526/ 1044,JH25261044,JEWEL SALES ACCOUNT - DIAMONDS,JEWEL SALES ACCOUNT - DIAMONDS,DI. RA 10,DI. RA 10,true,true,true,false
112,112,JH/B/2526/ 13,JHB252613,JEWEL SALES ACCOUNT - DIAMONDS,JEWEL SALES ACCOUNT - DIAMONDS,DI. RA 10,DI. RA 10,true,true,true,false
113,113,JH/2526/ 1050,JH25261050,JEWEL SALES ACCOUNT - DIAMONDS,JEWEL SALES ACCOUNT - DIAMONDS,DI. RA 10,DI. RA 10,true,true,true,false
114,114,JH/2526/ 1076,JH25261076,JEWEL SALES ACCOUNT - DIAMONDS,JEWEL SALES ACCOUNT - DIAMONDS,DI. RA 10,DI. RA 10,true,true,true,false
115,115,JH/2526/ 1079,JH25261079,JEWEL SALES ACCOUNT - DIAMONDS,JEWEL SALES ACCOUNT - DIAMONDS,DI. RA 10,DI. RA 10,true,true,true,false
116,116,JH/2526/ 1079,JH25261079,JEWEL SALES ACCOUNT - DIAMONDS,JEWEL SALES ACCOUNT - DIAMONDS,DI. RA 10,DI. RA 10,true,true,true,false
117,117,JH/2526/ 66,JH252666,JEWEL SALES ACCOUNT - DIAMONDS,JEWEL SALES ACCOUNT - DIAMONDS,DI. RA 100,DI. RA 100,true,true,true,false
118,118,JH/2526/ 66,JH252666,JEWEL SALES ACCOUNT - DIAMONDS,JEWEL SALES ACCOUNT - DIAMONDS,DI. RA 100,DI. RA 100,true,true,true,false
119,119,JH/2526/ 66,JH252666,JEWEL SALES ACCOUNT - DIAMONDS,JEWEL SALES ACCOUNT - DIAMONDS,DI. RA 100,DI. RA 100,true,true,true,false
120,120,JH/2526/ 66,JH252666,JEWEL SALES ACCOUNT - DIAMONDS,JEWEL SALES ACCOUNT - DIAMONDS,DI. RA 100,DI. RA 100,true,true,true,false
121,121,JH/2526/ 473,JH2526473,JEWEL SALES ACCOUNT - DIAMONDS,JEWEL SALES ACCOUNT - DIAMONDS,DI. RA 100,DI. RA 100,true,true,true,false
122,122,JH/2526/ 650,JH2526650,JEWEL SALES ACCOUNT - DIAMONDS,JEWEL SALES ACCOUNT - DIAMONDS,DI. RA 100,DI. RA 100,true,true,true,false
123,123,JH/2526/ 916,JH2526916,JEWEL SALES ACCOUNT - DIAMONDS,JEWEL SALES ACCOUNT - DIAMONDS,DI. RA 100,DI. RA 100,true,true,true,false
124,124,JH/2526/ 814,JH2526814,JEWEL SALES ACCOUNT - DIAMONDS,JEWEL SALES ACCOUNT - DIAMONDS,DI. RA 110,DI. RA 110,true,true,true,false
125,125,JH/2526/ 916,JH2526916,JEWEL SALES ACCOUNT - DIAMONDS,JEWEL SALES ACCOUNT - DIAMONDS,DI. RA 110,DI. RA 110,true,true,true,false
126,126,JH/2526/ 62,JH252662,JEWEL SALES ACCOUNT - DIAMONDS,JEWEL SALES ACCOUNT - DIAMONDS,DI. RA 120,DI. RA 120,true,true,true,false
127,127,JH/2526/ 66,JH252666,JEWEL SALES ACCOUNT - DIAMONDS,JEWEL SALES ACCOUNT - DIAMONDS,DI. RA 120,DI. RA 120,true,true,true,false
128,128,JH/2526/ 916,JH2526916,JEWEL SALES ACCOUNT - DIAMONDS,JEWEL SALES ACCOUNT - DIAMONDS,DI. RA 120,DI. RA 120,true,true,true,false
129,129,JH/2526/ 937,JH2526937,JEWEL SALES ACCOUNT - DIAMONDS,JEWEL SALES ACCOUNT - DIAMONDS,DI. RA 120,DI. RA 120,true,true,true,false
130,130,JH/2526/ 963,JH2526963,JEWEL SALES ACCOUNT - DIAMONDS,JEWEL SALES ACCOUNT - DIAMONDS,DI. RA 120,DI. RA 120,true,true,true,false
131,131,JH/2526/ 274,JH2526274,JEWEL SALES ACCOUNT - DIAMONDS,JEWEL SALES ACCOUNT - DIAMONDS,DI. RA 130,DI. RA 130,true,true,true,false
132,132,JH/2526/ 423,JH2526423,JEWEL SALES ACCOUNT - DIAMONDS,JEWEL SALES ACCOUNT - DIAMONDS,DI. RA 140,DI. RA 140,true,true,true,false
133,133,JH/2526/ 1083,JH25261083,JEWEL SALES ACCOUNT - DIAMONDS,JEWEL SALES ACCOUNT - DIAMONDS,DI. RA 140,DI. RA 140,true,true,true,false
134,134,JH/2526/ 6,JH25266,JEWEL SALES ACCOUNT - DIAMONDS,JEWEL SALES ACCOUNT - DIAMONDS,DI. RA 15,DI. RA 15,true,true,true,false
135,135,JH/2526/ 13,JH252613,JEWEL SALES ACCOUNT - DIAMONDS,JEWEL SALES ACCOUNT - DIAMONDS,DI. RA 15,DI. RA 15,true,true,true,false
136,136,JH/2526/ 38,JH252638,JEWEL SALES ACCOUNT - DIAMONDS,JEWEL SALES ACCOUNT - DIAMONDS,DI. RA 15,DI. RA 15,true,true,true,false
137,137,JH/2526/ 43,JH252643,JEWEL SALES ACCOUNT - DIAMONDS,JEWEL SALES ACCOUNT - DIAMONDS,DI. RA 15,DI. RA 15,true,true,true,false
138,138,JH/2526/ 59,JH252659,JEWEL SALES ACCOUNT - DIAMONDS,JEWEL SALES ACCOUNT - DIAMONDS,DI. RA 15,DI. RA 15,true,true,true,false
139,139,JH/2526/ 61,JH252661,JEWEL SALES ACCOUNT - DIAMONDS,JEWEL SALES ACCOUNT - DIAMONDS,DI. RA 15,DI. RA 15,true,true,true,false
140,140,JH/2526/ 74,JH252674,JEWEL SALES ACCOUNT - DIAMONDS,JEWEL SALES ACCOUNT - DIAMONDS,DI. RA 15,DI. RA 15,true,true,true,false
141,141,JH/2526/ 78,JH252678,JEWEL SALES ACCOUNT - DIAMONDS,JEWEL SALES ACCOUNT - DIAMONDS,DI. RA 15,DI. RA 15,true,true,true,false
142,142,JH/2526/ 80,JH252680,JEWEL SALES ACCOUNT - DIAMONDS,JEWEL SALES ACCOUNT - DIAMONDS,DI. RA 15,DI. RA 15,true,true,true,false
143,143,JH/2526/ 86,JH252686,JEWEL SALES ACCOUNT - DIAMONDS,JEWEL SALES ACCOUNT - DIAMONDS,DI. RA 15,DI. RA 15,true,true,true,false
144,144,JH/2526/ 105,JH2526105,JEWEL SALES ACCOUNT - DIAMONDS,JEWEL SALES ACCOUNT - DIAMONDS,DI. RA 15,DI. RA 15,true,true,true,false
145,145,JH/2526/ 105,JH2526105,JEWEL SALES ACCOUNT - DIAMONDS,JEWEL SALES ACCOUNT - DIAMONDS,DI. RA 15,DI. RA 15,true,true,true,false
146,146,JH/2526/ 118,JH2526118,JEWEL SALES ACCOUNT - DIAMONDS,JEWEL SALES ACCOUNT - DIAMONDS,DI. RA 15,DI. RA 15,true,true,true,false
147,147,JH/2526/ 127,JH2526127,JEWEL SALES ACCOUNT - DIAMONDS,JEWEL SALES ACCOUNT - DIAMONDS,DI. RA 15,DI. RA 15,true,true,true,false
148,148,JH/2526/ 135,JH2526135,JEWEL SALES ACCOUNT - DIAMONDS,JEWEL SALES ACCOUNT - DIAMONDS,DI. RA 15,DI. RA 15,true,true,true,false
149,149,JH/2526/ 137,JH2526137,JEWEL SALES ACCOUNT - DIAMONDS,JEWEL SALES ACCOUNT - DIAMONDS,DI. RA 15,DI. RA 15,true,true,true,false
150,150,JH/2526/ 148,JH2526148,JEWEL SALES ACCOUNT - DIAMONDS,JEWEL SALES ACCOUNT - DIAMONDS,DI. RA 15,DI. RA 15,true,true,true,false
151,151,JH/2526/ 159,JH2526159,JEWEL SALES ACCOUNT - DIAMONDS,JEWEL SALES ACCOUNT - DIAMONDS,DI. RA 15,DI. RA 15,true,true,true,false
152,152,JH/2526/ 173,JH2526173,JEWEL SALES ACCOUNT - DIAMONDS,JEWEL SALES ACCOUNT - DIAMONDS,DI. RA 15,DI. RA 15,true,true,true,false
153,153,JH/2526/ 184,JH2526184,JEWEL SALES ACCOUNT - DIAMONDS,JEWEL SALES ACCOUNT - DIAMONDS,DI. RA 15,DI. RA 15,true,true,true,false
154,154,JH/2526/ 192,JH2526192,JEWEL SALES ACCOUNT - DIAMONDS,JEWEL SALES ACCOUNT - DIAMONDS,DI. RA 15,DI. RA 15,true,true,true,false
155,155,JH/2526/ 216,JH2526216,JEWEL SALES ACCOUNT - DIAMONDS,JEWEL SALES ACCOUNT - DIAMONDS,DI. RA 15,DI. RA 15,true,true,true,false
156,156,JH/2526/ 227,JH2526227,JEWEL SALES ACCOUNT - DIAMONDS,JEWEL SALES ACCOUNT - DIAMONDS,DI. RA 15,DI. RA 15,true,true,true,false
157,157,JH/2526/ 255,JH2526255,JEWEL SALES ACCOUNT - DIAMONDS,JEWEL SALES ACCOUNT - DIAMONDS,DI. RA 15,DI. RA 15,true,true,true,false
158,158,JH/2526/ 267,JH2526267,JEWEL SALES ACCOUNT - DIAMONDS,JEWEL SALES ACCOUNT - DIAMONDS,DI. RA 15,DI. RA 15,true,true,true,false
159,159,JH/2526/ 272,JH2526272,JEWEL SALES ACCOUNT - DIAMONDS,JEWEL SALES ACCOUNT - DIAMONDS,DI. RA 15,DI. RA 15,true,true,true,false
160,160,JH/2526/ 272,JH2526272,JEWEL SALES ACCOUNT - DIAMONDS,JEWEL SALES ACCOUNT - DIAMONDS,DI. RA 15,DI. RA 15,true,true,true,false
161,161,JH/2526/ 304,JH2526304,JEWEL SALES ACCOUNT - DIAMONDS,JEWEL SALES ACCOUNT - DIAMONDS,DI. RA 15,DI. RA 15,true,true,true,false
162,162,JH/2526/ 304,JH2526304,JEWEL SALES ACCOUNT - DIAMONDS,JEWEL SALES ACCOUNT - DIAMONDS,DI. RA 15,DI. RA 15,true,true,true,false
163,163,JH/2526/ 311,JH2526311,JEWEL SALES ACCOUNT - DIAMONDS,JEWEL SALES ACCOUNT - DIAMONDS,DI. RA 15,DI. RA 15,true,true,true,false
164,164,JH/2526/ 320,JH2526320,JEWEL SALES ACCOUNT - DIAMONDS,JEWEL SALES ACCOUNT - DIAMONDS,DI. RA 15,DI. RA 15,true,true,true,false
165,165,JH/2526/ 326,JH2526326,JEWEL SALES ACCOUNT - DIAMONDS,JEWEL SALES ACCOUNT - DIAMONDS,DI. RA 15,DI. RA 15,true,true,true,false
166,166,JH/2526/ 327,JH2526327,JEWEL SALES ACCOUNT - DIAMONDS,JEWEL SALES ACCOUNT - DIAMONDS,DI. RA 15,DI. RA 15,true,true,true,false
167,167,JH/2526/ 330,JH2526330,JEWEL SALES ACCOUNT - DIAMONDS,JEWEL SALES ACCOUNT - DIAMONDS,DI. RA 15,DI. RA 15,true,true,true,false
168,168,JH/2526/ 388,JH2526388,JEWEL SALES ACCOUNT - DIAMONDS,JEWEL SALES ACCOUNT - DIAMONDS,DI. RA 15,DI. RA 15,true,true,true,false
169,169,JH/2526/ 431,JH2526431,JEWEL SALES ACCOUNT - DIAMONDS,JEWEL SALES ACCOUNT - DIAMONDS,DI. RA 15,DI. RA 15,true,true,true,false
170,170,JH/2526/ 440,JH2526440,JEWEL SALES ACCOUNT - DIAMONDS,JEWEL SALES ACCOUNT - DIAMONDS,DI. RA 15,DI. RA 15,true,true,true,false
171,171,JH/2526/ 455,JH2526455,JEWEL SALES ACCOUNT - DIAMONDS,JEWEL SALES ACCOUNT - DIAMONDS,DI. RA 15,DI. RA 15,true,true,true,false
172,172,JH/2526/ 458,JH2526458,JEWEL SALES ACCOUNT - DIAMONDS,JEWEL SALES ACCOUNT - DIAMONDS,DI. RA 15,DI. RA 15,true,true,true,false
173,173,JH/2526/ 460,JH2526460,JEWEL SALES ACCOUNT - DIAMONDS,JEWEL SALES ACCOUNT - DIAMONDS,DI. RA 15,DI. RA 15,true,true,true,false
174,174,JH/2526/ 466,JH2526466,JEWEL SALES ACCOUNT - DIAMONDS,JEWEL SALES ACCOUNT - DIAMONDS,DI. RA 15,DI. RA 15,true,true,true,false
175,175,JH/2526/ 476,JH2526476,JEWEL SALES ACCOUNT - DIAMONDS,JEWEL SALES ACCOUNT - DIAMONDS,DI. RA 15,DI. RA 15,true,true,true,false
176,176,JH/2526/ 481,JH2526481,JEWEL SALES ACCOUNT - DIAMONDS,JEWEL SALES ACCOUNT - DIAMONDS,DI. RA 15,DI. RA 15,true,true,true,false
177,177,JH/2526/ 481,JH2526481,JEWEL SALES ACCOUNT - DIAMONDS,JEWEL SALES ACCOUNT - DIAMONDS,DI. RA 15,DI. RA 15,true,true,true,false
178,178,JH/2526/ 490,JH2526490,JEWEL SALES ACCOUNT - DIAMONDS,JEWEL SALES ACCOUNT - DIAMONDS,DI. RA 15,DI. RA 15,true,true,true,false
179,179,JH/2526/ 503,JH2526503,JEWEL SALES ACCOUNT - DIAMONDS,JEWEL SALES ACCOUNT - DIAMONDS,DI. RA 15,DI. RA 15,true,true,true,false
180,180,JH/2526/ 504,JH2526504,JEWEL SALES ACCOUNT - DIAMONDS,JEWEL SALES ACCOUNT - DIAMONDS,DI. RA 15,DI. RA 15,true,true,true,false
181,181,JH/2526/ 510,JH2526510,JEWEL SALES ACCOUNT - DIAMONDS,JEWEL SALES ACCOUNT - DIAMONDS,DI. RA 15,DI. RA 15,true,true,true,false
182,182,JH/2526/ 519,JH2526519,JEWEL SALES ACCOUNT - DIAMONDS,JEWEL SALES ACCOUNT - DIAMONDS,DI. RA 15,DI. RA 15,true,true,true,false
183,183,JH/2526/ 540,JH2526540,JEWEL SALES ACCOUNT - DIAMONDS,JEWEL SALES ACCOUNT - DIAMONDS,DI. RA 15,DI. RA 15,true,true,true,false
184,184,JH/2526/ 551,JH2526551,JEWEL SALES ACCOUNT - DIAMONDS,JEWEL SALES ACCOUNT - DIAMONDS,DI. RA 15,DI. RA 15,true,true,true,false
185,185,JH/2526/ 554,JH2526554,JEWEL SALES ACCOUNT - DIAMONDS,JEWEL SALES ACCOUNT - DIAMONDS,DI. RA 15,DI. RA 15,true,true,true,false
186,186,JH/2526/ 570,JH2526570,JEWEL SALES ACCOUNT - DIAMONDS,JEWEL SALES ACCOUNT - DIAMONDS,DI. RA 15,DI. RA 15,true,true,true,false
187,187,JH/2526/ 575,JH2526575,JEWEL SALES ACCOUNT - DIAMONDS,JEWEL SALES ACCOUNT - DIAMONDS,DI. RA 15,DI. RA 15,true,true,true,false
188,188,JH/2526/ 575,JH2526575,JEWEL SALES ACCOUNT - DIAMONDS,JEWEL SALES ACCOUNT - DIAMONDS,DI. RA 15,DI. RA 15,true,true,true,false
189,189,JH/2526/ 575,JH2526575,JEWEL SALES ACCOUNT - DIAMONDS,JEWEL SALES ACCOUNT - DIAMONDS,DI. RA 15,DI. RA 15,true,true,true,false
190,190,JH/2526/ 575,JH2526575,JEWEL SALES ACCOUNT - DIAMONDS,JEWEL SALES ACCOUNT - DIAMONDS,DI. RA 15,DI. RA 15,true,true,true,false
191,191,JH/2526/ 576,JH2526576,JEWEL SALES ACCOUNT - DIAMONDS,JEWEL SALES ACCOUNT - DIAMONDS,DI. RA 15,DI. RA 15,true,true,true,false
192,192,JH/2526/ 578,JH2526578,JEWEL SALES ACCOUNT - DIAMONDS,JEWEL SALES ACCOUNT - DIAMONDS,DI. RA 15,DI. RA 15,true,true,true,false
193,193,JH/2526/ 584,JH2526584,JEWEL SALES ACCOUNT - DIAMONDS,JEWEL SALES ACCOUNT - DIAMONDS,DI. RA 15,DI. RA 15,true,true,true,false
194,194,JH/2526/ 605,JH2526605,JEWEL SALES ACCOUNT - DIAMONDS,JEWEL SALES ACCOUNT - DIAMONDS,DI. RA 15,DI. RA 15,true,true,true,false
195,195,JH/2526/ 614,JH2526614,JEWEL SALES ACCOUNT - DIAMONDS,JEWEL SALES ACCOUNT - DIAMONDS,DI. RA 15,DI. RA 15,true,true,true,false
196,196,JH/2526/ 626,JH2526626,JEWEL SALES ACCOUNT - DIAMONDS,JEWEL SALES ACCOUNT - DIAMONDS,DI. RA 15,DI. RA 15,true,true,true,false
197,197,JH/2526/ 639,JH2526639,JEWEL SALES ACCOUNT - DIAMONDS,JEWEL SALES ACCOUNT - DIAMONDS,DI. RA 15,DI. RA 15,true,true,true,false
198,198,JH/2526/ 653,JH2526653,JEWEL SALES ACCOUNT - DIAMONDS,JEWEL SALES ACCOUNT - DIAMONDS,DI. RA 15,DI. RA 15,true,true,true,false
199,199,JH/2526/ 654,JH2526654,JEWEL SALES ACCOUNT - DIAMONDS,JEWEL SALES ACCOUNT - DIAMONDS,DI. RA 15,DI. RA 15,true,true,true,false
200,200,JH/2526/ 669,JH2526669,JEWEL SALES ACCOUNT - DIAMONDS,JEWEL SALES ACCOUNT - DIAMONDS,DI. RA 15,DI. RA 15,true,true,true,false
201,201,JH/2526/ 680,JH2526680,JEWEL SALES ACCOUNT - DIAMONDS,JEWEL SALES ACCOUNT - DIAMONDS,DI. RA 15,DI. RA 15,true,true,true,false
202,202,JH/2526/ 695,JH2526695,JEWEL SALES ACCOUNT - DIAMONDS,JEWEL SALES ACCOUNT - DIAMONDS,DI. RA 15,DI. RA 15,true,true,true,false
203,203,JH/2526/ 701,JH2526701,JEWEL SALES ACCOUNT - DIAMONDS,JEWEL SALES ACCOUNT - DIAMONDS,DI. RA 15,DI. RA 15,true,true,true,false
204,204,JH/2526/ 707,JH2526707,JEWEL SALES ACCOUNT - DIAMONDS,JEWEL SALES ACCOUNT - DIAMONDS,DI. RA 15,DI. RA 15,true,true,true,false
205,205,JH/2526/ 726,JH2526726,JEWEL SALES ACCOUNT - DIAMONDS,JEWEL SALES ACCOUNT - DIAMONDS,DI. RA 15,DI. RA 15,true,true,true,false
206,206,JH/2526/ 733,JH2526733,JEWEL SALES ACCOUNT - DIAMONDS,JEWEL SALES ACCOUNT - DIAMONDS,DI. RA 15,DI. RA 15,true,true,true,false
207,207,JH/2526/ 738,JH2526738,JEWEL SALES ACCOUNT - DIAMONDS,JEWEL SALES ACCOUNT - DIAMONDS,DI. RA 15,DI. RA 15,true,true,true,false
208,208,JH/2526/ 749,JH2526749,JEWEL SALES ACCOUNT - DIAMONDS,JEWEL SALES ACCOUNT - DIAMONDS,DI. RA 15,DI. RA 15,true,true,true,false
209,209,JH/2526/ 750,JH2526750,JEWEL SALES ACCOUNT - DIAMONDS,JEWEL SALES ACCOUNT - DIAMONDS,DI. RA 15,DI. RA 15,true,true,true,false
210,210,JH/2526/ 757,JH2526757,JEWEL SALES ACCOUNT - DIAMONDS,JEWEL SALES ACCOUNT - DIAMONDS,DI. RA 15,DI. RA 15,true,true,true,false
211,211,JH/B/2526/ 4,JHB25264,JEWEL SALES ACCOUNT - DIAMONDS,JEWEL SALES ACCOUNT - DIAMONDS,DI. RA 15,DI. RA 15,true,true,true,false
212,212,JH/2526/ 782,JH2526782,JEWEL SALES ACCOUNT - DIAMONDS,JEWEL SALES ACCOUNT - DIAMONDS,DI. RA 15,DI. RA 15,true,true,true,false
213,213,JH/2526/ 784,JH2526784,JEWEL SALES ACCOUNT - DIAMONDS,JEWEL SALES ACCOUNT - DIAMONDS,DI. RA 15,DI. RA 15,true,true,true,false
214,214,JH/2526/ 785,JH2526785,JEWEL SALES ACCOUNT - DIAMONDS,JEWEL SALES ACCOUNT - DIAMONDS,DI. RA 15,DI. RA 15,true,true,true,false
215,215,JH/2526/ 788,JH2526788,JEWEL SALES ACCOUNT - DIAMONDS,JEWEL SALES ACCOUNT - DIAMONDS,DI. RA 15,DI. RA 15,true,true,true,false
216,216,JH/2526/ 822,JH2526822,JEWEL SALES ACCOUNT - DIAMONDS,JEWEL SALES ACCOUNT - DIAMONDS,DI. RA 15,DI. RA 15,true,true,true,false
217,217,JH/2526/ 838,JH2526838,JEWEL SALES ACCOUNT - DIAMONDS,JEWEL SALES ACCOUNT - DIAMONDS,DI. RA 15,DI. RA 15,true,true,true,false
218,218,JH/2526/ 839,JH2526839,JEWEL SALES ACCOUNT - DIAMONDS,JEWEL SALES ACCOUNT - DIAMONDS,DI. RA 15,DI. RA 15,true,true,true,false
219,219,JH/2526/ 873,JH2526873,JEWEL SALES ACCOUNT - DIAMONDS,JEWEL SALES ACCOUNT - DIAMONDS,DI. RA 15,DI. RA 15,true,true,true,false
220,220,JH/2526/ 883,JH2526883,JEWEL SALES ACCOUNT - DIAMONDS,JEWEL SALES ACCOUNT - DIAMONDS,DI. RA 15,DI. RA 15,true,true,true,false
221,221,JH/2526/ 892,JH2526892,JEWEL SALES ACCOUNT - DIAMONDS,JEWEL SALES ACCOUNT - DIAMONDS,DI. RA 15,DI. RA 15,true,true,true,false
222,222,JH/2526/ 899,JH2526899,JEWEL SALES ACCOUNT - DIAMONDS,JEWEL SALES ACCOUNT - DIAMONDS,DI. RA 15,DI. RA 15,true,true,true,false
223,223,JH/2526/ 913,JH2526913,JEWEL SALES ACCOUNT - DIAMONDS,JEWEL SALES ACCOUNT - DIAMONDS,DI. RA 15,DI. RA 15,true,true,true,false
224,224,JH/2526/ 915,JH2526915,JEWEL SALES ACCOUNT - DIAMONDS,JEWEL SALES ACCOUNT - DIAMONDS,DI. RA 15,DI. RA 15,true,true,true,false
225,225,JH/2526/ 922,JH2526922,JEWEL SALES ACCOUNT - DIAMONDS,JEWEL SALES ACCOUNT - DIAMONDS,DI. RA 15,DI. RA 15,true,true,true,false
226,226,JH/2526/ 960,JH2526960,JEWEL SALES ACCOUNT - DIAMONDS,JEWEL SALES ACCOUNT - DIAMONDS,DI. RA 15,DI. RA 15,true,true,true,false
227,227,JH/2526/ 1008,JH25261008,JEWEL SALES ACCOUNT - DIAMONDS,JEWEL SALES ACCOUNT - DIAMONDS,DI. RA 15,DI. RA 15,true,true,true,false
228,228,JH/2526/ 1014,JH25261014,JEWEL SALES ACCOUNT - DIAMONDS,JEWEL SALES ACCOUNT - DIAMONDS,DI. RA 15,DI. RA 15,true,true,true,false
229,229,JH/2526/ 1019,JH25261019,JEWEL SALES ACCOUNT - DIAMONDS,JEWEL SALES ACCOUNT - DIAMONDS,DI. RA 15,DI. RA 15,true,true,true,false
230,230,JH/2526/ 1027,JH25261027,JEWEL SALES ACCOUNT - DIAMONDS,JEWEL SALES ACCOUNT - DIAMONDS,DI. RA 15,DI. RA 15,true,true,true,false
231,231,JH/2526/ 1027,JH25261027,JEWEL SALES ACCOUNT - DIAMONDS,JEWEL SALES ACCOUNT - DIAMONDS,DI. RA 15,DI. RA 15,true,true,true,false
232,232,JH/2526/ 1034,JH25261034,JEWEL SALES ACCOUNT - DIAMONDS,JEWEL SALES ACCOUNT - DIAMONDS,DI. RA 15,DI. RA 15,true,true,true,false
233,233,JH/2526/ 1056,JH25261056,JEWEL SALES ACCOUNT - DIAMONDS,JEWEL SALES ACCOUNT - DIAMONDS,DI. RA 15,DI. RA 15,true,true,true,false
234,234,JH/2526/ 1072,JH25261072,JEWEL SALES ACCOUNT - DIAMONDS,JEWEL SALES ACCOUNT - DIAMONDS,DI. RA 15,DI. RA 15,true,true,true,false
235,235,JH/2526/ 994,JH2526994,JEWEL SALES ACCOUNT - DIAMONDS,JEWEL SALES ACCOUNT - DIAMONDS,DI. RA 150,DI. RA 150,true,true,true,false
236,236,JH/2526/ 145,JH2526145,JEWEL SALES ACCOUNT - DIAMONDS,JEWEL SALES ACCOUNT - DIAMONDS,DI. RA 170,DI. RA 170,true,true,true,false
237,237,JH/2526/ 203,JH2526203,JEWEL SALES ACCOUNT - DIAMONDS,JEWEL SALES ACCOUNT - DIAMONDS,DI. RA 180,DI. RA 180,true,true,true,false
238,238,JH/2526/ 768,JH2526768,JEWEL SALES ACCOUNT - DIAMONDS,JEWEL SALES ACCOUNT - DIAMONDS,DI. RA 180,DI. RA 180,true,true,true,false
239,239,JH/2526/ 768,JH2526768,JEWEL SALES ACCOUNT - DIAMONDS,JEWEL SALES ACCOUNT - DIAMONDS,DI. RA 180,DI. RA 180,true,true,true,false
240,240,JH/2526/ 811,JH2526811,JEWEL SALES ACCOUNT - DIAMONDS,JEWEL SALES ACCOUNT - DIAMONDS,DI. RA 190,DI. RA 190,true,true,true,false
241,241,JH/25-26 2,JH25262,JEWEL SALES ACCOUNT - DIAMONDS,JEWEL SALES ACCOUNT - DIAMONDS,DI. RA 20,DI. RA 20,true,true,true,false
242,242,JH/2526/ 1,JH25261,JEWEL SALES ACCOUNT - DIAMONDS,JEWEL SALES ACCOUNT - DIAMONDS,DI. RA 20,DI. RA 20,true,true,true,false
243,243,JH/2526/ 8,JH25268,JEWEL SALES ACCOUNT - DIAMONDS,JEWEL SALES ACCOUNT - DIAMONDS,DI. RA 20,DI. RA 20,true,true,true,false
244,244,JH/2526/ 8,JH25268,JEWEL SALES ACCOUNT - DIAMONDS,JEWEL SALES ACCOUNT - DIAMONDS,DI. RA 20,DI. RA 20,true,true,true,false
245,245,JH/2526/ 8,JH25268,JEWEL SALES ACCOUNT - DIAMONDS,JEWEL SALES ACCOUNT - DIAMONDS,DI. RA 20,DI. RA 20,true,true,true,false
246,246,JH/2526/ 8,JH25268,JEWEL SALES ACCOUNT - DIAMONDS,JEWEL SALES ACCOUNT - DIAMONDS,DI. RA 20,DI. RA 20,true,true,true,false
247,247,JH/2526/ 8,JH25268,JEWEL SALES ACCOUNT - DIAMONDS,JEWEL SALES ACCOUNT - DIAMONDS,DI. RA 20,DI. RA 20,true,true,true,false
248,248,JH/2526/ 12,JH252612,JEWEL SALES ACCOUNT - DIAMONDS,JEWEL SALES ACCOUNT - DIAMONDS,DI. RA 20,DI. RA 20,true,true,true,false
249,249,JH/2526/ 13,JH252613,JEWEL SALES ACCOUNT - DIAMONDS,JEWEL SALES ACCOUNT - DIAMONDS,DI. RA 20,DI. RA 20,true,true,true,false
250,250,JH/2526/ 19,JH252619,JEWEL SALES ACCOUNT - DIAMONDS,JEWEL SALES ACCOUNT - DIAMONDS,DI. RA 20,DI. RA 20,true,true,true,false
251,251,JH/2526/ 19,JH252619,JEWEL SALES ACCOUNT - DIAMONDS,JEWEL SALES ACCOUNT - DIAMONDS,DI. RA 20,DI. RA 20,true,true,true,false
252,252,JH/2526/ 19,JH252619,JEWEL SALES ACCOUNT - DIAMONDS,JEWEL SALES ACCOUNT - DIAMONDS,DI. RA 20,DI. RA 20,true,true,true,false
253,253,JH/2526/ 19,JH252619,JEWEL SALES ACCOUNT - DIAMONDS,JEWEL SALES ACCOUNT - DIAMONDS,DI. RA 20,DI. RA 20,true,true,true,false
254,254,JH/2526/ 27,JH252627,JEWEL SALES ACCOUNT - DIAMONDS,JEWEL SALES ACCOUNT - DIAMONDS,DI. RA 20,DI. RA 20,true,true,true,false
255,255,JH/2526/ 34,JH252634,JEWEL SALES ACCOUNT - DIAMONDS,JEWEL SALES ACCOUNT - DIAMONDS,DI. RA 20,DI. RA 20,true,true,true,false
256,256,JH/2526/ 34,JH252634,JEWEL SALES ACCOUNT - DIAMONDS,JEWEL SALES ACCOUNT - DIAMONDS,DI. RA 20,DI. RA 20,true,true,true,false
257,257,JH/2526/ 36,JH252636,JEWEL SALES ACCOUNT - DIAMONDS,JEWEL SALES ACCOUNT - DIAMONDS,DI. RA 20,DI. RA 20,true,true,true,false
258,258,JH/2526/ 44,JH252644,JEWEL SALES ACCOUNT - DIAMONDS,JEWEL SALES ACCOUNT - DIAMONDS,DI. RA 20,DI. RA 20,true,true,true,false
259,259,JH/2526/ 50,JH252650,JEWEL SALES ACCOUNT - DIAMONDS,JEWEL SALES ACCOUNT - DIAMONDS,DI. RA 20,DI. RA 20,true,true,true,false
260,260,JH/2526/ 52,JH252652,JEWEL SALES ACCOUNT - DIAMONDS,JEWEL SALES ACCOUNT - DIAMONDS,DI. RA 20,DI. RA 20,true,true,true,false
261,261,JH/2526/ 65,JH252665,JEWEL SALES ACCOUNT - DIAMONDS,JEWEL SALES ACCOUNT - DIAMONDS,DI. RA 20,DI. RA 20,true,true,true,false
262,262,JH/2526/ 70,JH252670,JEWEL SALES ACCOUNT - DIAMONDS,JEWEL SALES ACCOUNT - DIAMONDS,DI. RA 20,DI. RA 20,true,true,true,false
263,263,JH/2526/ 72,JH252672,JEWEL SALES ACCOUNT - DIAMONDS,JEWEL SALES ACCOUNT - DIAMONDS,DI. RA 20,DI. RA 20,true,true,true,false
264,264,JH/2526/ 73,JH252673,JEWEL SALES ACCOUNT - DIAMONDS,JEWEL SALES ACCOUNT - DIAMONDS,DI. RA 20,DI. RA 20,true,true,true,false
265,265,JH/2526/ 91,JH252691,JEWEL SALES ACCOUNT - DIAMONDS,JEWEL SALES ACCOUNT - DIAMONDS,DI. RA 20,DI. RA 20,true,true,true,false
266,266,JH/2526/ 92,JH252692,JEWEL SALES ACCOUNT - DIAMONDS,JEWEL SALES ACCOUNT - DIAMONDS,DI. RA 20,DI. RA 20,true,true,true,false
267,267,JH/2526/ 99,JH252699,JEWEL SALES ACCOUNT - DIAMONDS,JEWEL SALES ACCOUNT - DIAMONDS,DI. RA 20,DI. RA 20,true,true,true,false
268,268,JH/2526/ 101,JH2526101,JEWEL SALES ACCOUNT - DIAMONDS,JEWEL SALES ACCOUNT - DIAMONDS,DI. RA 20,DI. RA 20,true,true,true,false
269,269,JH/2526/ 102,JH2526102,JEWEL SALES ACCOUNT - DIAMONDS,JEWEL SALES ACCOUNT - DIAMONDS,DI. RA 20,DI. RA 20,true,true,true,false
270,270,JH/2526/ 104,JH2526104,JEWEL SALES ACCOUNT - DIAMONDS,JEWEL SALES ACCOUNT - DIAMONDS,DI. RA 20,DI. RA 20,true,true,true,false
271,271,JH/2526/ 112,JH2526112,JEWEL SALES ACCOUNT - DIAMONDS,JEWEL SALES ACCOUNT - DIAMONDS,DI. RA 20,DI. RA 20,true,true,true,false
272,272,JH/2526/ 114,JH2526114,JEWEL SALES ACCOUNT - DIAMONDS,JEWEL SALES ACCOUNT - DIAMONDS,DI. RA 20,DI. RA 20,true,true,true,false
273,273,JH/2526/ 121,JH2526121,JEWEL SALES ACCOUNT - DIAMONDS,JEWEL SALES ACCOUNT - DIAMONDS,DI. RA 20,DI. RA 20,true,true,true,false
274,274,JH/2526/ 121,JH2526121,JEWEL SALES ACCOUNT - DIAMONDS,JEWEL SALES ACCOUNT - DIAMONDS,DI. RA 20,DI. RA 20,true,true,true,false
275,275,JH/2526/ 126,JH2526126,JEWEL SALES ACCOUNT - DIAMONDS,JEWEL SALES ACCOUNT - DIAMONDS,DI. RA 20,DI. RA 20,true,true,true,false
276,276,JH/2526/ 134,JH2526134,JEWEL SALES ACCOUNT - DIAMONDS,JEWEL SALES ACCOUNT - DIAMONDS,DI. RA 20,DI. RA 20,true,true,true,false
277,277,JH/2526/ 138,JH2526138,JEWEL SALES ACCOUNT - DIAMONDS,JEWEL SALES ACCOUNT - DIAMONDS,DI. RA 20,DI. RA 20,true,true,true,false
278,278,JH/2526/ 139,JH2526139,JEWEL SALES ACCOUNT - DIAMONDS,JEWEL SALES ACCOUNT - DIAMONDS,DI. RA 20,DI. RA 20,true,true,true,false
279,279,JH/2526/ 141,JH2526141,JEWEL SALES ACCOUNT - DIAMONDS,JEWEL SALES ACCOUNT - DIAMONDS,DI. RA 20,DI. RA 20,true,true,true,false
280,280,JH/2526/ 144,JH2526144,JEWEL SALES ACCOUNT - DIAMONDS,JEWEL SALES ACCOUNT - DIAMONDS,DI. RA 20,DI. RA 20,true,true,true,false
281,281,JH/2526/ 144,JH2526144,JEWEL SALES ACCOUNT - DIAMONDS,JEWEL SALES ACCOUNT - DIAMONDS,DI. RA 20,DI. RA 20,true,true,true,false
282,282,JH/2526/ 144,JH2526144,JEWEL SALES ACCOUNT - DIAMONDS,JEWEL SALES ACCOUNT - DIAMONDS,DI. RA 20,DI. RA 20,true,true,true,false
283,283,JH/2526/ 150,JH2526150,JEWEL SALES ACCOUNT - DIAMONDS,JEWEL SALES ACCOUNT - DIAMONDS,DI. RA 20,DI. RA 20,true,true,true,false
284,284,JH/2526/ 150,JH2526150,JEWEL SALES ACCOUNT - DIAMONDS,JEWEL SALES ACCOUNT - DIAMONDS,DI. RA 20,DI. RA 20,true,true,true,false
285,285,JH/2526/ 150,JH2526150,JEWEL SALES ACCOUNT - DIAMONDS,JEWEL SALES ACCOUNT - DIAMONDS,DI. RA 20,DI. RA 20,true,true,true,false
286,286,JH/2526/ 153,JH2526153,JEWEL SALES ACCOUNT - DIAMONDS,JEWEL SALES ACCOUNT - DIAMONDS,DI. RA 20,DI. RA 20,true,true,true,false
287,287,JH/2526/ 155,JH2526155,JEWEL SALES ACCOUNT - DIAMONDS,JEWEL SALES ACCOUNT - DIAMONDS,DI. RA 20,DI. RA 20,true,true,true,false
288,288,JH/2526/ 164,JH2526164,JEWEL SALES ACCOUNT - DIAMONDS,JEWEL SALES ACCOUNT - DIAMONDS,DI. RA 20,DI. RA 20,true,true,true,false
289,289,JH/2526/ 170,JH2526170,JEWEL SALES ACCOUNT - DIAMONDS,JEWEL SALES ACCOUNT - DIAMONDS,DI. RA 20,DI. RA 20,true,true,true,false
290,290,JH/2526/ 192,JH2526192,JEWEL SALES ACCOUNT - DIAMONDS,JEWEL SALES ACCOUNT - DIAMONDS,DI. RA 20,DI. RA 20,true,true,true,false
291,291,JH/2526/ 194,JH2526194,JEWEL SALES ACCOUNT - DIAMONDS,JEWEL SALES ACCOUNT - DIAMONDS,DI. RA 20,DI. RA 20,true,true,true,false
292,292,JH/2526/ 194,JH2526194,JEWEL SALES ACCOUNT - DIAMONDS,JEWEL SALES ACCOUNT - DIAMONDS,DI. RA 20,DI. RA 20,true,true,true,false
293,293,JH/2526/ 194,JH2526194,JEWEL SALES ACCOUNT - DIAMONDS,JEWEL SALES ACCOUNT - DIAMONDS,DI. RA 20,DI. RA 20,true,true,true,false
294,294,JH/2526/ 194,JH2526194,JEWEL SALES ACCOUNT - DIAMONDS,JEWEL SALES ACCOUNT - DIAMONDS,DI. RA 20,DI. RA 20,true,true,true,false
295,295,JH/2526/ 201,JH2526201,JEWEL SALES ACCOUNT - DIAMONDS,JEWEL SALES ACCOUNT - DIAMONDS,DI. RA 20,DI. RA 20,true,true,true,false
296,296,JH/2526/ 206,JH2526206,JEWEL SALES ACCOUNT - DIAMONDS,JEWEL SALES ACCOUNT - DIAMONDS,DI. RA 20,DI. RA 20,true,true,true,false
297,297,JH/2526/ 207,JH2526207,JEWEL SALES ACCOUNT - DIAMONDS,JEWEL SALES ACCOUNT - DIAMONDS,DI. RA 20,DI. RA 20,true,true,true,false
298,298,JH/2526/ 221,JH2526221,JEWEL SALES ACCOUNT - DIAMONDS,JEWEL SALES ACCOUNT - DIAMONDS,DI. RA 20,DI. RA 20,true,true,true,false
299,299,JH/2526/ 226,JH2526226,JEWEL SALES ACCOUNT - DIAMONDS,JEWEL SALES ACCOUNT - DIAMONDS,DI. RA 20,DI. RA 20,true,true,true,false
300,300,JH/2526/ 239,JH2526239,JEWEL SALES ACCOUNT - DIAMONDS,JEWEL SALES ACCOUNT - DIAMONDS,DI. RA 20,DI. RA 20,true,true,true,false
301,301,JH/2526/ 254,JH2526254,JEWEL SALES ACCOUNT - DIAMONDS,JEWEL SALES ACCOUNT - DIAMONDS,DI. RA 20,DI. RA 20,true,true,true,false
302,302,JH/2526/ 257,JH2526257,JEWEL SALES ACCOUNT - DIAMONDS,JEWEL SALES ACCOUNT - DIAMONDS,DI. RA 20,DI. RA 20,true,true,true,false
303,303,JH/2526/ 260,JH2526260,JEWEL SALES ACCOUNT - DIAMONDS,JEWEL SALES ACCOUNT - DIAMONDS,DI. RA 20,DI. RA 20,true,true,true,false
304,304,JH/2526/ 277,JH2526277,JEWEL SALES ACCOUNT - DIAMONDS,JEWEL SALES ACCOUNT - DIAMONDS,DI. RA 20,DI. RA 20,true,true,true,false
305,305,JH/2526/ 283,JH2526283,JEWEL SALES ACCOUNT - DIAMONDS,JEWEL SALES ACCOUNT - DIAMONDS,DI. RA 20,DI. RA 20,true,true,true,false
306,306,JH/2526/ 283,JH2526283,JEWEL SALES ACCOUNT - DIAMONDS,JEWEL SALES ACCOUNT - DIAMONDS,DI. RA 20,DI. RA 20,true,true,true,false
307,307,JH/2526/ 288,JH2526288,JEWEL SALES ACCOUNT - DIAMONDS,JEWEL SALES ACCOUNT - DIAMONDS,DI. RA 20,DI. RA 20,true,true,true,false
308,308,JH/2526/ 292,JH2526292,JEWEL SALES ACCOUNT - DIAMONDS,JEWEL SALES ACCOUNT - DIAMONDS,DI. RA 20,DI. RA 20,true,true,true,false
309,309,JH/2526/ 300,JH2526300,JEWEL SALES ACCOUNT - DIAMONDS,JEWEL SALES ACCOUNT - DIAMONDS,DI. RA 20,DI. RA 20,true,true,true,false
310,310,JH/2526/ 315,JH2526315,JEWEL SALES ACCOUNT - DIAMONDS,JEWEL SALES ACCOUNT - DIAMONDS,DI. RA 20,DI. RA 20,true,true,true,false
311,311,JH/2526/ 317,JH2526317,JEWEL SALES ACCOUNT - DIAMONDS,JEWEL SALES ACCOUNT - DIAMONDS,DI. RA 20,DI. RA 20,true,true,true,false
312,312,JH/2526/ 317,JH2526317,JEWEL SALES ACCOUNT - DIAMONDS,JEWEL SALES ACCOUNT - DIAMONDS,DI. RA 20,DI. RA 20,true,true,true,false
313,313,JH/2526/ 317,JH2526317,JEWEL SALES ACCOUNT - DIAMONDS,JEWEL SALES ACCOUNT - DIAMONDS,DI. RA 20,DI. RA 20,true,true,true,false
314,314,JH/2526/ 319,JH2526319,JEWEL SALES ACCOUNT - DIAMONDS,JEWEL SALES ACCOUNT - DIAMONDS,DI. RA 20,DI. RA 20,true,true,true,false
315,315,JH/2526/ 322,JH2526322,JEWEL SALES ACCOUNT - DIAMONDS,JEWEL SALES ACCOUNT - DIAMONDS,DI. RA 20,DI. RA 20,true,true,true,false
316,316,JH/2526/ 324,JH2526324,JEWEL SALES ACCOUNT - DIAMONDS,JEWEL SALES ACCOUNT - DIAMONDS,DI. RA 20,DI. RA 20,true,true,true,false
317,317,JH/2526/ 328,JH2526328,JEWEL SALES ACCOUNT - DIAMONDS,JEWEL SALES ACCOUNT - DIAMONDS,DI. RA 20,DI. RA 20,true,true,true,false
318,318,JH/2526/ 334,JH2526334,JEWEL SALES ACCOUNT - DIAMONDS,JEWEL SALES ACCOUNT - DIAMONDS,DI. RA 20,DI. RA 20,true,true,true,false
319,319,JH/2526/ 336,JH2526336,JEWEL SALES ACCOUNT - DIAMONDS,JEWEL SALES ACCOUNT - DIAMONDS,DI. RA 20,DI. RA 20,true,true,true,false
320,320,JH/2526/ 337,JH2526337,JEWEL SALES ACCOUNT - DIAMONDS,JEWEL SALES ACCOUNT - DIAMONDS,DI. RA 20,DI. RA 20,true,true,true,false
321,321,JH/2526/ 345,JH2526345,JEWEL SALES ACCOUNT - DIAMONDS,JEWEL SALES ACCOUNT - DIAMONDS,DI. RA 20,DI. RA 20,true,true,true,false
322,322,JH/2526/ 350,JH2526350,JEWEL SALES ACCOUNT - DIAMONDS,JEWEL SALES ACCOUNT - DIAMONDS,DI. RA 20,DI. RA 20,true,true,true,false
323,323,JH/2526/ 362,JH2526362,JEWEL SALES ACCOUNT - DIAMONDS,JEWEL SALES ACCOUNT - DIAMONDS,DI. RA 20,DI. RA 20,true,true,true,false
324,324,JH/2526/ 378,JH2526378,JEWEL SALES ACCOUNT - DIAMONDS,JEWEL SALES ACCOUNT - DIAMONDS,DI. RA 20,DI. RA 20,true,true,true,false
325,325,JH/2526/ 382,JH2526382,JEWEL SALES ACCOUNT - DIAMONDS,JEWEL SALES ACCOUNT - DIAMONDS,DI. RA 20,DI. RA 20,true,true,true,false
326,326,JH/2526/ 394,JH2526394,JEWEL SALES ACCOUNT - DIAMONDS,JEWEL SALES ACCOUNT - DIAMONDS,DI. RA 20,DI. RA 20,true,true,true,false
327,327,JH/2526/ 395,JH2526395,JEWEL SALES ACCOUNT - DIAMONDS,JEWEL SALES ACCOUNT - DIAMONDS,DI. RA 20,DI. RA 20,true,true,true,false
328,328,JH/2526/ 397,JH2526397,JEWEL SALES ACCOUNT - DIAMONDS,JEWEL SALES ACCOUNT - DIAMONDS,DI. RA 20,DI. RA 20,true,true,true,false
329,329,JH/2526/ 398,JH2526398,JEWEL SALES ACCOUNT - DIAMONDS,JEWEL SALES ACCOUNT - DIAMONDS,DI. RA 20,DI. RA 20,true,true,true,false
330,330,JH/2526/ 409,JH2526409,JEWEL SALES ACCOUNT - DIAMONDS,JEWEL SALES ACCOUNT - DIAMONDS,DI. RA 20,DI. RA 20,true,true,true,false
331,331,JH/2526/ 411,JH2526411,JEWEL SALES ACCOUNT - DIAMONDS,JEWEL SALES ACCOUNT - DIAMONDS,DI. RA 20,DI. RA 20,true,true,true,false
332,332,JH/2526/ 429,JH2526429,JEWEL SALES ACCOUNT - DIAMONDS,JEWEL SALES ACCOUNT - DIAMONDS,DI. RA 20,DI. RA 20,true,true,true,false
333,333,JH/2526/ 432,JH2526432,JEWEL SALES ACCOUNT - DIAMONDS,JEWEL SALES ACCOUNT - DIAMONDS,DI. RA 20,DI. RA 20,true,true,true,false
334,334,JH/2526/ 432,JH2526432,JEWEL SALES ACCOUNT - DIAMONDS,JEWEL SALES ACCOUNT - DIAMONDS,DI. RA 20,DI. RA 20,true,true,true,false
335,335,JH/2526/ 439,JH2526439,JEWEL SALES ACCOUNT - DIAMONDS,JEWEL SALES ACCOUNT - DIAMONDS,DI. RA 20,DI. RA 20,true,true,true,false
336,336,JH/2526/ 448,JH2526448,JEWEL SALES ACCOUNT - DIAMONDS,JEWEL SALES ACCOUNT - DIAMONDS,DI. RA 20,DI. RA 20,true,true,true,false
337,337,JH/2526/ 463,JH2526463,JEWEL SALES ACCOUNT - DIAMONDS,JEWEL SALES ACCOUNT - DIAMONDS,DI. RA 20,DI. RA 20,true,true,true,false
338,338,JH/2526/ 464,JH2526464,JEWEL SALES ACCOUNT - DIAMONDS,JEWEL SALES ACCOUNT - DIAMONDS,DI. RA 20,DI. RA 20,true,true,true,false
339,339,JH/2526/ 477,JH2526477,JEWEL SALES ACCOUNT - DIAMONDS,JEWEL SALES ACCOUNT - DIAMONDS,DI. RA 20,DI. RA 20,true,true,true,false
340,340,JH/2526/ 480,JH2526480,JEWEL SALES ACCOUNT - DIAMONDS,JEWEL SALES ACCOUNT - DIAMONDS,DI. RA 20,DI. RA 20,true,true,true,false
341,341,JH/2526/ 484,JH2526484,JEWEL SALES ACCOUNT - DIAMONDS,JEWEL SALES ACCOUNT - DIAMONDS,DI. RA 20,DI. RA 20,true,true,true,false
342,342,JH/2526/ 485,JH2526485,JEWEL SALES ACCOUNT - DIAMONDS,JEWEL SALES ACCOUNT - DIAMONDS,DI. RA 20,DI. RA 20,true,true,true,false
343,343,JH/2526/ 499,JH2526499,JEWEL SALES ACCOUNT - DIAMONDS,JEWEL SALES ACCOUNT - DIAMONDS,DI. RA 20,DI. RA 20,true,true,true,false
344,344,JH/2526/ 501,JH2526501,JEWEL SALES ACCOUNT - DIAMONDS,JEWEL SALES ACCOUNT - DIAMONDS,DI. RA 20,DI. RA 20,true,true,true,false
345,345,JH/2526/ 514,JH2526514,JEWEL SALES ACCOUNT - DIAMONDS,JEWEL SALES ACCOUNT - DIAMONDS,DI. RA 20,DI. RA 20,true,true,true,false
346,346,JH/2526/ 525,JH2526525,JEWEL SALES ACCOUNT - DIAMONDS,JEWEL SALES ACCOUNT - DIAMONDS,DI. RA 20,DI. RA 20,true,true,true,false
347,347,JH/2526/ 526,JH2526526,JEWEL SALES ACCOUNT - DIAMONDS,JEWEL SALES ACCOUNT - DIAMONDS,DI. RA 20,DI. RA 20,true,true,true,false
348,348,JH/2526/ 532,JH2526532,JEWEL SALES ACCOUNT - DIAMONDS,JEWEL SALES ACCOUNT - DIAMONDS,DI. RA 20,DI. RA 20,true,true,true,false
349,349,JH/2526/ 535,JH2526535,JEWEL SALES ACCOUNT - DIAMONDS,JEWEL SALES ACCOUNT - DIAMONDS,DI. RA 20,DI. RA 20,true,true,true,false
350,350,JH/2526/ 547,JH2526547,JEWEL SALES ACCOUNT - DIAMONDS,JEWEL SALES ACCOUNT - DIAMONDS,DI. RA 20,DI. RA 20,true,true,true,false
351,351,JH/2526/ 561,JH2526561,JEWEL SALES ACCOUNT - DIAMONDS,JEWEL SALES ACCOUNT - DIAMONDS,DI. RA 20,DI. RA 20,true,true,true,false
352,352,JH/2526/ 578,JH2526578,JEWEL SALES ACCOUNT - DIAMONDS,JEWEL SALES ACCOUNT - DIAMONDS,DI. RA 20,DI. RA 20,true,true,true,false
353,353,JH/2526/ 580,JH2526580,JEWEL SALES ACCOUNT - DIAMONDS,JEWEL SALES ACCOUNT - DIAMONDS,DI. RA 20,DI. RA 20,true,true,true,false
354,354,JH/2526/ 585,JH2526585,JEWEL SALES ACCOUNT - DIAMONDS,JEWEL SALES ACCOUNT - DIAMONDS,DI. RA 20,DI. RA 20,true,true,true,false
355,355,JH/2526/ 601,JH2526601,JEWEL SALES ACCOUNT - DIAMONDS,JEWEL SALES ACCOUNT - DIAMONDS,DI. RA 20,DI. RA 20,true,true,true,false
356,356,JH/2526/ 619,JH2526619,JEWEL SALES ACCOUNT - DIAMONDS,JEWEL SALES ACCOUNT - DIAMONDS,DI. RA 20,DI. RA 20,true,true,true,false
357,357,JH/2526/ 621,JH2526621,JEWEL SALES ACCOUNT - DIAMONDS,JEWEL SALES ACCOUNT - DIAMONDS,DI. RA 20,DI. RA 20,true,true,true,false
358,358,JH/2526/ 625,JH2526625,JEWEL SALES ACCOUNT - DIAMONDS,JEWEL SALES ACCOUNT - DIAMONDS,DI. RA 20,DI. RA 20,true,true,true,false
359,359,JH/2526/ 633,JH2526633,JEWEL SALES ACCOUNT - DIAMONDS,JEWEL SALES ACCOUNT - DIAMONDS,DI. RA 20,DI. RA 20,true,true,true,false
360,360,JH/2526/ 634,JH2526634,JEWEL SALES ACCOUNT - DIAMONDS,JEWEL SALES ACCOUNT - DIAMONDS,DI. RA 20,DI. RA 20,true,true,true,false
361,361,JH/2526/ 642,JH2526642,JEWEL SALES ACCOUNT - DIAMONDS,JEWEL SALES ACCOUNT - DIAMONDS,DI. RA 20,DI. RA 20,true,true,true,false
362,362,JH/2526/ 652,JH2526652,JEWEL SALES ACCOUNT - DIAMONDS,JEWEL SALES ACCOUNT - DIAMONDS,DI. RA 20,DI. RA 20,true,true,true,false
363,363,JH/2526/ 657,JH2526657,JEWEL SALES ACCOUNT - DIAMONDS,JEWEL SALES ACCOUNT - DIAMONDS,DI. RA 20,DI. RA 20,true,true,true,false
364,364,JH/2526/ 659,JH2526659,JEWEL SALES ACCOUNT - DIAMONDS,JEWEL SALES ACCOUNT - DIAMONDS,DI. RA 20,DI. RA 20,true,true,true,false
365,365,JH/2526/ 662,JH2526662,JEWEL SALES ACCOUNT - DIAMONDS,JEWEL SALES ACCOUNT - DIAMONDS,DI. RA 20,DI. RA 20,true,true,true,false
366,366,JH/2526/ 677,JH2526677,JEWEL SALES ACCOUNT - DIAMONDS,JEWEL SALES ACCOUNT - DIAMONDS,DI. RA 20,DI. RA 20,true,true,true,false
367,367,JH/2526/ 678,JH2526678,JEWEL SALES ACCOUNT - DIAMONDS,JEWEL SALES ACCOUNT - DIAMONDS,DI. RA 20,DI. RA 20,true,true,true,false
368,368,JH/2526/ 681,JH2526681,JEWEL SALES ACCOUNT - DIAMONDS,JEWEL SALES ACCOUNT - DIAMONDS,DI. RA 20,DI. RA 20,true,true,true,false
369,369,JH/2526/ 687,JH2526687,JEWEL SALES ACCOUNT - DIAMONDS,JEWEL SALES ACCOUNT - DIAMONDS,DI. RA 20,DI. RA 20,true,true,true,false
370,370,JH/2526/ 694,JH2526694,JEWEL SALES ACCOUNT - DIAMONDS,JEWEL SALES ACCOUNT - DIAMONDS,DI. RA 20,DI. RA 20,true,true,true,false
371,371,JH/2526/ 706,JH2526706,JEWEL SALES ACCOUNT - DIAMONDS,JEWEL SALES ACCOUNT - DIAMONDS,DI. RA 20,DI. RA 20,true,true,true,false
372,372,JH/2526/ 725,JH2526725,JEWEL SALES ACCOUNT - DIAMONDS,JEWEL SALES ACCOUNT - DIAMONDS,DI. RA 20,DI. RA 20,true,true,true,false
373,373,JH/2526/ 730,JH2526730,JEWEL SALES ACCOUNT - DIAMONDS,JEWEL SALES ACCOUNT - DIAMONDS,DI. RA 20,DI. RA 20,true,true,true,false
374,374,JH/2526/ 732,JH2526732,JEWEL SALES ACCOUNT - DIAMONDS,JEWEL SALES ACCOUNT - DIAMONDS,DI. RA 20,DI. RA 20,true,true,true,false
375,375,JH/2526/ 734,JH2526734,JEWEL SALES ACCOUNT - DIAMONDS,JEWEL SALES ACCOUNT - DIAMONDS,DI. RA 20,DI. RA 20,true,true,true,false
376,376,JH/2526/ 734,JH2526734,JEWEL SALES ACCOUNT - DIAMONDS,JEWEL SALES ACCOUNT - DIAMONDS,DI. RA 20,DI. RA 20,true,true,true,false
377,377,JH/2526/ 748,JH2526748,JEWEL SALES ACCOUNT - DIAMONDS,JEWEL SALES ACCOUNT - DIAMONDS,DI. RA 20,DI. RA 20,true,true,true,false
378,378,JH/2526/ 753,JH2526753,JEWEL SALES ACCOUNT - DIAMONDS,JEWEL SALES ACCOUNT - DIAMONDS,DI. RA 20,DI. RA 20,true,true,true,false
379,379,JH/2526/ 753,JH2526753,JEWEL SALES ACCOUNT - DIAMONDS,JEWEL SALES ACCOUNT - DIAMONDS,DI. RA 20,DI. RA 20,true,true,true,false
380,380,JH/2526/ 753,JH2526753,JEWEL SALES ACCOUNT - DIAMONDS,JEWEL SALES ACCOUNT - DIAMONDS,DI. RA 20,DI. RA 20,true,true,true,false
381,381,JH/2526/ 758,JH2526758,JEWEL SALES ACCOUNT - DIAMONDS,JEWEL SALES ACCOUNT - DIAMONDS,DI. RA 20,DI. RA 20,true,true,true,false
382,382,JH/2526/ 761,JH2526761,JEWEL SALES ACCOUNT - DIAMONDS,JEWEL SALES ACCOUNT - DIAMONDS,DI. RA 20,DI. RA 20,true,true,true,false
383,383,JH/2526/ 761,JH2526761,JEWEL SALES ACCOUNT - DIAMONDS,JEWEL SALES ACCOUNT - DIAMONDS,DI. RA 20,DI. RA 20,true,true,true,false
384,384,JH/2526/ 761,JH2526761,JEWEL SALES ACCOUNT - DIAMONDS,JEWEL SALES ACCOUNT - DIAMONDS,DI. RA 20,DI. RA 20,true,true,true,false
385,385,JH/2526/ 765,JH2526765,JEWEL SALES ACCOUNT - DIAMONDS,JEWEL SALES ACCOUNT - DIAMONDS,DI. RA 20,DI. RA 20,true,true,true,false
386,386,JH/B/2526/ 3,JHB25263,JEWEL SALES ACCOUNT - DIAMONDS,JEWEL SALES ACCOUNT - DIAMONDS,DI. RA 20,DI. RA 20,true,true,true,false
387,387,JH/2526/ 775,JH2526775,JEWEL SALES ACCOUNT - DIAMONDS,JEWEL SALES ACCOUNT - DIAMONDS,DI. RA 20,DI. RA 20,true,true,true,false
388,388,JH/2526/ 783,JH2526783,JEWEL SALES ACCOUNT - DIAMONDS,JEWEL SALES ACCOUNT - DIAMONDS,DI. RA 20,DI. RA 20,true,true,true,false
389,389,JH/2526/ 796,JH2526796,JEWEL SALES ACCOUNT - DIAMONDS,JEWEL SALES ACCOUNT - DIAMONDS,DI. RA 20,DI. RA 20,true,true,true,false
390,390,JH/2526/ 797,JH2526797,JEWEL SALES ACCOUNT - DIAMONDS,JEWEL SALES ACCOUNT - DIAMONDS,DI. RA 20,DI. RA 20,true,true,true,false
391,391,JH/2526/ 800,JH2526800,JEWEL SALES ACCOUNT - DIAMONDS,JEWEL SALES ACCOUNT - DIAMONDS,DI. RA 20,DI. RA 20,true,true,true,false
392,392,JH/2526/ 806,JH2526806,JEWEL SALES ACCOUNT - DIAMONDS,JEWEL SALES ACCOUNT - DIAMONDS,DI. RA 20,DI. RA 20,true,true,true,false
393,393,JH/2526/ 821,JH2526821,JEWEL SALES ACCOUNT - DIAMONDS,JEWEL SALES ACCOUNT - DIAMONDS,DI. RA 20,DI. RA 20,true,true,true,false
394,394,JH/2526/ 831,JH2526831,JEWEL SALES ACCOUNT - DIAMONDS,JEWEL SALES ACCOUNT - DIAMONDS,DI. RA 20,DI. RA 20,true,true,true,false
395,395,JH/2526/ 840,JH2526840,JEWEL SALES ACCOUNT - DIAMONDS,JEWEL SALES ACCOUNT - DIAMONDS,DI. RA 20,DI. RA 20,true,true,true,false
396,396,JH/2526/ 863,JH2526863,JEWEL SALES ACCOUNT - DIAMONDS,JEWEL SALES ACCOUNT - DIAMONDS,DI. RA 20,DI. RA 20,true,true,true,false
397,397,JH/2526/ 866,JH2526866,JEWEL SALES ACCOUNT - DIAMONDS,JEWEL SALES ACCOUNT - DIAMONDS,DI. RA 20,DI. RA 20,true,true,true,false
398,398,JH/2526/ 872,JH2526872,JEWEL SALES ACCOUNT - DIAMONDS,JEWEL SALES ACCOUNT - DIAMONDS,DI. RA 20,DI. RA 20,true,true,true,false
399,399,JH/2526/ 875,JH2526875,JEWEL SALES ACCOUNT - DIAMONDS,JEWEL SALES ACCOUNT - DIAMONDS,DI. RA 20,DI. RA 20,true,true,true,false
400,400,JH/2526/ 898,JH2526898,JEWEL SALES ACCOUNT - DIAMONDS,JEWEL SALES ACCOUNT - DIAMONDS,DI. RA 20,DI. RA 20,true,true,true,false
401,401,JH/2526/ 905,JH2526905,JEWEL SALES ACCOUNT - DIAMONDS,JEWEL SALES ACCOUNT - DIAMONDS,DI. RA 20,DI. RA 20,true,true,true,false
402,402,JH/2526/ 910,JH2526910,JEWEL SALES ACCOUNT - DIAMONDS,JEWEL SALES ACCOUNT - DIAMONDS,DI. RA 20,DI. RA 20,true,true,true,false
403,403,JH/2526/ 913,JH2526913,JEWEL SALES ACCOUNT - DIAMONDS,JEWEL SALES ACCOUNT - DIAMONDS,DI. RA 20,DI. RA 20,true,true,true,false
404,404,JH/2526/ 913,JH2526913,JEWEL SALES ACCOUNT - DIAMONDS,JEWEL SALES ACCOUNT - DIAMONDS,DI. RA 20,DI. RA 20,true,true,true,false
405,405,JH/2526/ 917,JH2526917,JEWEL SALES ACCOUNT - DIAMONDS,JEWEL SALES ACCOUNT - DIAMONDS,DI. RA 20,DI. RA 20,true,true,true,false
406,406,JH/2526/ 917,JH2526917,JEWEL SALES ACCOUNT - DIAMONDS,JEWEL SALES ACCOUNT - DIAMONDS,DI. RA 20,DI. RA 20,true,true,true,false
407,407,JH/2526/ 918,JH2526918,JEWEL SALES ACCOUNT - DIAMONDS,JEWEL SALES ACCOUNT - DIAMONDS,DI. RA 20,DI. RA 20,true,true,true,false
408,408,JH/2526/ 922,JH2526922,JEWEL SALES ACCOUNT - DIAMONDS,JEWEL SALES ACCOUNT - DIAMONDS,DI. RA 20,DI. RA 20,true,true,true,false
409,409,JH/2526/ 925,JH2526925,JEWEL SALES ACCOUNT - DIAMONDS,JEWEL SALES ACCOUNT - DIAMONDS,DI. RA 20,DI. RA 20,true,true,true,false
410,410,JH/2526/ 936,JH2526936,JEWEL SALES ACCOUNT - DIAMONDS,JEWEL SALES ACCOUNT - DIAMONDS,DI. RA 20,DI. RA 20,true,true,true,false
411,411,JH/2526/ 936,JH2526936,JEWEL SALES ACCOUNT - DIAMONDS,JEWEL SALES ACCOUNT - DIAMONDS,DI. RA 20,DI. RA 20,true,true,true,false
412,412,JH/2526/ 936,JH2526936,JEWEL SALES ACCOUNT - DIAMONDS,JEWEL SALES ACCOUNT - DIAMONDS,DI. RA 20,DI. RA 20,true,true,true,false
413,413,JH/2526/ 936,JH2526936,JEWEL SALES ACCOUNT - DIAMONDS,JEWEL SALES ACCOUNT - DIAMONDS,DI. RA 20,DI. RA 20,true,true,true,false
414,414,JH/2526/ 942,JH2526942,JEWEL SALES ACCOUNT - DIAMONDS,JEWEL SALES ACCOUNT - DIAMONDS,DI. RA 20,DI. RA 20,true,true,true,false
415,415,JH/2526/ 951,JH2526951,JEWEL SALES ACCOUNT - DIAMONDS,JEWEL SALES ACCOUNT - DIAMONDS,DI. RA 20,DI. RA 20,true,true,true,false
416,416,JH/2526/ 953,JH2526953,JEWEL SALES ACCOUNT - DIAMONDS,JEWEL SALES ACCOUNT - DIAMONDS,DI. RA 20,DI. RA 20,true,true,true,false
417,417,JH/2526/ 956,JH2526956,JEWEL SALES ACCOUNT - DIAMONDS,JEWEL SALES ACCOUNT - DIAMONDS,DI. RA 20,DI. RA 20,true,true,true,false
418,418,JH/2526/ 971,JH2526971,JEWEL SALES ACCOUNT - DIAMONDS,JEWEL SALES ACCOUNT - DIAMONDS,DI. RA 20,DI. RA 20,true,true,true,false
419,419,JH/2526/ 973,JH2526973,JEWEL SALES ACCOUNT - DIAMONDS,JEWEL SALES ACCOUNT - DIAMONDS,DI. RA 20,DI. RA 20,true,true,true,false
420,420,JH/2526/ 983,JH2526983,JEWEL SALES ACCOUNT - DIAMONDS,JEWEL SALES ACCOUNT - DIAMONDS,DI. RA 20,DI. RA 20,true,true,true,false
421,421,JH/2526/ 987,JH2526987,JEWEL SALES ACCOUNT - DIAMONDS,JEWEL SALES ACCOUNT - DIAMONDS,DI. RA 20,DI. RA 20,true,true,true,false
422,422,JH/2526/ 988,JH2526988,JEWEL SALES ACCOUNT - DIAMONDS,JEWEL SALES ACCOUNT - DIAMONDS,DI. RA 20,DI. RA 20,true,true,true,false
423,423,JH/2526/ 998,JH2526998,JEWEL SALES ACCOUNT - DIAMONDS,JEWEL SALES ACCOUNT - DIAMONDS,DI. RA 20,DI. RA 20,true,true,true,false
424,424,JH/2526/ 999,JH2526999,JEWEL SALES ACCOUNT - DIAMONDS,JEWEL SALES ACCOUNT - DIAMONDS,DI. RA 20,DI. RA 20,true,true,true,false
425,425,JH/2526/ 1001,JH25261001,JEWEL SALES ACCOUNT - DIAMONDS,JEWEL SALES ACCOUNT - DIAMONDS,DI. RA 20,DI. RA 20,true,true,true,false
426,426,JH/2526/ 1006,JH25261006,JEWEL SALES ACCOUNT - DIAMONDS,JEWEL SALES ACCOUNT - DIAMONDS,DI. RA 20,DI. RA 20,true,true,true,false
427,427,JH/2526/ 1011,JH25261011,JEWEL SALES ACCOUNT - DIAMONDS,JEWEL SALES ACCOUNT - DIAMONDS,DI. RA 20,DI. RA 20,true,true,true,false
428,428,JH/2526/ 1015,JH25261015,JEWEL SALES ACCOUNT - DIAMONDS,JEWEL SALES ACCOUNT - DIAMONDS,DI. RA 20,DI. RA 20,true,true,true,false
429,429,JH/2526/ 1024,JH25261024,JEWEL SALES ACCOUNT - DIAMONDS,JEWEL SALES ACCOUNT - DIAMONDS,DI. RA 20,DI. RA 20,true,true,true,false
430,430,JH/2526/ 1026,JH25261026,JEWEL SALES ACCOUNT - DIAMONDS,JEWEL SALES ACCOUNT - DIAMONDS,DI. RA 20,DI. RA 20,true,true,true,false
431,431,JH/2526/ 1030,JH25261030,JEWEL SALES ACCOUNT - DIAMONDS,JEWEL SALES ACCOUNT - DIAMONDS,DI. RA 20,DI. RA 20,true,true,true,false
432,432,JH/2526/ 1034,JH25261034,JEWEL SALES ACCOUNT - DIAMONDS,JEWEL SALES ACCOUNT - DIAMONDS,DI. RA 20,DI. RA 20,true,true,true,false
433,433,JH/2526/ 1040,JH25261040,JEWEL SALES ACCOUNT - DIAMONDS,JEWEL SALES ACCOUNT - DIAMONDS,DI. RA 20,DI. RA 20,true,true,true,false
434,434,JH/2526/ 1043,JH25261043,JEWEL SALES ACCOUNT - DIAMONDS,JEWEL SALES ACCOUNT - DIAMONDS,DI. RA 20,DI. RA 20,true,true,true,false
435,435,JH/2526/ 1053,JH25261053,JEWEL SALES ACCOUNT - DIAMONDS,JEWEL SALES ACCOUNT - DIAMONDS,DI. RA 20,DI. RA 20,true,true,true,false
436,436,JH/2526/ 1054,JH25261054,JEWEL SALES ACCOUNT - DIAMONDS,JEWEL SALES ACCOUNT - DIAMONDS,DI. RA 20,DI. RA 20,true,true,true,false
437,437,JH/2526/ 1059,JH25261059,JEWEL SALES ACCOUNT - DIAMONDS,JEWEL SALES ACCOUNT - DIAMONDS,DI. RA 20,DI. RA 20,true,true,true,false
438,438,JH/2526/ 1061,JH25261061,JEWEL SALES ACCOUNT - DIAMONDS,JEWEL SALES ACCOUNT - DIAMONDS,DI. RA 20,DI. RA 20,true,true,true,false
439,439,JH/2526/ 1064,JH25261064,JEWEL SALES ACCOUNT - DIAMONDS,JEWEL SALES ACCOUNT - DIAMONDS,DI. RA 20,DI. RA 20,true,true,true,false
440,440,JH/2526/ 1071,JH25261071,JEWEL SALES ACCOUNT - DIAMONDS,JEWEL SALES ACCOUNT - DIAMONDS,DI. RA 20,DI. RA 20,true,true,true,false
441,441,JH/2526/ 1076,JH25261076,JEWEL SALES ACCOUNT - DIAMONDS,JEWEL SALES ACCOUNT - DIAMONDS,DI. RA 20,DI. RA 20,true,true,true,false
442,442,JH/2526/ 1079,JH25261079,JEWEL SALES ACCOUNT - DIAMONDS,JEWEL SALES ACCOUNT - DIAMONDS,DI. RA 20,DI. RA 20,true,true,true,false
443,443,JH/2526/ 1079,JH25261079,JEWEL SALES ACCOUNT - DIAMONDS,JEWEL SALES ACCOUNT - DIAMONDS,DI. RA 20,DI. RA 20,true,true,true,false
444,444,JH/2526/ 1090,JH25261090,JEWEL SALES ACCOUNT - DIAMONDS,JEWEL SALES ACCOUNT - DIAMONDS,DI. RA 20,DI. RA 20,true,true,true,false
445,445,JH/2526/ 1102,JH25261102,JEWEL SALES ACCOUNT - DIAMONDS,JEWEL SALES ACCOUNT - DIAMONDS,DI. RA 20,DI. RA 20,true,true,true,false
446,446,JH/2526/ 3,JH25263,JEWEL SALES ACCOUNT - DIAMONDS,JEWEL SALES ACCOUNT - DIAMONDS,DI. RA 25,DI. RA 25,true,true,true,false
447,447,JH/2526/ 22,JH252622,JEWEL SALES ACCOUNT - DIAMONDS,JEWEL SALES ACCOUNT - DIAMONDS,DI. RA 25,DI. RA 25,true,true,true,false
448,448,JH/2526/ 33,JH252633,JEWEL SALES ACCOUNT - DIAMONDS,JEWEL SALES ACCOUNT - DIAMONDS,DI. RA 25,DI. RA 25,true,true,true,false
449,449,JH/2526/ 37,JH252637,JEWEL SALES ACCOUNT - DIAMONDS,JEWEL SALES ACCOUNT - DIAMONDS,DI. RA 25,DI. RA 25,true,true,true,false
450,450,JH/2526/ 45,JH252645,JEWEL SALES ACCOUNT - DIAMONDS,JEWEL SALES ACCOUNT - DIAMONDS,DI. RA 25,DI. RA 25,true,true,true,false
451,451,JH/2526/ 47,JH252647,JEWEL SALES ACCOUNT - DIAMONDS,JEWEL SALES ACCOUNT - DIAMONDS,DI. RA 25,DI. RA 25,true,true,true,false
452,452,JH/2526/ 53,JH252653,JEWEL SALES ACCOUNT - DIAMONDS,JEWEL SALES ACCOUNT - DIAMONDS,DI. RA 25,DI. RA 25,true,true,true,false
453,453,JH/2526/ 58,JH252658,JEWEL SALES ACCOUNT - DIAMONDS,JEWEL SALES ACCOUNT - DIAMONDS,DI. RA 25,DI. RA 25,true,true,true,false
454,454,JH/2526/ 68,JH252668,JEWEL SALES ACCOUNT - DIAMONDS,JEWEL SALES ACCOUNT - DIAMONDS,DI. RA 25,DI. RA 25,true,true,true,false
455,455,JH/2526/ 71,JH252671,JEWEL SALES ACCOUNT - DIAMONDS,JEWEL SALES ACCOUNT - DIAMONDS,DI. RA 25,DI. RA 25,true,true,true,false
456,456,JH/2526/ 76,JH252676,JEWEL SALES ACCOUNT - DIAMONDS,JEWEL SALES ACCOUNT - DIAMONDS,DI. RA 25,DI. RA 25,true,true,true,false
457,457,JH/2526/ 83,JH252683,JEWEL SALES ACCOUNT - DIAMONDS,JEWEL SALES ACCOUNT - DIAMONDS,DI. RA 25,DI. RA 25,true,true,true,false
458,458,JH/2526/ 85,JH252685,JEWEL SALES ACCOUNT - DIAMONDS,JEWEL SALES ACCOUNT - DIAMONDS,DI. RA 25,DI. RA 25,true,true,true,false
459,459,JH/2526/ 90,JH252690,JEWEL SALES ACCOUNT - DIAMONDS,JEWEL SALES ACCOUNT - DIAMONDS,DI. RA 25,DI. RA 25,true,true,true,false
460,460,JH/2526/ 106,JH2526106,JEWEL SALES ACCOUNT - DIAMONDS,JEWEL SALES ACCOUNT - DIAMONDS,DI. RA 25,DI. RA 25,true,true,true,false
461,461,JH/2526/ 110,JH2526110,JEWEL SALES ACCOUNT - DIAMONDS,JEWEL SALES ACCOUNT - DIAMONDS,DI. RA 25,DI. RA 25,true,true,true,false
462,462,JH/2526/ 111,JH2526111,JEWEL SALES ACCOUNT - DIAMONDS,JEWEL SALES ACCOUNT - DIAMONDS,DI. RA 25,DI. RA 25,true,true,true,false
463,463,JH/2526/ 122,JH2526122,JEWEL SALES ACCOUNT - DIAMONDS,JEWEL SALES ACCOUNT - DIAMONDS,DI. RA 25,DI. RA 25,true,true,true,false
464,464,JH/2526/ 132,JH2526132,JEWEL SALES ACCOUNT - DIAMONDS,JEWEL SALES ACCOUNT - DIAMONDS,DI. RA 25,DI. RA 25,true,true,true,false
465,465,JH/2526/ 149,JH2526149,JEWEL SALES ACCOUNT - DIAMONDS,JEWEL SALES ACCOUNT - DIAMONDS,DI. RA 25,DI. RA 25,true,true,true,false
466,466,JH/2526/ 155,JH2526155,JEWEL SALES ACCOUNT - DIAMONDS,JEWEL SALES ACCOUNT - DIAMONDS,DI. RA 25,DI. RA 25,true,true,true,false
467,467,JH/2526/ 155,JH2526155,JEWEL SALES ACCOUNT - DIAMONDS,JEWEL SALES ACCOUNT - DIAMONDS,DI. RA 25,DI. RA 25,true,true,true,false
468,468,JH/2526/ 156,JH2526156,JEWEL SALES ACCOUNT - DIAMONDS,JEWEL SALES ACCOUNT - DIAMONDS,DI. RA 25,DI. RA 25,true,true,true,false
469,469,JH/2526/ 162,JH2526162,JEWEL SALES ACCOUNT - DIAMONDS,JEWEL SALES ACCOUNT - DIAMONDS,DI. RA 25,DI. RA 25,true,true,true,false
470,470,JH/2526/ 166,JH2526166,JEWEL SALES ACCOUNT - DIAMONDS,JEWEL SALES ACCOUNT - DIAMONDS,DI. RA 25,DI. RA 25,true,true,true,false
471,471,JH/2526/ 169,JH2526169,JEWEL SALES ACCOUNT - DIAMONDS,JEWEL SALES ACCOUNT - DIAMONDS,DI. RA 25,DI. RA 25,true,true,true,false
472,472,JH/2526/ 176,JH2526176,JEWEL SALES ACCOUNT - DIAMONDS,JEWEL SALES ACCOUNT - DIAMONDS,DI. RA 25,DI. RA 25,true,true,true,false
473,473,JH/2526/ 181,JH2526181,JEWEL SALES ACCOUNT - DIAMONDS,JEWEL SALES ACCOUNT - DIAMONDS,DI. RA 25,DI. RA 25,true,true,true,false
474,474,JH/2526/ 196,JH2526196,JEWEL SALES ACCOUNT - DIAMONDS,JEWEL SALES ACCOUNT - DIAMONDS,DI. RA 25,DI. RA 25,true,true,true,false
475,475,JH/2526/ 212,JH2526212,JEWEL SALES ACCOUNT - DIAMONDS,JEWEL SALES ACCOUNT - DIAMONDS,DI. RA 25,DI. RA 25,true,true,true,false
476,476,JH/2526/ 231,JH2526231,JEWEL SALES ACCOUNT - DIAMONDS,JEWEL SALES ACCOUNT - DIAMONDS,DI. RA 25,DI. RA 25,true,true,true,false
477,477,JH/2526/ 234,JH2526234,JEWEL SALES ACCOUNT - DIAMONDS,JEWEL SALES ACCOUNT - DIAMONDS,DI. RA 25,DI. RA 25,true,true,true,false
478,478,JH/2526/ 238,JH2526238,JEWEL SALES ACCOUNT - DIAMONDS,JEWEL SALES ACCOUNT - DIAMONDS,DI. RA 25,DI. RA 25,true,true,true,false
479,479,JH/2526/ 263,JH2526263,JEWEL SALES ACCOUNT - DIAMONDS,JEWEL SALES ACCOUNT - DIAMONDS,DI. RA 25,DI. RA 25,true,true,true,false
480,480,JH/2526/ 271,JH2526271,JEWEL SALES ACCOUNT - DIAMONDS,JEWEL SALES ACCOUNT - DIAMONDS,DI. RA 25,DI. RA 25,true,true,true,false
481,481,JH/2526/ 306,JH2526306,JEWEL SALES ACCOUNT - DIAMONDS,JEWEL SALES ACCOUNT - DIAMONDS,DI. RA 25,DI. RA 25,true,true,true,false
482,482,JH/2526/ 308,JH2526308,JEWEL SALES ACCOUNT - DIAMONDS,JEWEL SALES ACCOUNT - DIAMONDS,DI. RA 25,DI. RA 25,true,true,true,false
483,483,JH/2526/ 309,JH2526309,JEWEL SALES ACCOUNT - DIAMONDS,JEWEL SALES ACCOUNT - DIAMONDS,DI. RA 25,DI. RA 25,true,true,true,false
484,484,JH/2526/ 324,JH2526324,JEWEL SALES ACCOUNT - DIAMONDS,JEWEL SALES ACCOUNT - DIAMONDS,DI. RA 25,DI. RA 25,true,true,true,false
485,485,JH/2526/ 333,JH2526333,JEWEL SALES ACCOUNT - DIAMONDS,JEWEL SALES ACCOUNT - DIAMONDS,DI. RA 25,DI. RA 25,true,true,true,false
486,486,JH/2526/ 342,JH2526342,JEWEL SALES ACCOUNT - DIAMONDS,JEWEL SALES ACCOUNT - DIAMONDS,DI. RA 25,DI. RA 25,true,true,true,false
487,487,JH/2526/ 343,JH2526343,JEWEL SALES ACCOUNT - DIAMONDS,JEWEL SALES ACCOUNT - DIAMONDS,DI. RA 25,DI. RA 25,true,true,true,false
488,488,JH/2526/ 346,JH2526346,JEWEL SALES ACCOUNT - DIAMONDS,JEWEL SALES ACCOUNT - DIAMONDS,DI. RA 25,DI. RA 25,true,true,true,false
489,489,JH/2526/ 349,JH2526349,JEWEL SALES ACCOUNT - DIAMONDS,JEWEL SALES ACCOUNT - DIAMONDS,DI. RA 25,DI. RA 25,true,true,true,false
490,490,JH/2526/ 351,JH2526351,JEWEL SALES ACCOUNT - DIAMONDS,JEWEL SALES ACCOUNT - DIAMONDS,DI. RA 25,DI. RA 25,true,true,true,false
491,491,JH/2526/ 360,JH2526360,JEWEL SALES ACCOUNT - DIAMONDS,JEWEL SALES ACCOUNT - DIAMONDS,DI. RA 25,DI. RA 25,true,true,true,false
492,492,JH/2526/ 372,JH2526372,JEWEL SALES ACCOUNT - DIAMONDS,JEWEL SALES ACCOUNT - DIAMONDS,DI. RA 25,DI. RA 25,true,true,true,false
493,493,JH/2526/ 381,JH2526381,JEWEL SALES ACCOUNT - DIAMONDS,JEWEL SALES ACCOUNT - DIAMONDS,DI. RA 25,DI. RA 25,true,true,true,false
494,494,JH/2526/ 399,JH2526399,JEWEL SALES ACCOUNT - DIAMONDS,JEWEL SALES ACCOUNT - DIAMONDS,DI. RA 25,DI. RA 25,true,true,true,false
495,495,JH/2526/ 403,JH2526403,JEWEL SALES ACCOUNT - DIAMONDS,JEWEL SALES ACCOUNT - DIAMONDS,DI. RA 25,DI. RA 25,true,true,true,false
496,496,JH/2526/ 408,JH2526408,JEWEL SALES ACCOUNT - DIAMONDS,JEWEL SALES ACCOUNT - DIAMONDS,DI. RA 25,DI. RA 25,true,true,true,false
497,497,JH/2526/ 410,JH2526410,JEWEL SALES ACCOUNT - DIAMONDS,JEWEL SALES ACCOUNT - DIAMONDS,DI. RA 25,DI. RA 25,true,true,true,false
498,498,JH/2526/ 415,JH2526415,JEWEL SALES ACCOUNT - DIAMONDS,JEWEL SALES ACCOUNT - DIAMONDS,DI. RA 25,DI. RA 25,true,true,true,false
499,499,JH/2526/ 416,JH2526416,JEWEL SALES ACCOUNT - DIAMONDS,JEWEL SALES ACCOUNT - DIAMONDS,DI. RA 25,DI. RA 25,true,true,true,false
500,500,JH/2526/ 437,JH2526437,JEWEL SALES ACCOUNT - DIAMONDS,JEWEL SALES ACCOUNT - DIAMONDS,DI. RA 25,DI. RA 25,true,true,true,false
501,501,JH/2526/ 445,JH2526445,JEWEL SALES ACCOUNT - DIAMONDS,JEWEL SALES ACCOUNT - DIAMONDS,DI. RA 25,DI. RA 25,true,true,true,false
502,502,JH/2526/ 467,JH2526467,JEWEL SALES ACCOUNT - DIAMONDS,JEWEL SALES ACCOUNT - DIAMONDS,DI. RA 25,DI. RA 25,true,true,true,false
503,503,JH/2526/ 494,JH2526494,JEWEL SALES ACCOUNT - DIAMONDS,JEWEL SALES ACCOUNT - DIAMONDS,DI. RA 25,DI. RA 25,true,true,true,false
504,504,JH/2526/ 497,JH2526497,JEWEL SALES ACCOUNT - DIAMONDS,JEWEL SALES ACCOUNT - DIAMONDS,DI. RA 25,DI. RA 25,true,true,true,false
505,505,JH/2526/ 507,JH2526507,JEWEL SALES ACCOUNT - DIAMONDS,JEWEL SALES ACCOUNT - DIAMONDS,DI. RA 25,DI. RA 25,true,true,true,false
506,506,JH/2526/ 516,JH2526516,JEWEL SALES ACCOUNT - DIAMONDS,JEWEL SALES ACCOUNT - DIAMONDS,DI. RA 25,DI. RA 25,true,true,true,false
507,507,JH/2526/ 531,JH2526531,JEWEL SALES ACCOUNT - DIAMONDS,JEWEL SALES ACCOUNT - DIAMONDS,DI. RA 25,DI. RA 25,true,true,true,false
508,508,JH/2526/ 544,JH2526544,JEWEL SALES ACCOUNT - DIAMONDS,JEWEL SALES ACCOUNT - DIAMONDS,DI. RA 25,DI. RA 25,true,true,true,false
509,509,JH/2526/ 546,JH2526546,JEWEL SALES ACCOUNT - DIAMONDS,JEWEL SALES ACCOUNT - DIAMONDS,DI. RA 25,DI. RA 25,true,true,true,false
510,510,JH/2526/ 557,JH2526557,JEWEL SALES ACCOUNT - DIAMONDS,JEWEL SALES ACCOUNT - DIAMONDS,DI. RA 25,DI. RA 25,true,true,true,false
511,511,JH/2526/ 571,JH2526571,JEWEL SALES ACCOUNT - DIAMONDS,JEWEL SALES ACCOUNT - DIAMONDS,DI. RA 25,DI. RA 25,true,true,true,false
512,512,JH/2526/ 578,JH2526578,JEWEL SALES ACCOUNT - DIAMONDS,JEWEL SALES ACCOUNT - DIAMONDS,DI. RA 25,DI. RA 25,true,true,true,false
513,513,JH/2526/ 592,JH2526592,JEWEL SALES ACCOUNT - DIAMONDS,JEWEL SALES ACCOUNT - DIAMONDS,DI. RA 25,DI. RA 25,true,true,true,false
514,514,JH/2526/ 602,JH2526602,JEWEL SALES ACCOUNT - DIAMONDS,JEWEL SALES ACCOUNT - DIAMONDS,DI. RA 25,DI. RA 25,true,true,true,false
515,515,JH/2526/ 604,JH2526604,JEWEL SALES ACCOUNT - DIAMONDS,JEWEL SALES ACCOUNT - DIAMONDS,DI. RA 25,DI. RA 25,true,true,true,false
516,516,JH/2526/ 608,JH2526608,JEWEL SALES ACCOUNT - DIAMONDS,JEWEL SALES ACCOUNT - DIAMONDS,DI. RA 25,DI. RA 25,true,true,true,false
517,517,JH/2526/ 613,JH2526613,JEWEL SALES ACCOUNT - DIAMONDS,JEWEL SALES ACCOUNT - DIAMONDS,DI. RA 25,DI. RA 25,true,true,true,false
518,518,JH/2526/ 618,JH2526618,JEWEL SALES ACCOUNT - DIAMONDS,JEWEL SALES ACCOUNT - DIAMONDS,DI. RA 25,DI. RA 25,true,true,true,false
519,519,JH/2526/ 666,JH2526666,JEWEL SALES ACCOUNT - DIAMONDS,JEWEL SALES ACCOUNT - DIAMONDS,DI. RA 25,DI. RA 25,true,true,true,false
520,520,JH/2526/ 667,JH2526667,JEWEL SALES ACCOUNT - DIAMONDS,JEWEL SALES ACCOUNT - DIAMONDS,DI. RA 25,DI. RA 25,true,true,true,false
521,521,JH/2526/ 668,JH2526668,JEWEL SALES ACCOUNT - DIAMONDS,JEWEL SALES ACCOUNT - DIAMONDS,DI. RA 25,DI. RA 25,true,true,true,false
522,522,JH/2526/ 702,JH2526702,JEWEL SALES ACCOUNT - DIAMONDS,JEWEL SALES ACCOUNT - DIAMONDS,DI. RA 25,DI. RA 25,true,true,true,false
523,523,JH/2526/ 709,JH2526709,JEWEL SALES ACCOUNT - DIAMONDS,JEWEL SALES ACCOUNT - DIAMONDS,DI. RA 25,DI. RA 25,true,true,true,false
524,524,JH/2526/ 724,JH2526724,JEWEL SALES ACCOUNT - DIAMONDS,JEWEL SALES ACCOUNT - DIAMONDS,DI. RA 25,DI. RA 25,true,true,true,false
525,525,JH/2526/ 744,JH2526744,JEWEL SALES ACCOUNT - DIAMONDS,JEWEL SALES ACCOUNT - DIAMONDS,DI. RA 25,DI. RA 25,true,true,true,false
526,526,JH/2526/ 752,JH2526752,JEWEL SALES ACCOUNT - DIAMONDS,JEWEL SALES ACCOUNT - DIAMONDS,DI. RA 25,DI. RA 25,true,true,true,false
527,527,JH/2526/ 754,JH2526754,JEWEL SALES ACCOUNT - DIAMONDS,JEWEL SALES ACCOUNT - DIAMONDS,DI. RA 25,DI. RA 25,true,true,true,false
528,528,JH/2526/ 759,JH2526759,JEWEL SALES ACCOUNT - DIAMONDS,JEWEL SALES ACCOUNT - DIAMONDS,DI. RA 25,DI. RA 25,true,true,true,false
529,529,JH/2526/ 776,JH2526776,JEWEL SALES ACCOUNT - DIAMONDS,JEWEL SALES ACCOUNT - DIAMONDS,DI. RA 25,DI. RA 25,true,true,true,false
530,530,JH/2526/ 789,JH2526789,JEWEL SALES ACCOUNT - DIAMONDS,JEWEL SALES ACCOUNT - DIAMONDS,DI. RA 25,DI. RA 25,true,true,true,false
531,531,JH/2526/ 795,JH2526795,JEWEL SALES ACCOUNT - DIAMONDS,JEWEL SALES ACCOUNT - DIAMONDS,DI. RA 25,DI. RA 25,true,true,true,false
532,532,JH/2526/ 803,JH2526803,JEWEL SALES ACCOUNT - DIAMONDS,JEWEL SALES ACCOUNT - DIAMONDS,DI. RA 25,DI. RA 25,true,true,true,false
533,533,JH/2526/ 828,JH2526828,JEWEL SALES ACCOUNT - DIAMONDS,JEWEL SALES ACCOUNT - DIAMONDS,DI. RA 25,DI. RA 25,true,true,true,false
534,534,JH/2526/ 834,JH2526834,JEWEL SALES ACCOUNT - DIAMONDS,JEWEL SALES ACCOUNT - DIAMONDS,DI. RA 25,DI. RA 25,true,true,true,false
535,535,JH/2526/ 844,JH2526844,JEWEL SALES ACCOUNT - DIAMONDS,JEWEL SALES ACCOUNT - DIAMONDS,DI. RA 25,DI. RA 25,true,true,true,false
536,536,JH/2526/ 864,JH2526864,JEWEL SALES ACCOUNT - DIAMONDS,JEWEL SALES ACCOUNT - DIAMONDS,DI. RA 25,DI. RA 25,true,true,true,false
537,537,JH/2526/ 903,JH2526903,JEWEL SALES ACCOUNT - DIAMONDS,JEWEL SALES ACCOUNT - DIAMONDS,DI. RA 25,DI. RA 25,true,true,true,false
538,538,JH/2526/ 919,JH2526919,JEWEL SALES ACCOUNT - DIAMONDS,JEWEL SALES ACCOUNT - DIAMONDS,DI. RA 25,DI. RA 25,true,true,true,false
539,539,JH/2526/ 925,JH2526925,JEWEL SALES ACCOUNT - DIAMONDS,JEWEL SALES ACCOUNT - DIAMONDS,DI. RA 25,DI. RA 25,true,true,true,false
540,540,JH/2526/ 933,JH2526933,JEWEL SALES ACCOUNT - DIAMONDS,JEWEL SALES ACCOUNT - DIAMONDS,DI. RA 25,DI. RA 25,true,true,true,false
541,541,JH/2526/ 961,JH2526961,JEWEL SALES ACCOUNT - DIAMONDS,JEWEL SALES ACCOUNT - DIAMONDS,DI. RA 25,DI. RA 25,true,true,true,false
542,542,JH/2526/ 966,JH2526966,JEWEL SALES ACCOUNT - DIAMONDS,JEWEL SALES ACCOUNT - DIAMONDS,DI. RA 25,DI. RA 25,true,true,true,false
543,543,JH/2526/ 969,JH2526969,JEWEL SALES ACCOUNT - DIAMONDS,JEWEL SALES ACCOUNT - DIAMONDS,DI. RA 25,DI. RA 25,true,true,true,false
544,544,JH/2526/ 976,JH2526976,JEWEL SALES ACCOUNT - DIAMONDS,JEWEL SALES ACCOUNT - DIAMONDS,DI. RA 25,DI. RA 25,true,true,true,false
545,545,JH/2526/ 984,JH2526984,JEWEL SALES ACCOUNT - DIAMONDS,JEWEL SALES ACCOUNT - DIAMONDS,DI. RA 25,DI. RA 25,true,true,true,false
546,546,JH/2526/ 991,JH2526991,JEWEL SALES ACCOUNT - DIAMONDS,JEWEL SALES ACCOUNT - DIAMONDS,DI. RA 25,DI. RA 25,true,true,true,false
547,547,JH/2526/ 992,JH2526992,JEWEL SALES ACCOUNT - DIAMONDS,JEWEL SALES ACCOUNT - DIAMONDS,DI. RA 25,DI. RA 25,true,true,true,false
548,548,JH/2526/ 1002,JH25261002,JEWEL SALES ACCOUNT - DIAMONDS,JEWEL SALES ACCOUNT - DIAMONDS,DI. RA 25,DI. RA 25,true,true,true,false
549,549,JH/2526/ 1009,JH25261009,JEWEL SALES ACCOUNT - DIAMONDS,JEWEL SALES ACCOUNT - DIAMONDS,DI. RA 25,DI. RA 25,true,true,true,false
550,550,JH/2526/ 1011,JH25261011,JEWEL SALES ACCOUNT - DIAMONDS,JEWEL SALES ACCOUNT - DIAMONDS,DI. RA 25,DI. RA 25,true,true,true,false
551,551,JH/2526/ 1025,JH25261025,JEWEL SALES ACCOUNT - DIAMONDS,JEWEL SALES ACCOUNT - DIAMONDS,DI. RA 25,DI. RA 25,true,true,true,false
552,552,JH/2526/ 1029,JH25261029,JEWEL SALES ACCOUNT - DIAMONDS,JEWEL SALES ACCOUNT - DIAMONDS,DI. RA 25,DI. RA 25,true,true,true,false
553,553,JH/2526/ 1034,JH25261034,JEWEL SALES ACCOUNT - DIAMONDS,JEWEL SALES ACCOUNT - DIAMONDS,DI. RA 25,DI. RA 25,true,true,true,false
554,554,JH/2526/ 1070,JH25261070,JEWEL SALES ACCOUNT - DIAMONDS,JEWEL SALES ACCOUNT - DIAMONDS,DI. RA 25,DI. RA 25,true,true,true,false
555,555,JH/2526/ 1078,JH25261078,JEWEL SALES ACCOUNT - DIAMONDS,JEWEL SALES ACCOUNT - DIAMONDS,DI. RA 25,DI. RA 25,true,true,true,false
556,556,JH/2526/ 14,JH252614,JEWEL SALES ACCOUNT - DIAMONDS,JEWEL SALES ACCOUNT - DIAMONDS,DI. RA 30,DI. RA 30,true,true,true,false
557,557,JH/2526/ 15,JH252615,JEWEL SALES ACCOUNT - DIAMONDS,JEWEL SALES ACCOUNT - DIAMONDS,DI. RA 30,DI. RA 30,true,true,true,false
558,558,JH/2526/ 19,JH252619,JEWEL SALES ACCOUNT - DIAMONDS,JEWEL SALES ACCOUNT - DIAMONDS,DI. RA 30,DI. RA 30,true,true,true,false
559,559,JH/2526/ 31,JH252631,JEWEL SALES ACCOUNT - DIAMONDS,JEWEL SALES ACCOUNT - DIAMONDS,DI. RA 30,DI. RA 30,true,true,true,false
560,560,JH/2526/ 34,JH252634,JEWEL SALES ACCOUNT - DIAMONDS,JEWEL SALES ACCOUNT - DIAMONDS,DI. RA 30,DI. RA 30,true,true,true,false
561,561,JH/2526/ 34,JH252634,JEWEL SALES ACCOUNT - DIAMONDS,JEWEL SALES ACCOUNT - DIAMONDS,DI. RA 30,DI. RA 30,true,true,true,false
562,562,JH/2526/ 40,JH252640,JEWEL SALES ACCOUNT - DIAMONDS,JEWEL SALES ACCOUNT - DIAMONDS,DI. RA 30,DI. RA 30,true,true,true,false
563,563,JH/2526/ 42,JH252642,JEWEL SALES ACCOUNT - DIAMONDS,JEWEL SALES ACCOUNT - DIAMONDS,DI. RA 30,DI. RA 30,true,true,true,false
564,564,JH/2526/ 56,JH252656,JEWEL SALES ACCOUNT - DIAMONDS,JEWEL SALES ACCOUNT - DIAMONDS,DI. RA 30,DI. RA 30,true,true,true,false
565,565,JH/2526/ 77,JH252677,JEWEL SALES ACCOUNT - DIAMONDS,JEWEL SALES ACCOUNT - DIAMONDS,DI. RA 30,DI. RA 30,true,true,true,false
566,566,JH/2526/ 93,JH252693,JEWEL SALES ACCOUNT - DIAMONDS,JEWEL SALES ACCOUNT - DIAMONDS,DI. RA 30,DI. RA 30,true,true,true,false
567,567,JH/2526/ 108,JH2526108,JEWEL SALES ACCOUNT - DIAMONDS,JEWEL SALES ACCOUNT - DIAMONDS,DI. RA 30,DI. RA 30,true,true,true,false
568,568,JH/2526/ 123,JH2526123,JEWEL SALES ACCOUNT - DIAMONDS,JEWEL SALES ACCOUNT - DIAMONDS,DI. RA 30,DI. RA 30,true,true,true,false
569,569,JH/2526/ 128,JH2526128,JEWEL SALES ACCOUNT - DIAMONDS,JEWEL SALES ACCOUNT - DIAMONDS,DI. RA 30,DI. RA 30,true,true,true,false
570,570,JH/2526/ 128,JH2526128,JEWEL SALES ACCOUNT - DIAMONDS,JEWEL SALES ACCOUNT - DIAMONDS,DI. RA 30,DI. RA 30,true,true,true,false
571,571,JH/2526/ 128,JH2526128,JEWEL SALES ACCOUNT - DIAMONDS,JEWEL SALES ACCOUNT - DIAMONDS,DI. RA 30,DI. RA 30,true,true,true,false
572,572,JH/2526/ 128,JH2526128,JEWEL SALES ACCOUNT - DIAMONDS,JEWEL SALES ACCOUNT - DIAMONDS,DI. RA 30,DI. RA 30,true,true,true,false
573,573,JH/2526/ 128,JH2526128,JEWEL SALES ACCOUNT - DIAMONDS,JEWEL SALES ACCOUNT - DIAMONDS,DI. RA 30,DI. RA 30,true,true,true,false
574,574,JH/2526/ 128,JH2526128,JEWEL SALES ACCOUNT - DIAMONDS,JEWEL SALES ACCOUNT - DIAMONDS,DI. RA 30,DI. RA 30,true,true,true,false
575,575,JH/2526/ 128,JH2526128,JEWEL SALES ACCOUNT - DIAMONDS,JEWEL SALES ACCOUNT - DIAMONDS,DI. RA 30,DI. RA 30,true,true,true,false
576,576,JH/2526/ 128,JH2526128,JEWEL SALES ACCOUNT - DIAMONDS,JEWEL SALES ACCOUNT - DIAMONDS,DI. RA 30,DI. RA 30,true,true,true,false
577,577,JH/2526/ 128,JH2526128,JEWEL SALES ACCOUNT - DIAMONDS,JEWEL SALES ACCOUNT - DIAMONDS,DI. RA 30,DI. RA 30,true,true,true,false
578,578,JH/2526/ 128,JH2526128,JEWEL SALES ACCOUNT - DIAMONDS,JEWEL SALES ACCOUNT - DIAMONDS,DI. RA 30,DI. RA 30,true,true,true,false
579,579,JH/2526/ 128,JH2526128,JEWEL SALES ACCOUNT - DIAMONDS,JEWEL SALES ACCOUNT - DIAMONDS,DI. RA 30,DI. RA 30,true,true,true,false
580,580,JH/2526/ 128,JH2526128,JEWEL SALES ACCOUNT - DIAMONDS,JEWEL SALES ACCOUNT - DIAMONDS,DI. RA 30,DI. RA 30,true,true,true,false
581,581,JH/2526/ 128,JH2526128,JEWEL SALES ACCOUNT - DIAMONDS,JEWEL SALES ACCOUNT - DIAMONDS,DI. RA 30,DI. RA 30,true,true,true,false
582,582,JH/2526/ 128,JH2526128,JEWEL SALES ACCOUNT - DIAMONDS,JEWEL SALES ACCOUNT - DIAMONDS,DI. RA 30,DI. RA 30,true,true,true,false
583,583,JH/2526/ 128,JH2526128,JEWEL SALES ACCOUNT - DIAMONDS,JEWEL SALES ACCOUNT - DIAMONDS,DI. RA 30,DI. RA 30,true,true,true,false
584,584,JH/2526/ 136,JH2526136,JEWEL SALES ACCOUNT - DIAMONDS,JEWEL SALES ACCOUNT - DIAMONDS,DI. RA 30,DI. RA 30,true,true,true,false
585,585,JH/2526/ 147,JH2526147,JEWEL SALES ACCOUNT - DIAMONDS,JEWEL SALES ACCOUNT - DIAMONDS,DI. RA 30,DI. RA 30,true,true,true,false
586,586,JH/2526/ 154,JH2526154,JEWEL SALES ACCOUNT - DIAMONDS,JEWEL SALES ACCOUNT - DIAMONDS,DI. RA 30,DI. RA 30,true,true,true,false
587,587,JH/2526/ 155,JH2526155,JEWEL SALES ACCOUNT - DIAMONDS,JEWEL SALES ACCOUNT - DIAMONDS,DI. RA 30,DI. RA 30,true,true,true,false
588,588,JH/2526/ 155,JH2526155,JEWEL SALES ACCOUNT - DIAMONDS,JEWEL SALES ACCOUNT - DIAMONDS,DI. RA 30,DI. RA 30,true,true,true,false
589,589,JH/2526/ 155,JH2526155,JEWEL SALES ACCOUNT - DIAMONDS,JEWEL SALES ACCOUNT - DIAMONDS,DI. RA 30,DI. RA 30,true,true,true,false
590,590,JH/2526/ 160,JH2526160,JEWEL SALES ACCOUNT - DIAMONDS,JEWEL SALES ACCOUNT - DIAMONDS,DI. RA 30,DI. RA 30,true,true,true,false
591,591,JH/2526/ 163,JH2526163,JEWEL SALES ACCOUNT - DIAMONDS,JEWEL SALES ACCOUNT - DIAMONDS,DI. RA 30,DI. RA 30,true,true,true,false
592,592,JH/2526/ 177,JH2526177,JEWEL SALES ACCOUNT - DIAMONDS,JEWEL SALES ACCOUNT - DIAMONDS,DI. RA 30,DI. RA 30,true,true,true,false
593,593,JH/2526/ 195,JH2526195,JEWEL SALES ACCOUNT - DIAMONDS,JEWEL SALES ACCOUNT - DIAMONDS,DI. RA 30,DI. RA 30,true,true,true,false
594,594,JH/2526/ 205,JH2526205,JEWEL SALES ACCOUNT - DIAMONDS,JEWEL SALES ACCOUNT - DIAMONDS,DI. RA 30,DI. RA 30,true,true,true,false
595,595,JH/2526/ 217,JH2526217,JEWEL SALES ACCOUNT - DIAMONDS,JEWEL SALES ACCOUNT - DIAMONDS,DI. RA 30,DI. RA 30,true,true,true,false
596,596,JH/2526/ 220,JH2526220,JEWEL SALES ACCOUNT - DIAMONDS,JEWEL SALES ACCOUNT - DIAMONDS,DI. RA 30,DI. RA 30,true,true,true,false
597,597,JH/2526/ 225,JH2526225,JEWEL SALES ACCOUNT - DIAMONDS,JEWEL SALES ACCOUNT - DIAMONDS,DI. RA 30,DI. RA 30,true,true,true,false
598,598,JH/2526/ 228,JH2526228,JEWEL SALES ACCOUNT - DIAMONDS,JEWEL SALES ACCOUNT - DIAMONDS,DI. RA 30,DI. RA 30,true,true,true,false
599,599,JH/2526/ 236,JH2526236,JEWEL SALES ACCOUNT - DIAMONDS,JEWEL SALES ACCOUNT - DIAMONDS,DI. RA 30,DI. RA 30,true,true,true,false
600,600,JH/2526/ 244,JH2526244,JEWEL SALES ACCOUNT - DIAMONDS,JEWEL SALES ACCOUNT - DIAMONDS,DI. RA 30,DI. RA 30,true,true,true,false
601,601,JH/2526/ 258,JH2526258,JEWEL SALES ACCOUNT - DIAMONDS,JEWEL SALES ACCOUNT - DIAMONDS,DI. RA 30,DI. RA 30,true,true,true,false
602,602,JH/2526/ 277,JH2526277,JEWEL SALES ACCOUNT - DIAMONDS,JEWEL SALES ACCOUNT - DIAMONDS,DI. RA 30,DI. RA 30,true,true,true,false
603,603,JH/2526/ 293,JH2526293,JEWEL SALES ACCOUNT - DIAMONDS,JEWEL SALES ACCOUNT - DIAMONDS,DI. RA 30,DI. RA 30,true,true,true,false
604,604,JH/2526/ 296,JH2526296,JEWEL SALES ACCOUNT - DIAMONDS,JEWEL SALES ACCOUNT - DIAMONDS,DI. RA 30,DI. RA 30,true,true,true,false
605,605,JH/2526/ 303,JH2526303,JEWEL SALES ACCOUNT - DIAMONDS,JEWEL SALES ACCOUNT - DIAMONDS,DI. RA 30,DI. RA 30,true,true,true,false
606,606,JH/2526/ 305,JH2526305,JEWEL SALES ACCOUNT - DIAMONDS,JEWEL SALES ACCOUNT - DIAMONDS,DI. RA 30,DI. RA 30,true,true,true,false
607,607,JH/2526/ 317,JH2526317,JEWEL SALES ACCOUNT - DIAMONDS,JEWEL SALES ACCOUNT - DIAMONDS,DI. RA 30,DI. RA 30,true,true,true,false
608,608,JH/2526/ 317,JH2526317,JEWEL SALES ACCOUNT - DIAMONDS,JEWEL SALES ACCOUNT - DIAMONDS,DI. RA 30,DI. RA 30,true,true,true,false
609,609,JH/2526/ 317,JH2526317,JEWEL SALES ACCOUNT - DIAMONDS,JEWEL SALES ACCOUNT - DIAMONDS,DI. RA 30,DI. RA 30,true,true,true,false
610,610,JH/2526/ 322,JH2526322,JEWEL SALES ACCOUNT - DIAMONDS,JEWEL SALES ACCOUNT - DIAMONDS,DI. RA 30,DI. RA 30,true,true,true,false
611,611,JH/2526/ 322,JH2526322,JEWEL SALES ACCOUNT - DIAMONDS,JEWEL SALES ACCOUNT - DIAMONDS,DI. RA 30,DI. RA 30,true,true,true,false
612,612,JH/2526/ 324,JH2526324,JEWEL SALES ACCOUNT - DIAMONDS,JEWEL SALES ACCOUNT - DIAMONDS,DI. RA 30,DI. RA 30,true,true,true,false
613,613,JH/2526/ 336,JH2526336,JEWEL SALES ACCOUNT - DIAMONDS,JEWEL SALES ACCOUNT - DIAMONDS,DI. RA 30,DI. RA 30,true,true,true,false
614,614,JH/2526/ 352,JH2526352,JEWEL SALES ACCOUNT - DIAMONDS,JEWEL SALES ACCOUNT - DIAMONDS,DI. RA 30,DI. RA 30,true,true,true,false
615,615,JH/2526/ 357,JH2526357,JEWEL SALES ACCOUNT - DIAMONDS,JEWEL SALES ACCOUNT - DIAMONDS,DI. RA 30,DI. RA 30,true,true,true,false
616,616,JH/2526/ 368,JH2526368,JEWEL SALES ACCOUNT - DIAMONDS,JEWEL SALES ACCOUNT - DIAMONDS,DI. RA 30,DI. RA 30,true,true,true,false
617,617,JH/2526/ 385,JH2526385,JEWEL SALES ACCOUNT - DIAMONDS,JEWEL SALES ACCOUNT - DIAMONDS,DI. RA 30,DI. RA 30,true,true,true,false
618,618,JH/2526/ 386,JH2526386,JEWEL SALES ACCOUNT - DIAMONDS,JEWEL SALES ACCOUNT - DIAMONDS,DI. RA 30,DI. RA 30,true,true,true,false
619,619,JH/2526/ 415,JH2526415,JEWEL SALES ACCOUNT - DIAMONDS,JEWEL SALES ACCOUNT - DIAMONDS,DI. RA 30,DI. RA 30,true,true,true,false
620,620,JH/2526/ 415,JH2526415,JEWEL SALES ACCOUNT - DIAMONDS,JEWEL SALES ACCOUNT - DIAMONDS,DI. RA 30,DI. RA 30,true,true,true,false
621,621,JH/2526/ 415,JH2526415,JEWEL SALES ACCOUNT - DIAMONDS,JEWEL SALES ACCOUNT - DIAMONDS,DI. RA 30,DI. RA 30,true,true,true,false
622,622,JH/2526/ 425,JH2526425,JEWEL SALES ACCOUNT - DIAMONDS,JEWEL SALES ACCOUNT - DIAMONDS,DI. RA 30,DI. RA 30,true,true,true,false
623,623,JH/2526/ 446,JH2526446,JEWEL SALES ACCOUNT - DIAMONDS,JEWEL SALES ACCOUNT - DIAMONDS,DI. RA 30,DI. RA 30,true,true,true,false
624,624,JH/2526/ 456,JH2526456,JEWEL SALES ACCOUNT - DIAMONDS,JEWEL SALES ACCOUNT - DIAMONDS,DI. RA 30,DI. RA 30,true,true,true,false
625,625,JH/2526/ 487,JH2526487,JEWEL SALES ACCOUNT - DIAMONDS,JEWEL SALES ACCOUNT - DIAMONDS,DI. RA 30,DI. RA 30,true,true,true,false
626,626,JH/2526/ 491,JH2526491,JEWEL SALES ACCOUNT - DIAMONDS,JEWEL SALES ACCOUNT - DIAMONDS,DI. RA 30,DI. RA 30,true,true,true,false
627,627,JH/2526/ 495,JH2526495,JEWEL SALES ACCOUNT - DIAMONDS,JEWEL SALES ACCOUNT - DIAMONDS,DI. RA 30,DI. RA 30,true,true,true,false
628,628,JH/2526/ 505,JH2526505,JEWEL SALES ACCOUNT - DIAMONDS,JEWEL SALES ACCOUNT - DIAMONDS,DI. RA 30,DI. RA 30,true,true,true,false
629,629,JH/2526/ 513,JH2526513,JEWEL SALES ACCOUNT - DIAMONDS,JEWEL SALES ACCOUNT - DIAMONDS,DI. RA 30,DI. RA 30,true,true,true,false
630,630,JH/2526/ 517,JH2526517,JEWEL SALES ACCOUNT - DIAMONDS,JEWEL SALES ACCOUNT - DIAMONDS,DI. RA 30,DI. RA 30,true,true,true,false
631,631,JH/2526/ 548,JH2526548,JEWEL SALES ACCOUNT - DIAMONDS,JEWEL SALES ACCOUNT - DIAMONDS,DI. RA 30,DI. RA 30,true,true,true,false
632,632,JH/2526/ 552,JH2526552,JEWEL SALES ACCOUNT - DIAMONDS,JEWEL SALES ACCOUNT - DIAMONDS,DI. RA 30,DI. RA 30,true,true,true,false
633,633,JH/2526/ 553,JH2526553,JEWEL SALES ACCOUNT - DIAMONDS,JEWEL SALES ACCOUNT - DIAMONDS,DI. RA 30,DI. RA 30,true,true,true,false
634,634,JH/2526/ 556,JH2526556,JEWEL SALES ACCOUNT - DIAMONDS,JEWEL SALES ACCOUNT - DIAMONDS,DI. RA 30,DI. RA 30,true,true,true,false
635,635,JH/2526/ 567,JH2526567,JEWEL SALES ACCOUNT - DIAMONDS,JEWEL SALES ACCOUNT - DIAMONDS,DI. RA 30,DI. RA 30,true,true,true,false
636,636,JH/2526/ 569,JH2526569,JEWEL SALES ACCOUNT - DIAMONDS,JEWEL SALES ACCOUNT - DIAMONDS,DI. RA 30,DI. RA 30,true,true,true,false
637,637,JH/2526/ 573,JH2526573,JEWEL SALES ACCOUNT - DIAMONDS,JEWEL SALES ACCOUNT - DIAMONDS,DI. RA 30,DI. RA 30,true,true,true,false
638,638,JH/2526/ 578,JH2526578,JEWEL SALES ACCOUNT - DIAMONDS,JEWEL SALES ACCOUNT - DIAMONDS,DI. RA 30,DI. RA 30,true,true,true,false
639,639,JH/2526/ 580,JH2526580,JEWEL SALES ACCOUNT - DIAMONDS,JEWEL SALES ACCOUNT - DIAMONDS,DI. RA 30,DI. RA 30,true,true,true,false
640,640,JH/2526/ 590,JH2526590,JEWEL SALES ACCOUNT - DIAMONDS,JEWEL SALES ACCOUNT - DIAMONDS,DI. RA 30,DI. RA 30,true,true,true,false
641,641,JH/2526/ 610,JH2526610,JEWEL SALES ACCOUNT - DIAMONDS,JEWEL SALES ACCOUNT - DIAMONDS,DI. RA 30,DI. RA 30,true,true,true,false
642,642,JH/2526/ 628,JH2526628,JEWEL SALES ACCOUNT - DIAMONDS,JEWEL SALES ACCOUNT - DIAMONDS,DI. RA 30,DI. RA 30,true,true,true,false
643,643,JH/2526/ 641,JH2526641,JEWEL SALES ACCOUNT - DIAMONDS,JEWEL SALES ACCOUNT - DIAMONDS,DI. RA 30,DI. RA 30,true,true,true,false
644,644,JH/2526/ 661,JH2526661,JEWEL SALES ACCOUNT - DIAMONDS,JEWEL SALES ACCOUNT - DIAMONDS,DI. RA 30,DI. RA 30,true,true,true,false
645,645,JH/2526/ 674,JH2526674,JEWEL SALES ACCOUNT - DIAMONDS,JEWEL SALES ACCOUNT - DIAMONDS,DI. RA 30,DI. RA 30,true,true,true,false
646,646,JH/2526/ 685,JH2526685,JEWEL SALES ACCOUNT - DIAMONDS,JEWEL SALES ACCOUNT - DIAMONDS,DI. RA 30,DI. RA 30,true,true,true,false
647,647,JH/2526/ 688,JH2526688,JEWEL SALES ACCOUNT - DIAMONDS,JEWEL SALES ACCOUNT - DIAMONDS,DI. RA 30,DI. RA 30,true,true,true,false
648,648,JH/2526/ 736,JH2526736,JEWEL SALES ACCOUNT - DIAMONDS,JEWEL SALES ACCOUNT - DIAMONDS,DI. RA 30,DI. RA 30,true,true,true,false
649,649,JH/2526/ 744,JH2526744,JEWEL SALES ACCOUNT - DIAMONDS,JEWEL SALES ACCOUNT - DIAMONDS,DI. RA 30,DI. RA 30,true,true,true,false
650,650,JH/2526/ 746,JH2526746,JEWEL SALES ACCOUNT - DIAMONDS,JEWEL SALES ACCOUNT - DIAMONDS,DI. RA 30,DI. RA 30,true,true,true,false
651,651,JH/2526/ 772,JH2526772,JEWEL SALES ACCOUNT - DIAMONDS,JEWEL SALES ACCOUNT - DIAMONDS,DI. RA 30,DI. RA 30,true,true,true,false
652,652,JH/2526/ 786,JH2526786,JEWEL SALES ACCOUNT - DIAMONDS,JEWEL SALES ACCOUNT - DIAMONDS,DI. RA 30,DI. RA 30,true,true,true,false
653,653,JH/2526/ 787,JH2526787,JEWEL SALES ACCOUNT - DIAMONDS,JEWEL SALES ACCOUNT - DIAMONDS,DI. RA 30,DI. RA 30,true,true,true,false
654,654,JH/2526/ 817,JH2526817,JEWEL SALES ACCOUNT - DIAMONDS,JEWEL SALES ACCOUNT - DIAMONDS,DI. RA 30,DI. RA 30,true,true,true,false
655,655,JH/2526/ 826,JH2526826,JEWEL SALES ACCOUNT - DIAMONDS,JEWEL SALES ACCOUNT - DIAMONDS,DI. RA 30,DI. RA 30,true,true,true,false
656,656,JH/2526/ 829,JH2526829,JEWEL SALES ACCOUNT - DIAMONDS,JEWEL SALES ACCOUNT - DIAMONDS,DI. RA 30,DI. RA 30,true,true,true,false
657,657,JH/2526/ 835,JH2526835,JEWEL SALES ACCOUNT - DIAMONDS,JEWEL SALES ACCOUNT - DIAMONDS,DI. RA 30,DI. RA 30,true,true,true,false
658,658,JH/2526/ 843,JH2526843,JEWEL SALES ACCOUNT - DIAMONDS,JEWEL SALES ACCOUNT - DIAMONDS,DI. RA 30,DI. RA 30,true,true,true,false
659,659,JH/2526/ 860,JH2526860,JEWEL SALES ACCOUNT - DIAMONDS,JEWEL SALES ACCOUNT - DIAMONDS,DI. RA 30,DI. RA 30,true,true,true,false
660,660,JH/2526/ 909,JH2526909,JEWEL SALES ACCOUNT - DIAMONDS,JEWEL SALES ACCOUNT - DIAMONDS,DI. RA 30,DI. RA 30,true,true,true,false
661,661,JH/2526/ 933,JH2526933,JEWEL SALES ACCOUNT - DIAMONDS,JEWEL SALES ACCOUNT - DIAMONDS,DI. RA 30,DI. RA 30,true,true,true,false
662,662,JH/2526/ 936,JH2526936,JEWEL SALES ACCOUNT - DIAMONDS,JEWEL SALES ACCOUNT - DIAMONDS,DI. RA 30,DI. RA 30,true,true,true,false
663,663,JH/2526/ 936,JH2526936,JEWEL SALES ACCOUNT - DIAMONDS,JEWEL SALES ACCOUNT - DIAMONDS,DI. RA 30,DI. RA 30,true,true,true,false
664,664,JH/2526/ 944,JH2526944,JEWEL SALES ACCOUNT - DIAMONDS,JEWEL SALES ACCOUNT - DIAMONDS,DI. RA 30,DI. RA 30,true,true,true,false
665,665,JH/2526/ 954,JH2526954,JEWEL SALES ACCOUNT - DIAMONDS,JEWEL SALES ACCOUNT - DIAMONDS,DI. RA 30,DI. RA 30,true,true,true,false
666,666,JH/2526/ 967,JH2526967,JEWEL SALES ACCOUNT - DIAMONDS,JEWEL SALES ACCOUNT - DIAMONDS,DI. RA 30,DI. RA 30,true,true,true,false
667,667,JH/2526/ 983,JH2526983,JEWEL SALES ACCOUNT - DIAMONDS,JEWEL SALES ACCOUNT - DIAMONDS,DI. RA 30,DI. RA 30,true,true,true,false
668,668,JH/2526/ 994,JH2526994,JEWEL SALES ACCOUNT - DIAMONDS,JEWEL SALES ACCOUNT - DIAMONDS,DI. RA 30,DI. RA 30,true,true,true,false
669,669,JH/2526/ 995,JH2526995,JEWEL SALES ACCOUNT - DIAMONDS,JEWEL SALES ACCOUNT - DIAMONDS,DI. RA 30,DI. RA 30,true,true,true,false
670,670,JH/2526/ 997,JH2526997,JEWEL SALES ACCOUNT - DIAMONDS,JEWEL SALES ACCOUNT - DIAMONDS,DI. RA 30,DI. RA 30,true,true,true,false
671,671,JH/2526/ 1003,JH25261003,JEWEL SALES ACCOUNT - DIAMONDS,JEWEL SALES ACCOUNT - DIAMONDS,DI. RA 30,DI. RA 30,true,true,true,false
672,672,JH/2526/ 1023,JH25261023,JEWEL SALES ACCOUNT - DIAMONDS,JEWEL SALES ACCOUNT - DIAMONDS,DI. RA 30,DI. RA 30,true,true,true,false
673,673,JH/2526/ 1039,JH25261039,JEWEL SALES ACCOUNT - DIAMONDS,JEWEL SALES ACCOUNT - DIAMONDS,DI. RA 30,DI. RA 30,true,true,true,false
674,674,JH/2526/ 1085,JH25261085,JEWEL SALES ACCOUNT - DIAMONDS,JEWEL SALES ACCOUNT - DIAMONDS,DI. RA 30,DI. RA 30,true,true,true,false
675,675,JH/2526/ 41,JH252641,JEWEL SALES ACCOUNT - DIAMONDS,JEWEL SALES ACCOUNT - DIAMONDS,DI. RA 35,DI. RA 35,true,true,true,false
676,676,JH/2526/ 55,JH252655,JEWEL SALES ACCOUNT - DIAMONDS,JEWEL SALES ACCOUNT - DIAMONDS,DI. RA 35,DI. RA 35,true,true,true,false
677,677,JH/2526/ 66,JH252666,JEWEL SALES ACCOUNT - DIAMONDS,JEWEL SALES ACCOUNT - DIAMONDS,DI. RA 35,DI. RA 35,true,true,true,false
678,678,JH/2526/ 73,JH252673,JEWEL SALES ACCOUNT - DIAMONDS,JEWEL SALES ACCOUNT - DIAMONDS,DI. RA 35,DI. RA 35,true,true,true,false
679,679,JH/2526/ 95,JH252695,JEWEL SALES ACCOUNT - DIAMONDS,JEWEL SALES ACCOUNT - DIAMONDS,DI. RA 35,DI. RA 35,true,true,true,false
680,680,JH/2526/ 96,JH252696,JEWEL SALES ACCOUNT - DIAMONDS,JEWEL SALES ACCOUNT - DIAMONDS,DI. RA 35,DI. RA 35,true,true,true,false
681,681,JH/2526/ 150,JH2526150,JEWEL SALES ACCOUNT - DIAMONDS,JEWEL SALES ACCOUNT - DIAMONDS,DI. RA 35,DI. RA 35,true,true,true,false
682,682,JH/2526/ 155,JH2526155,JEWEL SALES ACCOUNT - DIAMONDS,JEWEL SALES ACCOUNT - DIAMONDS,DI. RA 35,DI. RA 35,true,true,true,false
683,683,JH/2526/ 175,JH2526175,JEWEL SALES ACCOUNT - DIAMONDS,JEWEL SALES ACCOUNT - DIAMONDS,DI. RA 35,DI. RA 35,true,true,true,false
684,684,JH/2526/ 187,JH2526187,JEWEL SALES ACCOUNT - DIAMONDS,JEWEL SALES ACCOUNT - DIAMONDS,DI. RA 35,DI. RA 35,true,true,true,false
685,685,JH/2526/ 191,JH2526191,JEWEL SALES ACCOUNT - DIAMONDS,JEWEL SALES ACCOUNT - DIAMONDS,DI. RA 35,DI. RA 35,true,true,true,false
686,686,JH/2526/ 203,JH2526203,JEWEL SALES ACCOUNT - DIAMONDS,JEWEL SALES ACCOUNT - DIAMONDS,DI. RA 35,DI. RA 35,true,true,true,false
687,687,JH/2526/ 265,JH2526265,JEWEL SALES ACCOUNT - DIAMONDS,JEWEL SALES ACCOUNT - DIAMONDS,DI. RA 35,DI. RA 35,true,true,true,false
688,688,JH/2526/ 297,JH2526297,JEWEL SALES ACCOUNT - DIAMONDS,JEWEL SALES ACCOUNT - DIAMONDS,DI. RA 35,DI. RA 35,true,true,true,false
689,689,JH/2526/ 298,JH2526298,JEWEL SALES ACCOUNT - DIAMONDS,JEWEL SALES ACCOUNT - DIAMONDS,DI. RA 35,DI. RA 35,true,true,true,false
690,690,JH/2526/ 298,JH2526298,JEWEL SALES ACCOUNT - DIAMONDS,JEWEL SALES ACCOUNT - DIAMONDS,DI. RA 35,DI. RA 35,true,true,true,false
691,691,JH/2526/ 317,JH2526317,JEWEL SALES ACCOUNT - DIAMONDS,JEWEL SALES ACCOUNT - DIAMONDS,DI. RA 35,DI. RA 35,true,true,true,false
692,692,JH/2526/ 317,JH2526317,JEWEL SALES ACCOUNT - DIAMONDS,JEWEL SALES ACCOUNT - DIAMONDS,DI. RA 35,DI. RA 35,true,true,true,false
693,693,JH/2526/ 317,JH2526317,JEWEL SALES ACCOUNT - DIAMONDS,JEWEL SALES ACCOUNT - DIAMONDS,DI. RA 35,DI. RA 35,true,true,true,false
694,694,JH/2526/ 324,JH2526324,JEWEL SALES ACCOUNT - DIAMONDS,JEWEL SALES ACCOUNT - DIAMONDS,DI. RA 35,DI. RA 35,true,true,true,false
695,695,JH/2526/ 329,JH2526329,JEWEL SALES ACCOUNT - DIAMONDS,JEWEL SALES ACCOUNT - DIAMONDS,DI. RA 35,DI. RA 35,true,true,true,false
696,696,JH/2526/ 339,JH2526339,JEWEL SALES ACCOUNT - DIAMONDS,JEWEL SALES ACCOUNT - DIAMONDS,DI. RA 35,DI. RA 35,true,true,true,false
697,697,JH/2526/ 347,JH2526347,JEWEL SALES ACCOUNT - DIAMONDS,JEWEL SALES ACCOUNT - DIAMONDS,DI. RA 35,DI. RA 35,true,true,true,false
698,698,JH/2526/ 355,JH2526355,JEWEL SALES ACCOUNT - DIAMONDS,JEWEL SALES ACCOUNT - DIAMONDS,DI. RA 35,DI. RA 35,true,true,true,false
699,699,JH/2526/ 361,JH2526361,JEWEL SALES ACCOUNT - DIAMONDS,JEWEL SALES ACCOUNT - DIAMONDS,DI. RA 35,DI. RA 35,true,true,true,false
700,700,JH/2526/ 376,JH2526376,JEWEL SALES ACCOUNT - DIAMONDS,JEWEL SALES ACCOUNT - DIAMONDS,DI. RA 35,DI. RA 35,true,true,true,false
701,701,JH/2526/ 414,JH2526414,JEWEL SALES ACCOUNT - DIAMONDS,JEWEL SALES ACCOUNT - DIAMONDS,DI. RA 35,DI. RA 35,true,true,true,false
702,702,JH/2526/ 420,JH2526420,JEWEL SALES ACCOUNT - DIAMONDS,JEWEL SALES ACCOUNT - DIAMONDS,DI. RA 35,DI. RA 35,true,true,true,false
703,703,JH/2526/ 426,JH2526426,JEWEL SALES ACCOUNT - DIAMONDS,JEWEL SALES ACCOUNT - DIAMONDS,DI. RA 35,DI. RA 35,true,true,true,false
704,704,JH/2526/ 438,JH2526438,JEWEL SALES ACCOUNT - DIAMONDS,JEWEL SALES ACCOUNT - DIAMONDS,DI. RA 35,DI. RA 35,true,true,true,false
705,705,JH/2526/ 459,JH2526459,JEWEL SALES ACCOUNT - DIAMONDS,JEWEL SALES ACCOUNT - DIAMONDS,DI. RA 35,DI. RA 35,true,true,true,false
706,706,JH/2526/ 496,JH2526496,JEWEL SALES ACCOUNT - DIAMONDS,JEWEL SALES ACCOUNT - DIAMONDS,DI. RA 35,DI. RA 35,true,true,true,false
707,707,JH/2526/ 496,JH2526496,JEWEL SALES ACCOUNT - DIAMONDS,JEWEL SALES ACCOUNT - DIAMONDS,DI. RA 35,DI. RA 35,true,true,true,false
708,708,JH/2526/ 506,JH2526506,JEWEL SALES ACCOUNT - DIAMONDS,JEWEL SALES ACCOUNT - DIAMONDS,DI. RA 35,DI. RA 35,true,true,true,false
709,709,JH/2526/ 509,JH2526509,JEWEL SALES ACCOUNT - DIAMONDS,JEWEL SALES ACCOUNT - DIAMONDS,DI. RA 35,DI. RA 35,true,true,true,false
710,710,JH/2526/ 511,JH2526511,JEWEL SALES ACCOUNT - DIAMONDS,JEWEL SALES ACCOUNT - DIAMONDS,DI. RA 35,DI. RA 35,true,true,true,false
711,711,JH/2526/ 518,JH2526518,JEWEL SALES ACCOUNT - DIAMONDS,JEWEL SALES ACCOUNT - DIAMONDS,DI. RA 35,DI. RA 35,true,true,true,false
712,712,JH/2526/ 521,JH2526521,JEWEL SALES ACCOUNT - DIAMONDS,JEWEL SALES ACCOUNT - DIAMONDS,DI. RA 35,DI. RA 35,true,true,true,false
713,713,JH/2526/ 523,JH2526523,JEWEL SALES ACCOUNT - DIAMONDS,JEWEL SALES ACCOUNT - DIAMONDS,DI. RA 35,DI. RA 35,true,true,true,false
714,714,JH/2526/ 527,JH2526527,JEWEL SALES ACCOUNT - DIAMONDS,JEWEL SALES ACCOUNT - DIAMONDS,DI. RA 35,DI. RA 35,true,true,true,false
715,715,JH/2526/ 558,JH2526558,JEWEL SALES ACCOUNT - DIAMONDS,JEWEL SALES ACCOUNT - DIAMONDS,DI. RA 35,DI. RA 35,true,true,true,false
716,716,JH/2526/ 559,JH2526559,JEWEL SALES ACCOUNT - DIAMONDS,JEWEL SALES ACCOUNT - DIAMONDS,DI. RA 35,DI. RA 35,true,true,true,false
717,717,JH/2526/ 563,JH2526563,JEWEL SALES ACCOUNT - DIAMONDS,JEWEL SALES ACCOUNT - DIAMONDS,DI. RA 35,DI. RA 35,true,true,true,false
718,718,JH/2526/ 574,JH2526574,JEWEL SALES ACCOUNT - DIAMONDS,JEWEL SALES ACCOUNT - DIAMONDS,DI. RA 35,DI. RA 35,true,true,true,false
719,719,JH/2526/ 578,JH2526578,JEWEL SALES ACCOUNT - DIAMONDS,JEWEL SALES ACCOUNT - DIAMONDS,DI. RA 35,DI. RA 35,true,true,true,false
720,720,JH/2526/ 580,JH2526580,JEWEL SALES ACCOUNT - DIAMONDS,JEWEL SALES ACCOUNT - DIAMONDS,DI. RA 35,DI. RA 35,true,true,true,false
721,721,JH/2526/ 592,JH2526592,JEWEL SALES ACCOUNT - DIAMONDS,JEWEL SALES ACCOUNT - DIAMONDS,DI. RA 35,DI. RA 35,true,true,true,false
722,722,JH/2526/ 597,JH2526597,JEWEL SALES ACCOUNT - DIAMONDS,JEWEL SALES ACCOUNT - DIAMONDS,DI. RA 35,DI. RA 35,true,true,true,false
723,723,JH/2526/ 600,JH2526600,JEWEL SALES ACCOUNT - DIAMONDS,JEWEL SALES ACCOUNT - DIAMONDS,DI. RA 35,DI. RA 35,true,true,true,false
724,724,JH/2526/ 609,JH2526609,JEWEL SALES ACCOUNT - DIAMONDS,JEWEL SALES ACCOUNT - DIAMONDS,DI. RA 35,DI. RA 35,true,true,true,false
725,725,JH/2526/ 620,JH2526620,JEWEL SALES ACCOUNT - DIAMONDS,JEWEL SALES ACCOUNT - DIAMONDS,DI. RA 35,DI. RA 35,true,true,true,false
726,726,JH/2526/ 685,JH2526685,JEWEL SALES ACCOUNT - DIAMONDS,JEWEL SALES ACCOUNT - DIAMONDS,DI. RA 35,DI. RA 35,true,true,true,false
727,727,JH/2526/ 690,JH2526690,JEWEL SALES ACCOUNT - DIAMONDS,JEWEL SALES ACCOUNT - DIAMONDS,DI. RA 35,DI. RA 35,true,true,true,false
728,728,JH/2526/ 698,JH2526698,JEWEL SALES ACCOUNT - DIAMONDS,JEWEL SALES ACCOUNT - DIAMONDS,DI. RA 35,DI. RA 35,true,true,true,false
729,729,JH/2526/ 731,JH2526731,JEWEL SALES ACCOUNT - DIAMONDS,JEWEL SALES ACCOUNT - DIAMONDS,DI. RA 35,DI. RA 35,true,true,true,false
730,730,JH/2526/ 768,JH2526768,JEWEL SALES ACCOUNT - DIAMONDS,JEWEL SALES ACCOUNT - DIAMONDS,DI. RA 35,DI. RA 35,true,true,true,false
731,731,JH/2526/ 797,JH2526797,JEWEL SALES ACCOUNT - DIAMONDS,JEWEL SALES ACCOUNT - DIAMONDS,DI. RA 35,DI. RA 35,true,true,true,false
732,732,JH/2526/ 814,JH2526814,JEWEL SALES ACCOUNT - DIAMONDS,JEWEL SALES ACCOUNT - DIAMONDS,DI. RA 35,DI. RA 35,true,true,true,false
733,733,JH/2526/ 816,JH2526816,JEWEL SALES ACCOUNT - DIAMONDS,JEWEL SALES ACCOUNT - DIAMONDS,DI. RA 35,DI. RA 35,true,true,true,false
734,734,JH/2526/ 818,JH2526818,JEWEL SALES ACCOUNT - DIAMONDS,JEWEL SALES ACCOUNT - DIAMONDS,DI. RA 35,DI. RA 35,true,true,true,false
735,735,JH/2526/ 823,JH2526823,JEWEL SALES ACCOUNT - DIAMONDS,JEWEL SALES ACCOUNT - DIAMONDS,DI. RA 35,DI. RA 35,true,true,true,false
736,736,JH/2526/ 823,JH2526823,JEWEL SALES ACCOUNT - DIAMONDS,JEWEL SALES ACCOUNT - DIAMONDS,DI. RA 35,DI. RA 35,true,true,true,false
737,737,JH/2526/ 850,JH2526850,JEWEL SALES ACCOUNT - DIAMONDS,JEWEL SALES ACCOUNT - DIAMONDS,DI. RA 35,DI. RA 35,true,true,true,false
738,738,JH/2526/ 852,JH2526852,JEWEL SALES ACCOUNT - DIAMONDS,JEWEL SALES ACCOUNT - DIAMONDS,DI. RA 35,DI. RA 35,true,true,true,false
739,739,JH/2526/ 856,JH2526856,JEWEL SALES ACCOUNT - DIAMONDS,JEWEL SALES ACCOUNT - DIAMONDS,DI. RA 35,DI. RA 35,true,true,true,false
740,740,JH/2526/ 865,JH2526865,JEWEL SALES ACCOUNT - DIAMONDS,JEWEL SALES ACCOUNT - DIAMONDS,DI. RA 35,DI. RA 35,true,true,true,false
741,741,JH/2526/ 871,JH2526871,JEWEL SALES ACCOUNT - DIAMONDS,JEWEL SALES ACCOUNT - DIAMONDS,DI. RA 35,DI. RA 35,true,true,true,false
742,742,JH/2526/ 884,JH2526884,JEWEL SALES ACCOUNT - DIAMONDS,JEWEL SALES ACCOUNT - DIAMONDS,DI. RA 35,DI. RA 35,true,true,true,false
743,743,JH/2526/ 895,JH2526895,JEWEL SALES ACCOUNT - DIAMONDS,JEWEL SALES ACCOUNT - DIAMONDS,DI. RA 35,DI. RA 35,true,true,true,false
744,744,JH/2526/ 909,JH2526909,JEWEL SALES ACCOUNT - DIAMONDS,JEWEL SALES ACCOUNT - DIAMONDS,DI. RA 35,DI. RA 35,true,true,true,false
745,745,JH/2526/ 928,JH2526928,JEWEL SALES ACCOUNT - DIAMONDS,JEWEL SALES ACCOUNT - DIAMONDS,DI. RA 35,DI. RA 35,true,true,true,false
746,746,JH/2526/ 939,JH2526939,JEWEL SALES ACCOUNT - DIAMONDS,JEWEL SALES ACCOUNT - DIAMONDS,DI. RA 35,DI. RA 35,true,true,true,false
747,747,JH/2526/ 940,JH2526940,JEWEL SALES ACCOUNT - DIAMONDS,JEWEL SALES ACCOUNT - DIAMONDS,DI. RA 35,DI. RA 35,true,true,true,false
748,748,JH/2526/ 959,JH2526959,JEWEL SALES ACCOUNT - DIAMONDS,JEWEL SALES ACCOUNT - DIAMONDS,DI. RA 35,DI. RA 35,true,true,true,false
749,749,JH/2526/ 1022,JH25261022,JEWEL SALES ACCOUNT - DIAMONDS,JEWEL SALES ACCOUNT - DIAMONDS,DI. RA 35,DI. RA 35,true,true,true,false
750,750,JH/2526/ 1038,JH25261038,JEWEL SALES ACCOUNT - DIAMONDS,JEWEL SALES ACCOUNT - DIAMONDS,DI. RA 35,DI. RA 35,true,true,true,false
751,751,JH/2526/ 1042,JH25261042,JEWEL SALES ACCOUNT - DIAMONDS,JEWEL SALES ACCOUNT - DIAMONDS,DI. RA 35,DI. RA 35,true,true,true,false
752,752,JH/2526/ 1049,JH25261049,JEWEL SALES ACCOUNT - DIAMONDS,JEWEL SALES ACCOUNT - DIAMONDS,DI. RA 35,DI. RA 35,true,true,true,false
753,753,JH/2526/ 1058,JH25261058,JEWEL SALES ACCOUNT - DIAMONDS,JEWEL SALES ACCOUNT - DIAMONDS,DI. RA 35,DI. RA 35,true,true,true,false
754,754,JH/2526/ 1066,JH25261066,JEWEL SALES ACCOUNT - DIAMONDS,JEWEL SALES ACCOUNT - DIAMONDS,DI. RA 35,DI. RA 35,true,true,true,false
755,755,JH/2526/ 1067,JH25261067,JEWEL SALES ACCOUNT - DIAMONDS,JEWEL SALES ACCOUNT - DIAMONDS,DI. RA 35,DI. RA 35,true,true,true,false
756,756,JH/2526/ 1067,JH25261067,JEWEL SALES ACCOUNT - DIAMONDS,JEWEL SALES ACCOUNT - DIAMONDS,DI. RA 35,DI. RA 35,true,true,true,false
757,757,JH/2526/ 1087,JH25261087,JEWEL SALES ACCOUNT - DIAMONDS,JEWEL SALES ACCOUNT - DIAMONDS,DI. RA 35,DI. RA 35,true,true,true,false
758,758,JH/2526/ 16,JH252616,JEWEL SALES ACCOUNT - DIAMONDS,JEWEL SALES ACCOUNT - DIAMONDS,DI. RA 40,DI. RA 40,true,true,true,false
759,759,JH/2526/ 16,JH252616,JEWEL SALES ACCOUNT - DIAMONDS,JEWEL SALES ACCOUNT - DIAMONDS,DI. RA 40,DI. RA 40,true,true,true,false
760,760,JH/2526/ 17,JH252617,JEWEL SALES ACCOUNT - DIAMONDS,JEWEL SALES ACCOUNT - DIAMONDS,DI. RA 40,DI. RA 40,true,true,true,false
761,761,JH/2526/ 19,JH252619,JEWEL SALES ACCOUNT - DIAMONDS,JEWEL SALES ACCOUNT - DIAMONDS,DI. RA 40,DI. RA 40,true,true,true,false
762,762,JH/2526/ 19,JH252619,JEWEL SALES ACCOUNT - DIAMONDS,JEWEL SALES ACCOUNT - DIAMONDS,DI. RA 40,DI. RA 40,true,true,true,false
763,763,JH/2526/ 20,JH252620,JEWEL SALES ACCOUNT - DIAMONDS,JEWEL SALES ACCOUNT - DIAMONDS,DI. RA 40,DI. RA 40,true,true,true,false
764,764,JH/2526/ 73,JH252673,JEWEL SALES ACCOUNT - DIAMONDS,JEWEL SALES ACCOUNT - DIAMONDS,DI. RA 40,DI. RA 40,true,true,true,false
765,765,JH/2526/ 89,JH252689,JEWEL SALES ACCOUNT - DIAMONDS,JEWEL SALES ACCOUNT - DIAMONDS,DI. RA 40,DI. RA 40,true,true,true,false
766,766,JH/2526/ 89,JH252689,JEWEL SALES ACCOUNT - DIAMONDS,JEWEL SALES ACCOUNT - DIAMONDS,DI. RA 40,DI. RA 40,true,true,true,false
767,767,JH/2526/ 91,JH252691,JEWEL SALES ACCOUNT - DIAMONDS,JEWEL SALES ACCOUNT - DIAMONDS,DI. RA 40,DI. RA 40,true,true,true,false
768,768,JH/2526/ 129,JH2526129,JEWEL SALES ACCOUNT - DIAMONDS,JEWEL SALES ACCOUNT - DIAMONDS,DI. RA 40,DI. RA 40,true,true,true,false
769,769,JH/2526/ 182,JH2526182,JEWEL SALES ACCOUNT - DIAMONDS,JEWEL SALES ACCOUNT - DIAMONDS,DI. RA 40,DI. RA 40,true,true,true,false
770,770,JH/2526/ 195,JH2526195,JEWEL SALES ACCOUNT - DIAMONDS,JEWEL SALES ACCOUNT - DIAMONDS,DI. RA 40,DI. RA 40,true,true,true,false
771,771,JH/2526/ 214,JH2526214,JEWEL SALES ACCOUNT - DIAMONDS,JEWEL SALES ACCOUNT - DIAMONDS,DI. RA 40,DI. RA 40,true,true,true,false
772,772,JH/2526/ 229,JH2526229,JEWEL SALES ACCOUNT - DIAMONDS,JEWEL SALES ACCOUNT - DIAMONDS,DI. RA 40,DI. RA 40,true,true,true,false
773,773,JH/2526/ 229,JH2526229,JEWEL SALES ACCOUNT - DIAMONDS,JEWEL SALES ACCOUNT - DIAMONDS,DI. RA 40,DI. RA 40,true,true,true,false
774,774,JH/2526/ 232,JH2526232,JEWEL SALES ACCOUNT - DIAMONDS,JEWEL SALES ACCOUNT - DIAMONDS,DI. RA 40,DI. RA 40,true,true,true,false
775,775,JH/2526/ 243,JH2526243,JEWEL SALES ACCOUNT - DIAMONDS,JEWEL SALES ACCOUNT - DIAMONDS,DI. RA 40,DI. RA 40,true,true,true,false
776,776,JH/2526/ 247,JH2526247,JEWEL SALES ACCOUNT - DIAMONDS,JEWEL SALES ACCOUNT - DIAMONDS,DI. RA 40,DI. RA 40,true,true,true,false
777,777,JH/2526/ 250,JH2526250,JEWEL SALES ACCOUNT - DIAMONDS,JEWEL SALES ACCOUNT - DIAMONDS,DI. RA 40,DI. RA 40,true,true,true,false
778,778,JH/2526/ 253,JH2526253,JEWEL SALES ACCOUNT - DIAMONDS,JEWEL SALES ACCOUNT - DIAMONDS,DI. RA 40,DI. RA 40,true,true,true,false
779,779,JH/2526/ 253,JH2526253,JEWEL SALES ACCOUNT - DIAMONDS,JEWEL SALES ACCOUNT - DIAMONDS,DI. RA 40,DI. RA 40,true,true,true,false
780,780,JH/2526/ 268,JH2526268,JEWEL SALES ACCOUNT - DIAMONDS,JEWEL SALES ACCOUNT - DIAMONDS,DI. RA 40,DI. RA 40,true,true,true,false
781,781,JH/2526/ 269,JH2526269,JEWEL SALES ACCOUNT - DIAMONDS,JEWEL SALES ACCOUNT - DIAMONDS,DI. RA 40,DI. RA 40,true,true,true,false
782,782,JH/2526/ 270,JH2526270,JEWEL SALES ACCOUNT - DIAMONDS,JEWEL SALES ACCOUNT - DIAMONDS,DI. RA 40,DI. RA 40,true,true,true,false
783,783,JH/2526/ 270,JH2526270,JEWEL SALES ACCOUNT - DIAMONDS,JEWEL SALES ACCOUNT - DIAMONDS,DI. RA 40,DI. RA 40,true,true,true,false
784,784,JH/2526/ 274,JH2526274,JEWEL SALES ACCOUNT - DIAMONDS,JEWEL SALES ACCOUNT - DIAMONDS,DI. RA 40,DI. RA 40,true,true,true,false
785,785,JH/2526/ 275,JH2526275,JEWEL SALES ACCOUNT - DIAMONDS,JEWEL SALES ACCOUNT - DIAMONDS,DI. RA 40,DI. RA 40,true,true,true,false
786,786,JH/2526/ 276,JH2526276,JEWEL SALES ACCOUNT - DIAMONDS,JEWEL SALES ACCOUNT - DIAMONDS,DI. RA 40,DI. RA 40,true,true,true,false
787,787,JH/2526/ 284,JH2526284,JEWEL SALES ACCOUNT - DIAMONDS,JEWEL SALES ACCOUNT - DIAMONDS,DI. RA 40,DI. RA 40,true,true,true,false
788,788,JH/2526/ 285,JH2526285,JEWEL SALES ACCOUNT - DIAMONDS,JEWEL SALES ACCOUNT - DIAMONDS,DI. RA 40,DI. RA 40,true,true,true,false
789,789,JH/2526/ 287,JH2526287,JEWEL SALES ACCOUNT - DIAMONDS,JEWEL SALES ACCOUNT - DIAMONDS,DI. RA 40,DI. RA 40,true,true,true,false
790,790,JH/2526/ 287,JH2526287,JEWEL SALES ACCOUNT - DIAMONDS,JEWEL SALES ACCOUNT - DIAMONDS,DI. RA 40,DI. RA 40,true,true,true,false
791,791,JH/2526/ 290,JH2526290,JEWEL SALES ACCOUNT - DIAMONDS,JEWEL SALES ACCOUNT - DIAMONDS,DI. RA 40,DI. RA 40,true,true,true,false
792,792,JH/2526/ 290,JH2526290,JEWEL SALES ACCOUNT - DIAMONDS,JEWEL SALES ACCOUNT - DIAMONDS,DI. RA 40,DI. RA 40,true,true,true,false
793,793,JH/2526/ 294,JH2526294,JEWEL SALES ACCOUNT - DIAMONDS,JEWEL SALES ACCOUNT - DIAMONDS,DI. RA 40,DI. RA 40,true,true,true,false
794,794,JH/2526/ 310,JH2526310,JEWEL SALES ACCOUNT - DIAMONDS,JEWEL SALES ACCOUNT - DIAMONDS,DI. RA 40,DI. RA 40,true,true,true,false
795,795,JH/2526/ 316,JH2526316,JEWEL SALES ACCOUNT - DIAMONDS,JEWEL SALES ACCOUNT - DIAMONDS,DI. RA 40,DI. RA 40,true,true,true,false
796,796,JH/2526/ 322,JH2526322,JEWEL SALES ACCOUNT - DIAMONDS,JEWEL SALES ACCOUNT - DIAMONDS,DI. RA 40,DI. RA 40,true,true,true,false
797,797,JH/2526/ 325,JH2526325,JEWEL SALES ACCOUNT - DIAMONDS,JEWEL SALES ACCOUNT - DIAMONDS,DI. RA 40,DI. RA 40,true,true,true,false
798,798,JH/2526/ 325,JH2526325,JEWEL SALES ACCOUNT - DIAMONDS,JEWEL SALES ACCOUNT - DIAMONDS,DI. RA 40,DI. RA 40,true,true,true,false
799,799,JH/2526/ 329,JH2526329,JEWEL SALES ACCOUNT - DIAMONDS,JEWEL SALES ACCOUNT - DIAMONDS,DI. RA 40,DI. RA 40,true,true,true,false
800,800,JH/2526/ 338,JH2526338,JEWEL SALES ACCOUNT - DIAMONDS,JEWEL SALES ACCOUNT - DIAMONDS,DI. RA 40,DI. RA 40,true,true,true,false
801,801,JH/2526/ 358,JH2526358,JEWEL SALES ACCOUNT - DIAMONDS,JEWEL SALES ACCOUNT - DIAMONDS,DI. RA 40,DI. RA 40,true,true,true,false
802,802,JH/2526/ 364,JH2526364,JEWEL SALES ACCOUNT - DIAMONDS,JEWEL SALES ACCOUNT - DIAMONDS,DI. RA 40,DI. RA 40,true,true,true,false
803,803,JH/2526/ 366,JH2526366,JEWEL SALES ACCOUNT - DIAMONDS,JEWEL SALES ACCOUNT - DIAMONDS,DI. RA 40,DI. RA 40,true,true,true,false
804,804,JH/2526/ 369,JH2526369,JEWEL SALES ACCOUNT - DIAMONDS,JEWEL SALES ACCOUNT - DIAMONDS,DI. RA 40,DI. RA 40,true,true,true,false
805,805,JH/2526/ 371,JH2526371,JEWEL SALES ACCOUNT - DIAMONDS,JEWEL SALES ACCOUNT - DIAMONDS,DI. RA 40,DI. RA 40,true,true,true,false
806,806,JH/2526/ 375,JH2526375,JEWEL SALES ACCOUNT - DIAMONDS,JEWEL SALES ACCOUNT - DIAMONDS,DI. RA 40,DI. RA 40,true,true,true,false
807,807,JH/2526/ 376,JH2526376,JEWEL SALES ACCOUNT - DIAMONDS,JEWEL SALES ACCOUNT - DIAMONDS,DI. RA 40,DI. RA 40,true,true,true,false
808,808,JH/2526/ 376,JH2526376,JEWEL SALES ACCOUNT - DIAMONDS,JEWEL SALES ACCOUNT - DIAMONDS,DI. RA 40,DI. RA 40,true,true,true,false
809,809,JH/2526/ 390,JH2526390,JEWEL SALES ACCOUNT - DIAMONDS,JEWEL SALES ACCOUNT - DIAMONDS,DI. RA 40,DI. RA 40,true,true,true,false
810,810,JH/2526/ 392,JH2526392,JEWEL SALES ACCOUNT - DIAMONDS,JEWEL SALES ACCOUNT - DIAMONDS,DI. RA 40,DI. RA 40,true,true,true,false
811,811,JH/2526/ 413,JH2526413,JEWEL SALES ACCOUNT - DIAMONDS,JEWEL SALES ACCOUNT - DIAMONDS,DI. RA 40,DI. RA 40,true,true,true,false
812,812,JH/2526/ 415,JH2526415,JEWEL SALES ACCOUNT - DIAMONDS,JEWEL SALES ACCOUNT - DIAMONDS,DI. RA 40,DI. RA 40,true,true,true,false
813,813,JH/2526/ 418,JH2526418,JEWEL SALES ACCOUNT - DIAMONDS,JEWEL SALES ACCOUNT - DIAMONDS,DI. RA 40,DI. RA 40,true,true,true,false
814,814,JH/2526/ 418,JH2526418,JEWEL SALES ACCOUNT - DIAMONDS,JEWEL SALES ACCOUNT - DIAMONDS,DI. RA 40,DI. RA 40,true,true,true,false
815,815,JH/2526/ 420,JH2526420,JEWEL SALES ACCOUNT - DIAMONDS,JEWEL SALES ACCOUNT - DIAMONDS,DI. RA 40,DI. RA 40,true,true,true,false
816,816,JH/2526/ 422,JH2526422,JEWEL SALES ACCOUNT - DIAMONDS,JEWEL SALES ACCOUNT - DIAMONDS,DI. RA 40,DI. RA 40,true,true,true,false
817,817,JH/2526/ 426,JH2526426,JEWEL SALES ACCOUNT - DIAMONDS,JEWEL SALES ACCOUNT - DIAMONDS,DI. RA 40,DI. RA 40,true,true,true,false
818,818,JH/2526/ 428,JH2526428,JEWEL SALES ACCOUNT - DIAMONDS,JEWEL SALES ACCOUNT - DIAMONDS,DI. RA 40,DI. RA 40,true,true,true,false
819,819,JH/2526/ 449,JH2526449,JEWEL SALES ACCOUNT - DIAMONDS,JEWEL SALES ACCOUNT - DIAMONDS,DI. RA 40,DI. RA 40,true,true,true,false
820,820,JH/2526/ 450,JH2526450,JEWEL SALES ACCOUNT - DIAMONDS,JEWEL SALES ACCOUNT - DIAMONDS,DI. RA 40,DI. RA 40,true,true,true,false
821,821,JH/2526/ 450,JH2526450,JEWEL SALES ACCOUNT - DIAMONDS,JEWEL SALES ACCOUNT - DIAMONDS,DI. RA 40,DI. RA 40,true,true,true,false
822,822,JH/2526/ 479,JH2526479,JEWEL SALES ACCOUNT - DIAMONDS,JEWEL SALES ACCOUNT - DIAMONDS,DI. RA 40,DI. RA 40,true,true,true,false
823,823,JH/2526/ 506,JH2526506,JEWEL SALES ACCOUNT - DIAMONDS,JEWEL SALES ACCOUNT - DIAMONDS,DI. RA 40,DI. RA 40,true,true,true,false
824,824,JH/2526/ 524,JH2526524,JEWEL SALES ACCOUNT - DIAMONDS,JEWEL SALES ACCOUNT - DIAMONDS,DI. RA 40,DI. RA 40,true,true,true,false
825,825,JH/2526/ 549,JH2526549,JEWEL SALES ACCOUNT - DIAMONDS,JEWEL SALES ACCOUNT - DIAMONDS,DI. RA 40,DI. RA 40,true,true,true,false
826,826,JH/2526/ 562,JH2526562,JEWEL SALES ACCOUNT - DIAMONDS,JEWEL SALES ACCOUNT - DIAMONDS,DI. RA 40,DI. RA 40,true,true,true,false
827,827,JH/2526/ 563,JH2526563,JEWEL SALES ACCOUNT - DIAMONDS,JEWEL SALES ACCOUNT - DIAMONDS,DI. RA 40,DI. RA 40,true,true,true,false
828,828,JH/2526/ 563,JH2526563,JEWEL SALES ACCOUNT - DIAMONDS,JEWEL SALES ACCOUNT - DIAMONDS,DI. RA 40,DI. RA 40,true,true,true,false
829,829,JH/2526/ 564,JH2526564,JEWEL SALES ACCOUNT - DIAMONDS,JEWEL SALES ACCOUNT - DIAMONDS,DI. RA 40,DI. RA 40,true,true,true,false
830,830,JH/2526/ 566,JH2526566,JEWEL SALES ACCOUNT - DIAMONDS,JEWEL SALES ACCOUNT - DIAMONDS,DI. RA 40,DI. RA 40,true,true,true,false
831,831,JH/2526/ 577,JH2526577,JEWEL SALES ACCOUNT - DIAMONDS,JEWEL SALES ACCOUNT - DIAMONDS,DI. RA 40,DI. RA 40,true,true,true,false
832,832,JH/2526/ 611,JH2526611,JEWEL SALES ACCOUNT - DIAMONDS,JEWEL SALES ACCOUNT - DIAMONDS,DI. RA 40,DI. RA 40,true,true,true,false
833,833,JH/2526/ 650,JH2526650,JEWEL SALES ACCOUNT - DIAMONDS,JEWEL SALES ACCOUNT - DIAMONDS,DI. RA 40,DI. RA 40,true,true,true,false
834,834,JH/2526/ 670,JH2526670,JEWEL SALES ACCOUNT - DIAMONDS,JEWEL SALES ACCOUNT - DIAMONDS,DI. RA 40,DI. RA 40,true,true,true,false
835,835,JH/2526/ 671,JH2526671,JEWEL SALES ACCOUNT - DIAMONDS,JEWEL SALES ACCOUNT - DIAMONDS,DI. RA 40,DI. RA 40,true,true,true,false
836,836,JH/2526/ 684,JH2526684,JEWEL SALES ACCOUNT - DIAMONDS,JEWEL SALES ACCOUNT - DIAMONDS,DI. RA 40,DI. RA 40,true,true,true,false
837,837,JH/2526/ 686,JH2526686,JEWEL SALES ACCOUNT - DIAMONDS,JEWEL SALES ACCOUNT - DIAMONDS,DI. RA 40,DI. RA 40,true,true,true,false
838,838,JH/2526/ 697,JH2526697,JEWEL SALES ACCOUNT - DIAMONDS,JEWEL SALES ACCOUNT - DIAMONDS,DI. RA 40,DI. RA 40,true,true,true,false
839,839,JH/2526/ 697,JH2526697,JEWEL SALES ACCOUNT - DIAMONDS,JEWEL SALES ACCOUNT - DIAMONDS,DI. RA 40,DI. RA 40,true,true,true,false
840,840,JH/2526/ 715,JH2526715,JEWEL SALES ACCOUNT - DIAMONDS,JEWEL SALES ACCOUNT - DIAMONDS,DI. RA 40,DI. RA 40,true,true,true,false
841,841,JH/2526/ 718,JH2526718,JEWEL SALES ACCOUNT - DIAMONDS,JEWEL SALES ACCOUNT - DIAMONDS,DI. RA 40,DI. RA 40,true,true,true,false
842,842,JH/2526/ 740,JH2526740,JEWEL SALES ACCOUNT - DIAMONDS,JEWEL SALES ACCOUNT - DIAMONDS,DI. RA 40,DI. RA 40,true,true,true,false
843,843,JH/2526/ 744,JH2526744,JEWEL SALES ACCOUNT - DIAMONDS,JEWEL SALES ACCOUNT - DIAMONDS,DI. RA 40,DI. RA 40,true,true,true,false
844,844,JH/2526/ 753,JH2526753,JEWEL SALES ACCOUNT - DIAMONDS,JEWEL SALES ACCOUNT - DIAMONDS,DI. RA 40,DI. RA 40,true,true,true,false
845,845,JH/2526/ 753,JH2526753,JEWEL SALES ACCOUNT - DIAMONDS,JEWEL SALES ACCOUNT - DIAMONDS,DI. RA 40,DI. RA 40,true,true,true,false
846,846,JH/2526/ 753,JH2526753,JEWEL SALES ACCOUNT - DIAMONDS,JEWEL SALES ACCOUNT - DIAMONDS,DI. RA 40,DI. RA 40,true,true,true,false
847,847,JH/2526/ 761,JH2526761,JEWEL SALES ACCOUNT - DIAMONDS,JEWEL SALES ACCOUNT - DIAMONDS,DI. RA 40,DI. RA 40,true,true,true,false
848,848,JH/2526/ 762,JH2526762,JEWEL SALES ACCOUNT - DIAMONDS,JEWEL SALES ACCOUNT - DIAMONDS,DI. RA 40,DI. RA 40,true,true,true,false
849,849,JH/2526/ 766,JH2526766,JEWEL SALES ACCOUNT - DIAMONDS,JEWEL SALES ACCOUNT - DIAMONDS,DI. RA 40,DI. RA 40,true,true,true,false
850,850,JH/2526/ 767,JH2526767,JEWEL SALES ACCOUNT - DIAMONDS,JEWEL SALES ACCOUNT - DIAMONDS,DI. RA 40,DI. RA 40,true,true,true,false
851,851,JH/2526/ 770,JH2526770,JEWEL SALES ACCOUNT - DIAMONDS,JEWEL SALES ACCOUNT - DIAMONDS,DI. RA 40,DI. RA 40,true,true,true,false
852,852,JH/2526/ 799,JH2526799,JEWEL SALES ACCOUNT - DIAMONDS,JEWEL SALES ACCOUNT - DIAMONDS,DI. RA 40,DI. RA 40,true,true,true,false
853,853,JH/2526/ 799,JH2526799,JEWEL SALES ACCOUNT - DIAMONDS,JEWEL SALES ACCOUNT - DIAMONDS,DI. RA 40,DI. RA 40,true,true,true,false
854,854,JH/2526/ 802,JH2526802,JEWEL SALES ACCOUNT - DIAMONDS,JEWEL SALES ACCOUNT - DIAMONDS,DI. RA 40,DI. RA 40,true,true,true,false
855,855,JH/2526/ 812,JH2526812,JEWEL SALES ACCOUNT - DIAMONDS,JEWEL SALES ACCOUNT - DIAMONDS,DI. RA 40,DI. RA 40,true,true,true,false
856,856,JH/2526/ 818,JH2526818,JEWEL SALES ACCOUNT - DIAMONDS,JEWEL SALES ACCOUNT - DIAMONDS,DI. RA 40,DI. RA 40,true,true,true,false
857,857,JH/2526/ 818,JH2526818,JEWEL SALES ACCOUNT - DIAMONDS,JEWEL SALES ACCOUNT - DIAMONDS,DI. RA 40,DI. RA 40,true,true,true,false
858,858,JH/2526/ 853,JH2526853,JEWEL SALES ACCOUNT - DIAMONDS,JEWEL SALES ACCOUNT - DIAMONDS,DI. RA 40,DI. RA 40,true,true,true,false
859,859,JH/2526/ 874,JH2526874,JEWEL SALES ACCOUNT - DIAMONDS,JEWEL SALES ACCOUNT - DIAMONDS,DI. RA 40,DI. RA 40,true,true,true,false
860,860,JH/2526/ 879,JH2526879,JEWEL SALES ACCOUNT - DIAMONDS,JEWEL SALES ACCOUNT - DIAMONDS,DI. RA 40,DI. RA 40,true,true,true,false
861,861,JH/2526/ 888,JH2526888,JEWEL SALES ACCOUNT - DIAMONDS,JEWEL SALES ACCOUNT - DIAMONDS,DI. RA 40,DI. RA 40,true,true,true,false
862,862,JH/2526/ 891,JH2526891,JEWEL SALES ACCOUNT - DIAMONDS,JEWEL SALES ACCOUNT - DIAMONDS,DI. RA 40,DI. RA 40,true,true,true,false
863,863,JH/2526/ 910,JH2526910,JEWEL SALES ACCOUNT - DIAMONDS,JEWEL SALES ACCOUNT - DIAMONDS,DI. RA 40,DI. RA 40,true,true,true,false
864,864,JH/2526/ 910,JH2526910,JEWEL SALES ACCOUNT - DIAMONDS,JEWEL SALES ACCOUNT - DIAMONDS,DI. RA 40,DI. RA 40,true,true,true,false
865,865,JH/2526/ 911,JH2526911,JEWEL SALES ACCOUNT - DIAMONDS,JEWEL SALES ACCOUNT - DIAMONDS,DI. RA 40,DI. RA 40,true,true,true,false
866,866,JH/2526/ 921,JH2526921,JEWEL SALES ACCOUNT - DIAMONDS,JEWEL SALES ACCOUNT - DIAMONDS,DI. RA 40,DI. RA 40,true,true,true,false
867,867,JH/2526/ 921,JH2526921,JEWEL SALES ACCOUNT - DIAMONDS,JEWEL SALES ACCOUNT - DIAMONDS,DI. RA 40,DI. RA 40,true,true,true,false
868,868,JH/2526/ 930,JH2526930,JEWEL SALES ACCOUNT - DIAMONDS,JEWEL SALES ACCOUNT - DIAMONDS,DI. RA 40,DI. RA 40,true,true,true,false
869,869,JH/2526/ 934,JH2526934,JEWEL SALES ACCOUNT - DIAMONDS,JEWEL SALES ACCOUNT - DIAMONDS,DI. RA 40,DI. RA 40,true,true,true,false
870,870,JH/2526/ 935,JH2526935,JEWEL SALES ACCOUNT - DIAMONDS,JEWEL SALES ACCOUNT - DIAMONDS,DI. RA 40,DI. RA 40,true,true,true,false
871,871,JH/2526/ 937,JH2526937,JEWEL SALES ACCOUNT - DIAMONDS,JEWEL SALES ACCOUNT - DIAMONDS,DI. RA 40,DI. RA 40,true,true,true,false
872,872,JH/2526/ 938,JH2526938,JEWEL SALES ACCOUNT - DIAMONDS,JEWEL SALES ACCOUNT - DIAMONDS,DI. RA 40,DI. RA 40,true,true,true,false
873,873,JH/2526/ 940,JH2526940,JEWEL SALES ACCOUNT - DIAMONDS,JEWEL SALES ACCOUNT - DIAMONDS,DI. RA 40,DI. RA 40,true,true,true,false
874,874,JH/2526/ 940,JH2526940,JEWEL SALES ACCOUNT - DIAMONDS,JEWEL SALES ACCOUNT - DIAMONDS,DI. RA 40,DI. RA 40,true,true,true,false
875,875,JH/2526/ 941,JH2526941,JEWEL SALES ACCOUNT - DIAMONDS,JEWEL SALES ACCOUNT - DIAMONDS,DI. RA 40,DI. RA 40,true,true,true,false
876,876,JH/2526/ 941,JH2526941,JEWEL SALES ACCOUNT - DIAMONDS,JEWEL SALES ACCOUNT - DIAMONDS,DI. RA 40,DI. RA 40,true,true,true,false
877,877,JH/2526/ 950,JH2526950,JEWEL SALES ACCOUNT - DIAMONDS,JEWEL SALES ACCOUNT - DIAMONDS,DI. RA 40,DI. RA 40,true,true,true,false
878,878,JH/2526/ 975,JH2526975,JEWEL SALES ACCOUNT - DIAMONDS,JEWEL SALES ACCOUNT - DIAMONDS,DI. RA 40,DI. RA 40,true,true,true,false
879,879,JH/2526/ 975,JH2526975,JEWEL SALES ACCOUNT - DIAMONDS,JEWEL SALES ACCOUNT - DIAMONDS,DI. RA 40,DI. RA 40,true,true,true,false
880,880,JH/2526/ 978,JH2526978,JEWEL SALES ACCOUNT - DIAMONDS,JEWEL SALES ACCOUNT - DIAMONDS,DI. RA 40,DI. RA 40,true,true,true,false
881,881,JH/2526/ 990,JH2526990,JEWEL SALES ACCOUNT - DIAMONDS,JEWEL SALES ACCOUNT - DIAMONDS,DI. RA 40,DI. RA 40,true,true,true,false
882,882,JH/2526/ 998,JH2526998,JEWEL SALES ACCOUNT - DIAMONDS,JEWEL SALES ACCOUNT - DIAMONDS,DI. RA 40,DI. RA 40,true,true,true,false
883,883,JH/2526/ 1026,JH25261026,JEWEL SALES ACCOUNT - DIAMONDS,JEWEL SALES ACCOUNT - DIAMONDS,DI. RA 40,DI. RA 40,true,true,true,false
884,884,JH/2526/ 1062,JH25261062,JEWEL SALES ACCOUNT - DIAMONDS,JEWEL SALES ACCOUNT - DIAMONDS,DI. RA 40,DI. RA 40,true,true,true,false
885,885,JH/2526/ 1062,JH25261062,JEWEL SALES ACCOUNT - DIAMONDS,JEWEL SALES ACCOUNT - DIAMONDS,DI. RA 40,DI. RA 40,true,true,true,false
886,886,JH/2526/ 1068,JH25261068,JEWEL SALES ACCOUNT - DIAMONDS,JEWEL SALES ACCOUNT - DIAMONDS,DI. RA 40,DI. RA 40,true,true,true,false
887,887,JH/2526/ 1080,JH25261080,JEWEL SALES ACCOUNT - DIAMONDS,JEWEL SALES ACCOUNT - DIAMONDS,DI. RA 40,DI. RA 40,true,true,true,false
888,888,JH/2526/ 1081,JH25261081,JEWEL SALES ACCOUNT - DIAMONDS,JEWEL SALES ACCOUNT - DIAMONDS,DI. RA 40,DI. RA 40,true,true,true,false
889,889,JH/2526/ 1084,JH25261084,JEWEL SALES ACCOUNT - DIAMONDS,JEWEL SALES ACCOUNT - DIAMONDS,DI. RA 40,DI. RA 40,true,true,true,false
890,890,JH/2526/ 1087,JH25261087,JEWEL SALES ACCOUNT - DIAMONDS,JEWEL SALES ACCOUNT - DIAMONDS,DI. RA 40,DI. RA 40,true,true,true,false
891,891,JH/2526/ 1089,JH25261089,JEWEL SALES ACCOUNT - DIAMONDS,JEWEL SALES ACCOUNT - DIAMONDS,DI. RA 40,DI. RA 40,true,true,true,false
892,892,JH/2526/ 1089,JH25261089,JEWEL SALES ACCOUNT - DIAMONDS,JEWEL SALES ACCOUNT - DIAMONDS,DI. RA 40,DI. RA 40,true,true,true,false
893,893,JH/2526/ 1094,JH25261094,JEWEL SALES ACCOUNT - DIAMONDS,JEWEL SALES ACCOUNT - DIAMONDS,DI. RA 40,DI. RA 40,true,true,true,false
894,894,JH/2526/ 9,JH25269,JEWEL SALES ACCOUNT - DIAMONDS,JEWEL SALES ACCOUNT - DIAMONDS,DI. RA 45,DI. RA 45,true,true,true,false
895,895,JH/2526/ 19,JH252619,JEWEL SALES ACCOUNT - DIAMONDS,JEWEL SALES ACCOUNT - DIAMONDS,DI. RA 45,DI. RA 45,true,true,true,false
896,896,JH/2526/ 19,JH252619,JEWEL SALES ACCOUNT - DIAMONDS,JEWEL SALES ACCOUNT - DIAMONDS,DI. RA 45,DI. RA 45,true,true,true,false
897,897,JH/2526/ 34,JH252634,JEWEL SALES ACCOUNT - DIAMONDS,JEWEL SALES ACCOUNT - DIAMONDS,DI. RA 45,DI. RA 45,true,true,true,false
898,898,JH/2526/ 34,JH252634,JEWEL SALES ACCOUNT - DIAMONDS,JEWEL SALES ACCOUNT - DIAMONDS,DI. RA 45,DI. RA 45,true,true,true,false
899,899,JH/2526/ 62,JH252662,JEWEL SALES ACCOUNT - DIAMONDS,JEWEL SALES ACCOUNT - DIAMONDS,DI. RA 45,DI. RA 45,true,true,true,false
900,900,JH/2526/ 73,JH252673,JEWEL SALES ACCOUNT - DIAMONDS,JEWEL SALES ACCOUNT - DIAMONDS,DI. RA 45,DI. RA 45,true,true,true,false
901,901,JH/2526/ 89,JH252689,JEWEL SALES ACCOUNT - DIAMONDS,JEWEL SALES ACCOUNT - DIAMONDS,DI. RA 45,DI. RA 45,true,true,true,false
902,902,JH/2526/ 96,JH252696,JEWEL SALES ACCOUNT - DIAMONDS,JEWEL SALES ACCOUNT - DIAMONDS,DI. RA 45,DI. RA 45,true,true,true,false
903,903,JH/2526/ 150,JH2526150,JEWEL SALES ACCOUNT - DIAMONDS,JEWEL SALES ACCOUNT - DIAMONDS,DI. RA 45,DI. RA 45,true,true,true,false
904,904,JH/2526/ 150,JH2526150,JEWEL SALES ACCOUNT - DIAMONDS,JEWEL SALES ACCOUNT - DIAMONDS,DI. RA 45,DI. RA 45,true,true,true,false
905,905,JH/2526/ 155,JH2526155,JEWEL SALES ACCOUNT - DIAMONDS,JEWEL SALES ACCOUNT - DIAMONDS,DI. RA 45,DI. RA 45,true,true,true,false
906,906,JH/2526/ 175,JH2526175,JEWEL SALES ACCOUNT - DIAMONDS,JEWEL SALES ACCOUNT - DIAMONDS,DI. RA 45,DI. RA 45,true,true,true,false
907,907,JH/2526/ 175,JH2526175,JEWEL SALES ACCOUNT - DIAMONDS,JEWEL SALES ACCOUNT - DIAMONDS,DI. RA 45,DI. RA 45,true,true,true,false
908,908,JH/2526/ 191,JH2526191,JEWEL SALES ACCOUNT - DIAMONDS,JEWEL SALES ACCOUNT - DIAMONDS,DI. RA 45,DI. RA 45,true,true,true,false
909,909,JH/2526/ 198,JH2526198,JEWEL SALES ACCOUNT - DIAMONDS,JEWEL SALES ACCOUNT - DIAMONDS,DI. RA 45,DI. RA 45,true,true,true,false
910,910,JH/2526/ 198,JH2526198,JEWEL SALES ACCOUNT - DIAMONDS,JEWEL SALES ACCOUNT - DIAMONDS,DI. RA 45,DI. RA 45,true,true,true,false
911,911,JH/2526/ 203,JH2526203,JEWEL SALES ACCOUNT - DIAMONDS,JEWEL SALES ACCOUNT - DIAMONDS,DI. RA 45,DI. RA 45,true,true,true,false
912,912,JH/2526/ 213,JH2526213,JEWEL SALES ACCOUNT - DIAMONDS,JEWEL SALES ACCOUNT - DIAMONDS,DI. RA 45,DI. RA 45,true,true,true,false
913,913,JH/2526/ 270,JH2526270,JEWEL SALES ACCOUNT - DIAMONDS,JEWEL SALES ACCOUNT - DIAMONDS,DI. RA 45,DI. RA 45,true,true,true,false
914,914,JH/2526/ 287,JH2526287,JEWEL SALES ACCOUNT - DIAMONDS,JEWEL SALES ACCOUNT - DIAMONDS,DI. RA 45,DI. RA 45,true,true,true,false
915,915,JH/2526/ 329,JH2526329,JEWEL SALES ACCOUNT - DIAMONDS,JEWEL SALES ACCOUNT - DIAMONDS,DI. RA 45,DI. RA 45,true,true,true,false
916,916,JH/2526/ 377,JH2526377,JEWEL SALES ACCOUNT - DIAMONDS,JEWEL SALES ACCOUNT - DIAMONDS,DI. RA 45,DI. RA 45,true,true,true,false
917,917,JH/2526/ 398,JH2526398,JEWEL SALES ACCOUNT - DIAMONDS,JEWEL SALES ACCOUNT - DIAMONDS,DI. RA 45,DI. RA 45,true,true,true,false
918,918,JH/2526/ 415,JH2526415,JEWEL SALES ACCOUNT - DIAMONDS,JEWEL SALES ACCOUNT - DIAMONDS,DI. RA 45,DI. RA 45,true,true,true,false
919,919,JH/2526/ 422,JH2526422,JEWEL SALES ACCOUNT - DIAMONDS,JEWEL SALES ACCOUNT - DIAMONDS,DI. RA 45,DI. RA 45,true,true,true,false
920,920,JH/2526/ 426,JH2526426,JEWEL SALES ACCOUNT - DIAMONDS,JEWEL SALES ACCOUNT - DIAMONDS,DI. RA 45,DI. RA 45,true,true,true,false
921,921,JH/2526/ 427,JH2526427,JEWEL SALES ACCOUNT - DIAMONDS,JEWEL SALES ACCOUNT - DIAMONDS,DI. RA 45,DI. RA 45,true,true,true,false
922,922,JH/2526/ 450,JH2526450,JEWEL SALES ACCOUNT - DIAMONDS,JEWEL SALES ACCOUNT - DIAMONDS,DI. RA 45,DI. RA 45,true,true,true,false
923,923,JH/2526/ 469,JH2526469,JEWEL SALES ACCOUNT - DIAMONDS,JEWEL SALES ACCOUNT - DIAMONDS,DI. RA 45,DI. RA 45,true,true,true,false
924,924,JH/2526/ 506,JH2526506,JEWEL SALES ACCOUNT - DIAMONDS,JEWEL SALES ACCOUNT - DIAMONDS,DI. RA 45,DI. RA 45,true,true,true,false
925,925,JH/2526/ 520,JH2526520,JEWEL SALES ACCOUNT - DIAMONDS,JEWEL SALES ACCOUNT - DIAMONDS,DI. RA 45,DI. RA 45,true,true,true,false
926,926,JH/2526/ 520,JH2526520,JEWEL SALES ACCOUNT - DIAMONDS,JEWEL SALES ACCOUNT - DIAMONDS,DI. RA 45,DI. RA 45,true,true,true,false
927,927,JH/2526/ 563,JH2526563,JEWEL SALES ACCOUNT - DIAMONDS,JEWEL SALES ACCOUNT - DIAMONDS,DI. RA 45,DI. RA 45,true,true,true,false
928,928,JH/2526/ 563,JH2526563,JEWEL SALES ACCOUNT - DIAMONDS,JEWEL SALES ACCOUNT - DIAMONDS,DI. RA 45,DI. RA 45,true,true,true,false
929,929,JH/2526/ 578,JH2526578,JEWEL SALES ACCOUNT - DIAMONDS,JEWEL SALES ACCOUNT - DIAMONDS,DI. RA 45,DI. RA 45,true,true,true,false
930,930,JH/2526/ 597,JH2526597,JEWEL SALES ACCOUNT - DIAMONDS,JEWEL SALES ACCOUNT - DIAMONDS,DI. RA 45,DI. RA 45,true,true,true,false
931,931,JH/2526/ 607,JH2526607,JEWEL SALES ACCOUNT - DIAMONDS,JEWEL SALES ACCOUNT - DIAMONDS,DI. RA 45,DI. RA 45,true,true,true,false
932,932,JH/2526/ 620,JH2526620,JEWEL SALES ACCOUNT - DIAMONDS,JEWEL SALES ACCOUNT - DIAMONDS,DI. RA 45,DI. RA 45,true,true,true,false
933,933,JH/2526/ 620,JH2526620,JEWEL SALES ACCOUNT - DIAMONDS,JEWEL SALES ACCOUNT - DIAMONDS,DI. RA 45,DI. RA 45,true,true,true,false
934,934,JH/2526/ 620,JH2526620,JEWEL SALES ACCOUNT - DIAMONDS,JEWEL SALES ACCOUNT - DIAMONDS,DI. RA 45,DI. RA 45,true,true,true,false
935,935,JH/2526/ 630,JH2526630,JEWEL SALES ACCOUNT - DIAMONDS,JEWEL SALES ACCOUNT - DIAMONDS,DI. RA 45,DI. RA 45,true,true,true,false
936,936,JH/2526/ 630,JH2526630,JEWEL SALES ACCOUNT - DIAMONDS,JEWEL SALES ACCOUNT - DIAMONDS,DI. RA 45,DI. RA 45,true,true,true,false
937,937,JH/2526/ 635,JH2526635,JEWEL SALES ACCOUNT - DIAMONDS,JEWEL SALES ACCOUNT - DIAMONDS,DI. RA 45,DI. RA 45,true,true,true,false
938,938,JH/2526/ 636,JH2526636,JEWEL SALES ACCOUNT - DIAMONDS,JEWEL SALES ACCOUNT - DIAMONDS,DI. RA 45,DI. RA 45,true,true,true,false
939,939,JH/2526/ 647,JH2526647,JEWEL SALES ACCOUNT - DIAMONDS,JEWEL SALES ACCOUNT - DIAMONDS,DI. RA 45,DI. RA 45,true,true,true,false
940,940,JH/2526/ 648,JH2526648,JEWEL SALES ACCOUNT - DIAMONDS,JEWEL SALES ACCOUNT - DIAMONDS,DI. RA 45,DI. RA 45,true,true,true,false
941,941,JH/2526/ 697,JH2526697,JEWEL SALES ACCOUNT - DIAMONDS,JEWEL SALES ACCOUNT - DIAMONDS,DI. RA 45,DI. RA 45,true,true,true,false
942,942,JH/2526/ 697,JH2526697,JEWEL SALES ACCOUNT - DIAMONDS,JEWEL SALES ACCOUNT - DIAMONDS,DI. RA 45,DI. RA 45,true,true,true,false
943,943,JH/2526/ 805,JH2526805,JEWEL SALES ACCOUNT - DIAMONDS,JEWEL SALES ACCOUNT - DIAMONDS,DI. RA 45,DI. RA 45,true,true,true,false
944,944,JH/2526/ 816,JH2526816,JEWEL SALES ACCOUNT - DIAMONDS,JEWEL SALES ACCOUNT - DIAMONDS,DI. RA 45,DI. RA 45,true,true,true,false
945,945,JH/2526/ 816,JH2526816,JEWEL SALES ACCOUNT - DIAMONDS,JEWEL SALES ACCOUNT - DIAMONDS,DI. RA 45,DI. RA 45,true,true,true,false
946,946,JH/2526/ 852,JH2526852,JEWEL SALES ACCOUNT - DIAMONDS,JEWEL SALES ACCOUNT - DIAMONDS,DI. RA 45,DI. RA 45,true,true,true,false
947,947,JH/2526/ 858,JH2526858,JEWEL SALES ACCOUNT - DIAMONDS,JEWEL SALES ACCOUNT - DIAMONDS,DI. RA 45,DI. RA 45,true,true,true,false
948,948,JH/2526/ 871,JH2526871,JEWEL SALES ACCOUNT - DIAMONDS,JEWEL SALES ACCOUNT - DIAMONDS,DI. RA 45,DI. RA 45,true,true,true,false
949,949,JH/2526/ 910,JH2526910,JEWEL SALES ACCOUNT - DIAMONDS,JEWEL SALES ACCOUNT - DIAMONDS,DI. RA 45,DI. RA 45,true,true,true,false
950,950,JH/2526/ 910,JH2526910,JEWEL SALES ACCOUNT - DIAMONDS,JEWEL SALES ACCOUNT - DIAMONDS,DI. RA 45,DI. RA 45,true,true,true,false
951,951,JH/2526/ 910,JH2526910,JEWEL SALES ACCOUNT - DIAMONDS,JEWEL SALES ACCOUNT - DIAMONDS,DI. RA 45,DI. RA 45,true,true,true,false
952,952,JH/2526/ 940,JH2526940,JEWEL SALES ACCOUNT - DIAMONDS,JEWEL SALES ACCOUNT - DIAMONDS,DI. RA 45,DI. RA 45,true,true,true,false
953,953,JH/2526/ 948,JH2526948,JEWEL SALES ACCOUNT - DIAMONDS,JEWEL SALES ACCOUNT - DIAMONDS,DI. RA 45,DI. RA 45,true,true,true,false
954,954,JH/2526/ 975,JH2526975,JEWEL SALES ACCOUNT - DIAMONDS,JEWEL SALES ACCOUNT - DIAMONDS,DI. RA 45,DI. RA 45,true,true,true,false
955,955,JH/2526/ 985,JH2526985,JEWEL SALES ACCOUNT - DIAMONDS,JEWEL SALES ACCOUNT - DIAMONDS,DI. RA 45,DI. RA 45,true,true,true,false
956,956,JH/2526/ 1048,JH25261048,JEWEL SALES ACCOUNT - DIAMONDS,JEWEL SALES ACCOUNT - DIAMONDS,DI. RA 45,DI. RA 45,true,true,true,false
957,957,JH/2526/ 1048,JH25261048,JEWEL SALES ACCOUNT - DIAMONDS,JEWEL SALES ACCOUNT - DIAMONDS,DI. RA 45,DI. RA 45,true,true,true,false
958,958,JH/2526/ 1081,JH25261081,JEWEL SALES ACCOUNT - DIAMONDS,JEWEL SALES ACCOUNT - DIAMONDS,DI. RA 45,DI. RA 45,true,true,true,false
959,959,JH/2526/ 1083,JH25261083,JEWEL SALES ACCOUNT - DIAMONDS,JEWEL SALES ACCOUNT - DIAMONDS,DI. RA 45,DI. RA 45,true,true,true,false
960,960,JH/2526/ 1083,JH25261083,JEWEL SALES ACCOUNT - DIAMONDS,JEWEL SALES ACCOUNT - DIAMONDS,DI. RA 45,DI. RA 45,true,true,true,false
961,961,JH/2526/ 1083,JH25261083,JEWEL SALES ACCOUNT - DIAMONDS,JEWEL SALES ACCOUNT - DIAMONDS,DI. RA 45,DI. RA 45,true,true,true,false
962,962,JH/2526/ 1083,JH25261083,JEWEL SALES ACCOUNT - DIAMONDS,JEWEL SALES ACCOUNT - DIAMONDS,DI. RA 45,DI. RA 45,true,true,true,false
963,963,JH/2526/ 1083,JH25261083,JEWEL SALES ACCOUNT - DIAMONDS,JEWEL SALES ACCOUNT - DIAMONDS,DI. RA 45,DI. RA 45,true,true,true,false
964,964,JH/2526/ 1089,JH25261089,JEWEL SALES ACCOUNT - DIAMONDS,JEWEL SALES ACCOUNT - DIAMONDS,DI. RA 45,DI. RA 45,true,true,true,false
965,965,JH/2526/ 17,JH252617,JEWEL SALES ACCOUNT - DIAMONDS,JEWEL SALES ACCOUNT - DIAMONDS,DI. RA 50,DI. RA 50,true,true,true,false
966,966,JH/2526/ 19,JH252619,JEWEL SALES ACCOUNT - DIAMONDS,JEWEL SALES ACCOUNT - DIAMONDS,DI. RA 50,DI. RA 50,true,true,true,false
967,967,JH/2526/ 19,JH252619,JEWEL SALES ACCOUNT - DIAMONDS,JEWEL SALES ACCOUNT - DIAMONDS,DI. RA 50,DI. RA 50,true,true,true,false
968,968,JH/2526/ 19,JH252619,JEWEL SALES ACCOUNT - DIAMONDS,JEWEL SALES ACCOUNT - DIAMONDS,DI. RA 50,DI. RA 50,true,true,true,false
969,969,JH/2526/ 62,JH252662,JEWEL SALES ACCOUNT - DIAMONDS,JEWEL SALES ACCOUNT - DIAMONDS,DI. RA 50,DI. RA 50,true,true,true,false
970,970,JH/2526/ 66,JH252666,JEWEL SALES ACCOUNT - DIAMONDS,JEWEL SALES ACCOUNT - DIAMONDS,DI. RA 50,DI. RA 50,true,true,true,false
971,971,JH/2526/ 66,JH252666,JEWEL SALES ACCOUNT - DIAMONDS,JEWEL SALES ACCOUNT - DIAMONDS,DI. RA 50,DI. RA 50,true,true,true,false
972,972,JH/2526/ 89,JH252689,JEWEL SALES ACCOUNT - DIAMONDS,JEWEL SALES ACCOUNT - DIAMONDS,DI. RA 50,DI. RA 50,true,true,true,false
973,973,JH/2526/ 89,JH252689,JEWEL SALES ACCOUNT - DIAMONDS,JEWEL SALES ACCOUNT - DIAMONDS,DI. RA 50,DI. RA 50,true,true,true,false
974,974,JH/2526/ 150,JH2526150,JEWEL SALES ACCOUNT - DIAMONDS,JEWEL SALES ACCOUNT - DIAMONDS,DI. RA 50,DI. RA 50,true,true,true,false
975,975,JH/2526/ 150,JH2526150,JEWEL SALES ACCOUNT - DIAMONDS,JEWEL SALES ACCOUNT - DIAMONDS,DI. RA 50,DI. RA 50,true,true,true,false
976,976,JH/2526/ 150,JH2526150,JEWEL SALES ACCOUNT - DIAMONDS,JEWEL SALES ACCOUNT - DIAMONDS,DI. RA 50,DI. RA 50,true,true,true,false
977,977,JH/2526/ 150,JH2526150,JEWEL SALES ACCOUNT - DIAMONDS,JEWEL SALES ACCOUNT - DIAMONDS,DI. RA 50,DI. RA 50,true,true,true,false
978,978,JH/2526/ 175,JH2526175,JEWEL SALES ACCOUNT - DIAMONDS,JEWEL SALES ACCOUNT - DIAMONDS,DI. RA 50,DI. RA 50,true,true,true,false
979,979,JH/2526/ 175,JH2526175,JEWEL SALES ACCOUNT - DIAMONDS,JEWEL SALES ACCOUNT - DIAMONDS,DI. RA 50,DI. RA 50,true,true,true,false
980,980,JH/2526/ 188,JH2526188,JEWEL SALES ACCOUNT - DIAMONDS,JEWEL SALES ACCOUNT - DIAMONDS,DI. RA 50,DI. RA 50,true,true,true,false
981,981,JH/2526/ 195,JH2526195,JEWEL SALES ACCOUNT - DIAMONDS,JEWEL SALES ACCOUNT - DIAMONDS,DI. RA 50,DI. RA 50,true,true,true,false
982,982,JH/2526/ 203,JH2526203,JEWEL SALES ACCOUNT - DIAMONDS,JEWEL SALES ACCOUNT - DIAMONDS,DI. RA 50,DI. RA 50,true,true,true,false
983,983,JH/2526/ 270,JH2526270,JEWEL SALES ACCOUNT - DIAMONDS,JEWEL SALES ACCOUNT - DIAMONDS,DI. RA 50,DI. RA 50,true,true,true,false
984,984,JH/2526/ 270,JH2526270,JEWEL SALES ACCOUNT - DIAMONDS,JEWEL SALES ACCOUNT - DIAMONDS,DI. RA 50,DI. RA 50,true,true,true,false
985,985,JH/2526/ 275,JH2526275,JEWEL SALES ACCOUNT - DIAMONDS,JEWEL SALES ACCOUNT - DIAMONDS,DI. RA 50,DI. RA 50,true,true,true,false
986,986,JH/2526/ 285,JH2526285,JEWEL SALES ACCOUNT - DIAMONDS,JEWEL SALES ACCOUNT - DIAMONDS,DI. RA 50,DI. RA 50,true,true,true,false
987,987,JH/2526/ 287,JH2526287,JEWEL SALES ACCOUNT - DIAMONDS,JEWEL SALES ACCOUNT - DIAMONDS,DI. RA 50,DI. RA 50,true,true,true,false
988,988,JH/2526/ 290,JH2526290,JEWEL SALES ACCOUNT - DIAMONDS,JEWEL SALES ACCOUNT - DIAMONDS,DI. RA 50,DI. RA 50,true,true,true,false
989,989,JH/2526/ 290,JH2526290,JEWEL SALES ACCOUNT - DIAMONDS,JEWEL SALES ACCOUNT - DIAMONDS,DI. RA 50,DI. RA 50,true,true,true,false
990,990,JH/2526/ 369,JH2526369,JEWEL SALES ACCOUNT - DIAMONDS,JEWEL SALES ACCOUNT - DIAMONDS,DI. RA 50,DI. RA 50,true,true,true,false
991,991,JH/2526/ 371,JH2526371,JEWEL SALES ACCOUNT - DIAMONDS,JEWEL SALES ACCOUNT - DIAMONDS,DI. RA 50,DI. RA 50,true,true,true,false
992,992,JH/2526/ 375,JH2526375,JEWEL SALES ACCOUNT - DIAMONDS,JEWEL SALES ACCOUNT - DIAMONDS,DI. RA 50,DI. RA 50,true,true,true,false
993,993,JH/2526/ 390,JH2526390,JEWEL SALES ACCOUNT - DIAMONDS,JEWEL SALES ACCOUNT - DIAMONDS,DI. RA 50,DI. RA 50,true,true,true,false
994,994,JH/2526/ 396,JH2526396,JEWEL SALES ACCOUNT - DIAMONDS,JEWEL SALES ACCOUNT - DIAMONDS,DI. RA 50,DI. RA 50,true,true,true,false
995,995,JH/2526/ 412,JH2526412,JEWEL SALES ACCOUNT - DIAMONDS,JEWEL SALES ACCOUNT - DIAMONDS,DI. RA 50,DI. RA 50,true,true,true,false
996,996,JH/2526/ 415,JH2526415,JEWEL SALES ACCOUNT - DIAMONDS,JEWEL SALES ACCOUNT - DIAMONDS,DI. RA 50,DI. RA 50,true,true,true,false
997,997,JH/2526/ 422,JH2526422,JEWEL SALES ACCOUNT - DIAMONDS,JEWEL SALES ACCOUNT - DIAMONDS,DI. RA 50,DI. RA 50,true,true,true,false
998,998,JH/2526/ 432,JH2526432,JEWEL SALES ACCOUNT - DIAMONDS,JEWEL SALES ACCOUNT - DIAMONDS,DI. RA 50,DI. RA 50,true,true,true,false
999,999,JH/2526/ 432,JH2526432,JEWEL SALES ACCOUNT - DIAMONDS,JEWEL SALES ACCOUNT - DIAMONDS,DI. RA 50,DI. RA 50,true,true,true,false
1000,1000,JH/2526/ 450,JH2526450,JEWEL SALES ACCOUNT - DIAMONDS,JEWEL SALES ACCOUNT - DIAMONDS,DI. RA 50,DI. RA 50,true,true,true,false
1001,1001,JH/2526/ 450,JH2526450,JEWEL SALES ACCOUNT - DIAMONDS,JEWEL SALES ACCOUNT - DIAMONDS,DI. RA 50,DI. RA 50,true,true,true,false
1002,1002,JH/2526/ 479,JH2526479,JEWEL SALES ACCOUNT - DIAMONDS,JEWEL SALES ACCOUNT - DIAMONDS,DI. RA 50,DI. RA 50,true,true,true,false
1003,1003,JH/2526/ 563,JH2526563,JEWEL SALES ACCOUNT - DIAMONDS,JEWEL SALES ACCOUNT - DIAMONDS,DI. RA 50,DI. RA 50,true,true,true,false
1004,1004,JH/2526/ 563,JH2526563,JEWEL SALES ACCOUNT - DIAMONDS,JEWEL SALES ACCOUNT - DIAMONDS,DI. RA 50,DI. RA 50,true,true,true,false
1005,1005,JH/2526/ 563,JH2526563,JEWEL SALES ACCOUNT - DIAMONDS,JEWEL SALES ACCOUNT - DIAMONDS,DI. RA 50,DI. RA 50,true,true,true,false
1006,1006,JH/2526/ 564,JH2526564,JEWEL SALES ACCOUNT - DIAMONDS,JEWEL SALES ACCOUNT - DIAMONDS,DI. RA 50,DI. RA 50,true,true,true,false
1007,1007,JH/2526/ 577,JH2526577,JEWEL SALES ACCOUNT - DIAMONDS,JEWEL SALES ACCOUNT - DIAMONDS,DI. RA 50,DI. RA 50,true,true,true,false
1008,1008,JH/2526/ 578,JH2526578,JEWEL SALES ACCOUNT - DIAMONDS,JEWEL SALES ACCOUNT - DIAMONDS,DI. RA 50,DI. RA 50,true,true,true,false
1009,1009,JH/2526/ 597,JH2526597,JEWEL SALES ACCOUNT - DIAMONDS,JEWEL SALES ACCOUNT - DIAMONDS,DI. RA 50,DI. RA 50,true,true,true,false
1010,1010,JH/2526/ 645,JH2526645,JEWEL SALES ACCOUNT - DIAMONDS,JEWEL SALES ACCOUNT - DIAMONDS,DI. RA 50,DI. RA 50,true,true,true,false
1011,1011,JH/2526/ 647,JH2526647,JEWEL SALES ACCOUNT - DIAMONDS,JEWEL SALES ACCOUNT - DIAMONDS,DI. RA 50,DI. RA 50,true,true,true,false
1012,1012,JH/2526/ 682,JH2526682,JEWEL SALES ACCOUNT - DIAMONDS,JEWEL SALES ACCOUNT - DIAMONDS,DI. RA 50,DI. RA 50,true,true,true,false
1013,1013,JH/2526/ 683,JH2526683,JEWEL SALES ACCOUNT - DIAMONDS,JEWEL SALES ACCOUNT - DIAMONDS,DI. RA 50,DI. RA 50,true,true,true,false
1014,1014,JH/2526/ 692,JH2526692,JEWEL SALES ACCOUNT - DIAMONDS,JEWEL SALES ACCOUNT - DIAMONDS,DI. RA 50,DI. RA 50,true,true,true,false
1015,1015,JH/2526/ 697,JH2526697,JEWEL SALES ACCOUNT - DIAMONDS,JEWEL SALES ACCOUNT - DIAMONDS,DI. RA 50,DI. RA 50,true,true,true,false
1016,1016,JH/2526/ 697,JH2526697,JEWEL SALES ACCOUNT - DIAMONDS,JEWEL SALES ACCOUNT - DIAMONDS,DI. RA 50,DI. RA 50,true,true,true,false
1017,1017,JH/2526/ 720,JH2526720,JEWEL SALES ACCOUNT - DIAMONDS,JEWEL SALES ACCOUNT - DIAMONDS,DI. RA 50,DI. RA 50,true,true,true,false
1018,1018,JH/2526/ 740,JH2526740,JEWEL SALES ACCOUNT - DIAMONDS,JEWEL SALES ACCOUNT - DIAMONDS,DI. RA 50,DI. RA 50,true,true,true,false
1019,1019,JH/2526/ 753,JH2526753,JEWEL SALES ACCOUNT - DIAMONDS,JEWEL SALES ACCOUNT - DIAMONDS,DI. RA 50,DI. RA 50,true,true,true,false
1020,1020,JH/2526/ 769,JH2526769,JEWEL SALES ACCOUNT - DIAMONDS,JEWEL SALES ACCOUNT - DIAMONDS,DI. RA 50,DI. RA 50,true,true,true,false
1021,1021,JH/2526/ 809,JH2526809,JEWEL SALES ACCOUNT - DIAMONDS,JEWEL SALES ACCOUNT - DIAMONDS,DI. RA 50,DI. RA 50,true,true,true,false
1022,1022,JH/2526/ 816,JH2526816,JEWEL SALES ACCOUNT - DIAMONDS,JEWEL SALES ACCOUNT - DIAMONDS,DI. RA 50,DI. RA 50,true,true,true,false
1023,1023,JH/2526/ 818,JH2526818,JEWEL SALES ACCOUNT - DIAMONDS,JEWEL SALES ACCOUNT - DIAMONDS,DI. RA 50,DI. RA 50,true,true,true,false
1024,1024,JH/2526/ 850,JH2526850,JEWEL SALES ACCOUNT - DIAMONDS,JEWEL SALES ACCOUNT - DIAMONDS,DI. RA 50,DI. RA 50,true,true,true,false
1025,1025,JH/2526/ 856,JH2526856,JEWEL SALES ACCOUNT - DIAMONDS,JEWEL SALES ACCOUNT - DIAMONDS,DI. RA 50,DI. RA 50,true,true,true,false
1026,1026,JH/2526/ 879,JH2526879,JEWEL SALES ACCOUNT - DIAMONDS,JEWEL SALES ACCOUNT - DIAMONDS,DI. RA 50,DI. RA 50,true,true,true,false
1027,1027,JH/2526/ 879,JH2526879,JEWEL SALES ACCOUNT - DIAMONDS,JEWEL SALES ACCOUNT - DIAMONDS,DI. RA 50,DI. RA 50,true,true,true,false
1028,1028,JH/2526/ 888,JH2526888,JEWEL SALES ACCOUNT - DIAMONDS,JEWEL SALES ACCOUNT - DIAMONDS,DI. RA 50,DI. RA 50,true,true,true,false
1029,1029,JH/2526/ 895,JH2526895,JEWEL SALES ACCOUNT - DIAMONDS,JEWEL SALES ACCOUNT - DIAMONDS,DI. RA 50,DI. RA 50,true,true,true,false
1030,1030,JH/2526/ 909,JH2526909,JEWEL SALES ACCOUNT - DIAMONDS,JEWEL SALES ACCOUNT - DIAMONDS,DI. RA 50,DI. RA 50,true,true,true,false
1031,1031,JH/2526/ 910,JH2526910,JEWEL SALES ACCOUNT - DIAMONDS,JEWEL SALES ACCOUNT - DIAMONDS,DI. RA 50,DI. RA 50,true,true,true,false
1032,1032,JH/2526/ 910,JH2526910,JEWEL SALES ACCOUNT - DIAMONDS,JEWEL SALES ACCOUNT - DIAMONDS,DI. RA 50,DI. RA 50,true,true,true,false
1033,1033,JH/2526/ 910,JH2526910,JEWEL SALES ACCOUNT - DIAMONDS,JEWEL SALES ACCOUNT - DIAMONDS,DI. RA 50,DI. RA 50,true,true,true,false
1034,1034,JH/2526/ 920,JH2526920,JEWEL SALES ACCOUNT - DIAMONDS,JEWEL SALES ACCOUNT - DIAMONDS,DI. RA 50,DI. RA 50,true,true,true,false
1035,1035,JH/2526/ 920,JH2526920,JEWEL SALES ACCOUNT - DIAMONDS,JEWEL SALES ACCOUNT - DIAMONDS,DI. RA 50,DI. RA 50,true,true,true,false
1036,1036,JH/2526/ 925,JH2526925,JEWEL SALES ACCOUNT - DIAMONDS,JEWEL SALES ACCOUNT - DIAMONDS,DI. RA 50,DI. RA 50,true,true,true,false
1037,1037,JH/2526/ 928,JH2526928,JEWEL SALES ACCOUNT - DIAMONDS,JEWEL SALES ACCOUNT - DIAMONDS,DI. RA 50,DI. RA 50,true,true,true,false
1038,1038,JH/2526/ 928,JH2526928,JEWEL SALES ACCOUNT - DIAMONDS,JEWEL SALES ACCOUNT - DIAMONDS,DI. RA 50,DI. RA 50,true,true,true,false
1039,1039,JH/2526/ 929,JH2526929,JEWEL SALES ACCOUNT - DIAMONDS,JEWEL SALES ACCOUNT - DIAMONDS,DI. RA 50,DI. RA 50,true,true,true,false
1040,1040,JH/2526/ 934,JH2526934,JEWEL SALES ACCOUNT - DIAMONDS,JEWEL SALES ACCOUNT - DIAMONDS,DI. RA 50,DI. RA 50,true,true,true,false
1041,1041,JH/2526/ 934,JH2526934,JEWEL SALES ACCOUNT - DIAMONDS,JEWEL SALES ACCOUNT - DIAMONDS,DI. RA 50,DI. RA 50,true,true,true,false
1042,1042,JH/2526/ 935,JH2526935,JEWEL SALES ACCOUNT - DIAMONDS,JEWEL SALES ACCOUNT - DIAMONDS,DI. RA 50,DI. RA 50,true,true,true,false
1043,1043,JH/2526/ 935,JH2526935,JEWEL SALES ACCOUNT - DIAMONDS,JEWEL SALES ACCOUNT - DIAMONDS,DI. RA 50,DI. RA 50,true,true,true,false
1044,1044,JH/2526/ 938,JH2526938,JEWEL SALES ACCOUNT - DIAMONDS,JEWEL SALES ACCOUNT - DIAMONDS,DI. RA 50,DI. RA 50,true,true,true,false
1045,1045,JH/2526/ 939,JH2526939,JEWEL SALES ACCOUNT - DIAMONDS,JEWEL SALES ACCOUNT - DIAMONDS,DI. RA 50,DI. RA 50,true,true,true,false
1046,1046,JH/2526/ 940,JH2526940,JEWEL SALES ACCOUNT - DIAMONDS,JEWEL SALES ACCOUNT - DIAMONDS,DI. RA 50,DI. RA 50,true,true,true,false
1047,1047,JH/2526/ 962,JH2526962,JEWEL SALES ACCOUNT - DIAMONDS,JEWEL SALES ACCOUNT - DIAMONDS,DI. RA 50,DI. RA 50,true,true,true,false
1048,1048,JH/2526/ 975,JH2526975,JEWEL SALES ACCOUNT - DIAMONDS,JEWEL SALES ACCOUNT - DIAMONDS,DI. RA 50,DI. RA 50,true,true,true,false
1049,1049,JH/2526/ 1026,JH25261026,JEWEL SALES ACCOUNT - DIAMONDS,JEWEL SALES ACCOUNT - DIAMONDS,DI. RA 50,DI. RA 50,true,true,true,false
1050,1050,JH/2526/ 1048,JH25261048,JEWEL SALES ACCOUNT - DIAMONDS,JEWEL SALES ACCOUNT - DIAMONDS,DI. RA 50,DI. RA 50,true,true,true,false
1051,1051,JH/2526/ 1048,JH25261048,JEWEL SALES ACCOUNT - DIAMONDS,JEWEL SALES ACCOUNT - DIAMONDS,DI. RA 50,DI. RA 50,true,true,true,false
1052,1052,JH/2526/ 1048,JH25261048,JEWEL SALES ACCOUNT - DIAMONDS,JEWEL SALES ACCOUNT - DIAMONDS,DI. RA 50,DI. RA 50,true,true,true,false
1053,1053,JH/2526/ 1049,JH25261049,JEWEL SALES ACCOUNT - DIAMONDS,JEWEL SALES ACCOUNT - DIAMONDS,DI. RA 50,DI. RA 50,true,true,true,false
1054,1054,JH/2526/ 1049,JH25261049,JEWEL SALES ACCOUNT - DIAMONDS,JEWEL SALES ACCOUNT - DIAMONDS,DI. RA 50,DI. RA 50,true,true,true,false
1055,1055,JH/2526/ 1083,JH25261083,JEWEL SALES ACCOUNT - DIAMONDS,JEWEL SALES ACCOUNT - DIAMONDS,DI. RA 50,DI. RA 50,true,true,true,false
1056,1056,JH/2526/ 1087,JH25261087,JEWEL SALES ACCOUNT - DIAMONDS,JEWEL SALES ACCOUNT - DIAMONDS,DI. RA 50,DI. RA 50,true,true,true,false
1057,1057,JH/2526/ 19,JH252619,JEWEL SALES ACCOUNT - DIAMONDS,JEWEL SALES ACCOUNT - DIAMONDS,DI. RA 60,DI. RA 60,true,true,true,false
1058,1058,JH/2526/ 19,JH252619,JEWEL SALES ACCOUNT - DIAMONDS,JEWEL SALES ACCOUNT - DIAMONDS,DI. RA 60,DI. RA 60,true,true,true,false
1059,1059,JH/2526/ 66,JH252666,JEWEL SALES ACCOUNT - DIAMONDS,JEWEL SALES ACCOUNT - DIAMONDS,DI. RA 60,DI. RA 60,true,true,true,false
1060,1060,JH/2526/ 66,JH252666,JEWEL SALES ACCOUNT - DIAMONDS,JEWEL SALES ACCOUNT - DIAMONDS,DI. RA 60,DI. RA 60,true,true,true,false
1061,1061,JH/2526/ 89,JH252689,JEWEL SALES ACCOUNT - DIAMONDS,JEWEL SALES ACCOUNT - DIAMONDS,DI. RA 60,DI. RA 60,true,true,true,false
1062,1062,JH/2526/ 120,JH2526120,JEWEL SALES ACCOUNT - DIAMONDS,JEWEL SALES ACCOUNT - DIAMONDS,DI. RA 60,DI. RA 60,true,true,true,false
1063,1063,JH/2526/ 129,JH2526129,JEWEL SALES ACCOUNT - DIAMONDS,JEWEL SALES ACCOUNT - DIAMONDS,DI. RA 60,DI. RA 60,true,true,true,false
1064,1064,JH/2526/ 129,JH2526129,JEWEL SALES ACCOUNT - DIAMONDS,JEWEL SALES ACCOUNT - DIAMONDS,DI. RA 60,DI. RA 60,true,true,true,false
1065,1065,JH/2526/ 246,JH2526246,JEWEL SALES ACCOUNT - DIAMONDS,JEWEL SALES ACCOUNT - DIAMONDS,DI. RA 60,DI. RA 60,true,true,true,false
1066,1066,JH/2526/ 270,JH2526270,JEWEL SALES ACCOUNT - DIAMONDS,JEWEL SALES ACCOUNT - DIAMONDS,DI. RA 60,DI. RA 60,true,true,true,false
1067,1067,JH/2526/ 366,JH2526366,JEWEL SALES ACCOUNT - DIAMONDS,JEWEL SALES ACCOUNT - DIAMONDS,DI. RA 60,DI. RA 60,true,true,true,false
1068,1068,JH/2526/ 392,JH2526392,JEWEL SALES ACCOUNT - DIAMONDS,JEWEL SALES ACCOUNT - DIAMONDS,DI. RA 60,DI. RA 60,true,true,true,false
1069,1069,JH/2526/ 405,JH2526405,JEWEL SALES ACCOUNT - DIAMONDS,JEWEL SALES ACCOUNT - DIAMONDS,DI. RA 60,DI. RA 60,true,true,true,false
1070,1070,JH/2526/ 450,JH2526450,JEWEL SALES ACCOUNT - DIAMONDS,JEWEL SALES ACCOUNT - DIAMONDS,DI. RA 60,DI. RA 60,true,true,true,false
1071,1071,JH/2526/ 524,JH2526524,JEWEL SALES ACCOUNT - DIAMONDS,JEWEL SALES ACCOUNT - DIAMONDS,DI. RA 60,DI. RA 60,true,true,true,false
1072,1072,JH/2526/ 578,JH2526578,JEWEL SALES ACCOUNT - DIAMONDS,JEWEL SALES ACCOUNT - DIAMONDS,DI. RA 60,DI. RA 60,true,true,true,false
1073,1073,JH/2526/ 592,JH2526592,JEWEL SALES ACCOUNT - DIAMONDS,JEWEL SALES ACCOUNT - DIAMONDS,DI. RA 60,DI. RA 60,true,true,true,false
1074,1074,JH/2526/ 689,JH2526689,JEWEL SALES ACCOUNT - DIAMONDS,JEWEL SALES ACCOUNT - DIAMONDS,DI. RA 60,DI. RA 60,true,true,true,false
1075,1075,JH/2526/ 761,JH2526761,JEWEL SALES ACCOUNT - DIAMONDS,JEWEL SALES ACCOUNT - DIAMONDS,DI. RA 60,DI. RA 60,true,true,true,false
1076,1076,JH/2526/ 810,JH2526810,JEWEL SALES ACCOUNT - DIAMONDS,JEWEL SALES ACCOUNT - DIAMONDS,DI. RA 60,DI. RA 60,true,true,true,false
1077,1077,JH/2526/ 816,JH2526816,JEWEL SALES ACCOUNT - DIAMONDS,JEWEL SALES ACCOUNT - DIAMONDS,DI. RA 60,DI. RA 60,true,true,true,false
1078,1078,JH/2526/ 817,JH2526817,JEWEL SALES ACCOUNT - DIAMONDS,JEWEL SALES ACCOUNT - DIAMONDS,DI. RA 60,DI. RA 60,true,true,true,false
1079,1079,JH/2526/ 850,JH2526850,JEWEL SALES ACCOUNT - DIAMONDS,JEWEL SALES ACCOUNT - DIAMONDS,DI. RA 60,DI. RA 60,true,true,true,false
1080,1080,JH/2526/ 871,JH2526871,JEWEL SALES ACCOUNT - DIAMONDS,JEWEL SALES ACCOUNT - DIAMONDS,DI. RA 60,DI. RA 60,true,true,true,false
1081,1081,JH/2526/ 879,JH2526879,JEWEL SALES ACCOUNT - DIAMONDS,JEWEL SALES ACCOUNT - DIAMONDS,DI. RA 60,DI. RA 60,true,true,true,false
1082,1082,JH/2526/ 879,JH2526879,JEWEL SALES ACCOUNT - DIAMONDS,JEWEL SALES ACCOUNT - DIAMONDS,DI. RA 60,DI. RA 60,true,true,true,false
1083,1083,JH/2526/ 888,JH2526888,JEWEL SALES ACCOUNT - DIAMONDS,JEWEL SALES ACCOUNT - DIAMONDS,DI. RA 60,DI. RA 60,true,true,true,false
1084,1084,JH/2526/ 909,JH2526909,JEWEL SALES ACCOUNT - DIAMONDS,JEWEL SALES ACCOUNT - DIAMONDS,DI. RA 60,DI. RA 60,true,true,true,false
1085,1085,JH/2526/ 910,JH2526910,JEWEL SALES ACCOUNT - DIAMONDS,JEWEL SALES ACCOUNT - DIAMONDS,DI. RA 60,DI. RA 60,true,true,true,false
1086,1086,JH/2526/ 928,JH2526928,JEWEL SALES ACCOUNT - DIAMONDS,JEWEL SALES ACCOUNT - DIAMONDS,DI. RA 60,DI. RA 60,true,true,true,false
1087,1087,JH/2526/ 938,JH2526938,JEWEL SALES ACCOUNT - DIAMONDS,JEWEL SALES ACCOUNT - DIAMONDS,DI. RA 60,DI. RA 60,true,true,true,false
1088,1088,JH/2526/ 940,JH2526940,JEWEL SALES ACCOUNT - DIAMONDS,JEWEL SALES ACCOUNT - DIAMONDS,DI. RA 60,DI. RA 60,true,true,true,false
1089,1089,JH/2526/ 990,JH2526990,JEWEL SALES ACCOUNT - DIAMONDS,JEWEL SALES ACCOUNT - DIAMONDS,DI. RA 60,DI. RA 60,true,true,true,false
1090,1090,JH/2526/ 997,JH2526997,JEWEL SALES ACCOUNT - DIAMONDS,JEWEL SALES ACCOUNT - DIAMONDS,DI. RA 60,DI. RA 60,true,true,true,false
1091,1091,JH/2526/ 1081,JH25261081,JEWEL SALES ACCOUNT - DIAMONDS,JEWEL SALES ACCOUNT - DIAMONDS,DI. RA 60,DI. RA 60,true,true,true,false
1092,1092,JH/2526/ 1083,JH25261083,JEWEL SALES ACCOUNT - DIAMONDS,JEWEL SALES ACCOUNT - DIAMONDS,DI. RA 60,DI. RA 60,true,true,true,false
1093,1093,JH/2526/ 66,JH252666,JEWEL SALES ACCOUNT - DIAMONDS,JEWEL SALES ACCOUNT - DIAMONDS,DI. RA 70,DI. RA 70,true,true,true,false
1094,1094,JH/2526/ 66,JH252666,JEWEL SALES ACCOUNT - DIAMONDS,JEWEL SALES ACCOUNT - DIAMONDS,DI. RA 70,DI. RA 70,true,true,true,false
1095,1095,JH/2526/ 66,JH252666,JEWEL SALES ACCOUNT - DIAMONDS,JEWEL SALES ACCOUNT - DIAMONDS,DI. RA 70,DI. RA 70,true,true,true,false
1096,1096,JH/2526/ 422,JH2526422,JEWEL SALES ACCOUNT - DIAMONDS,JEWEL SALES ACCOUNT - DIAMONDS,DI. RA 70,DI. RA 70,true,true,true,false
1097,1097,JH/2526/ 479,JH2526479,JEWEL SALES ACCOUNT - DIAMONDS,JEWEL SALES ACCOUNT - DIAMONDS,DI. RA 70,DI. RA 70,true,true,true,false
1098,1098,JH/2526/ 697,JH2526697,JEWEL SALES ACCOUNT - DIAMONDS,JEWEL SALES ACCOUNT - DIAMONDS,DI. RA 70,DI. RA 70,true,true,true,false
1099,1099,JH/2526/ 761,JH2526761,JEWEL SALES ACCOUNT - DIAMONDS,JEWEL SALES ACCOUNT - DIAMONDS,DI. RA 70,DI. RA 70,true,true,true,false
1100,1100,JH/2526/ 817,JH2526817,JEWEL SALES ACCOUNT - DIAMONDS,JEWEL SALES ACCOUNT - DIAMONDS,DI. RA 70,DI. RA 70,true,true,true,false
1101,1101,JH/2526/ 850,JH2526850,JEWEL SALES ACCOUNT - DIAMONDS,JEWEL SALES ACCOUNT - DIAMONDS,DI. RA 70,DI. RA 70,true,true,true,false
1102,1102,JH/2526/ 853,JH2526853,JEWEL SALES ACCOUNT - DIAMONDS,JEWEL SALES ACCOUNT - DIAMONDS,DI. RA 70,DI. RA 70,true,true,true,false
1103,1103,JH/2526/ 871,JH2526871,JEWEL SALES ACCOUNT - DIAMONDS,JEWEL SALES ACCOUNT - DIAMONDS,DI. RA 70,DI. RA 70,true,true,true,false
1104,1104,JH/2526/ 909,JH2526909,JEWEL SALES ACCOUNT - DIAMONDS,JEWEL SALES ACCOUNT - DIAMONDS,DI. RA 70,DI. RA 70,true,true,true,false
1105,1105,JH/2526/ 934,JH2526934,JEWEL SALES ACCOUNT - DIAMONDS,JEWEL SALES ACCOUNT - DIAMONDS,DI. RA 70,DI. RA 70,true,true,true,false
1106,1106,JH/2526/ 935,JH2526935,JEWEL SALES ACCOUNT - DIAMONDS,JEWEL SALES ACCOUNT - DIAMONDS,DI. RA 70,DI. RA 70,true,true,true,false
1107,1107,JH/2526/ 975,JH2526975,JEWEL SALES ACCOUNT - DIAMONDS,JEWEL SALES ACCOUNT - DIAMONDS,DI. RA 70,DI. RA 70,true,true,true,false
1108,1108,JH/2526/ 1081,JH25261081,JEWEL SALES ACCOUNT - DIAMONDS,JEWEL SALES ACCOUNT - DIAMONDS,DI. RA 70,DI. RA 70,true,true,true,false
1109,1109,JH/2526/ 129,JH2526129,JEWEL SALES ACCOUNT - DIAMONDS,JEWEL SALES ACCOUNT - DIAMONDS,DI. RA 80,DI. RA 80,true,true,true,false
1110,1110,JH/2526/ 195,JH2526195,JEWEL SALES ACCOUNT - DIAMONDS,JEWEL SALES ACCOUNT - DIAMONDS,DI. RA 80,DI. RA 80,true,true,true,false
1111,1111,JH/2526/ 473,JH2526473,JEWEL SALES ACCOUNT - DIAMONDS,JEWEL SALES ACCOUNT - DIAMONDS,DI. RA 80,DI. RA 80,true,true,true,false
1112,1112,JH/2526/ 479,JH2526479,JEWEL SALES ACCOUNT - DIAMONDS,JEWEL SALES ACCOUNT - DIAMONDS,DI. RA 80,DI. RA 80,true,true,true,false
1113,1113,JH/2526/ 533,JH2526533,JEWEL SALES ACCOUNT - DIAMONDS,JEWEL SALES ACCOUNT - DIAMONDS,DI. RA 80,DI. RA 80,true,true,true,false
1114,1114,JH/2526/ 591,JH2526591,JEWEL SALES ACCOUNT - DIAMONDS,JEWEL SALES ACCOUNT - DIAMONDS,DI. RA 80,DI. RA 80,true,true,true,false
1115,1115,JH/2526/ 739,JH2526739,JEWEL SALES ACCOUNT - DIAMONDS,JEWEL SALES ACCOUNT - DIAMONDS,DI. RA 80,DI. RA 80,true,true,true,false
1116,1116,JH/2526/ 739,JH2526739,JEWEL SALES ACCOUNT - DIAMONDS,JEWEL SALES ACCOUNT - DIAMONDS,DI. RA 80,DI. RA 80,true,true,true,false
1117,1117,JH/2526/ 770,JH2526770,JEWEL SALES ACCOUNT - DIAMONDS,JEWEL SALES ACCOUNT - DIAMONDS,DI. RA 80,DI. RA 80,true,true,true,false
1118,1118,JH/2526/ 871,JH2526871,JEWEL SALES ACCOUNT - DIAMONDS,JEWEL SALES ACCOUNT - DIAMONDS,DI. RA 80,DI. RA 80,true,true,true,false
1119,1119,JH/2526/ 916,JH2526916,JEWEL SALES ACCOUNT - DIAMONDS,JEWEL SALES ACCOUNT - DIAMONDS,DI. RA 80,DI. RA 80,true,true,true,false
1120,1120,JH/2526/ 1033,JH25261033,JEWEL SALES ACCOUNT - DIAMONDS,JEWEL SALES ACCOUNT - DIAMONDS,DI. RA 80,DI. RA 80,true,true,true,false
1121,1121,JH/2526/ 1048,JH25261048,JEWEL SALES ACCOUNT - DIAMONDS,JEWEL SALES ACCOUNT - DIAMONDS,DI. RA 80,DI. RA 80,true,true,true,false
1122,1122,JH/2526/ 1077,JH25261077,JEWEL SALES ACCOUNT - DIAMONDS,JEWEL SALES ACCOUNT - DIAMONDS,DI. RA 80,DI. RA 80,true,true,true,false
1123,1123,JH/2526/ 1083,JH25261083,JEWEL SALES ACCOUNT - DIAMONDS,JEWEL SALES ACCOUNT - DIAMONDS,DI. RA 80,DI. RA 80,true,true,true,false
1124,1124,JH/2526/ 63,JH252663,JEWEL SALES ACCOUNT - DIAMONDS,JEWEL SALES ACCOUNT - DIAMONDS,DI. RA 90,DI. RA 90,true,true,true,false
1125,1125,JH/2526/ 66,JH252666,JEWEL SALES ACCOUNT - DIAMONDS,JEWEL SALES ACCOUNT - DIAMONDS,DI. RA 90,DI. RA 90,true,true,true,false
1126,1126,JH/2526/ 66,JH252666,JEWEL SALES ACCOUNT - DIAMONDS,JEWEL SALES ACCOUNT - DIAMONDS,DI. RA 90,DI. RA 90,true,true,true,false
1127,1127,JH/2526/ 91,JH252691,JEWEL SALES ACCOUNT - DIAMONDS,JEWEL SALES ACCOUNT - DIAMONDS,DI. RA 90,DI. RA 90,true,true,true,false
1128,1128,JH/2526/ 270,JH2526270,JEWEL SALES ACCOUNT - DIAMONDS,JEWEL SALES ACCOUNT - DIAMONDS,DI. RA 90,DI. RA 90,true,true,true,false
1129,1129,JH/2526/ 270,JH2526270,JEWEL SALES ACCOUNT - DIAMONDS,JEWEL SALES ACCOUNT - DIAMONDS,DI. RA 90,DI. RA 90,true,true,true,false
1130,1130,JH/2526/ 301,JH2526301,JEWEL SALES ACCOUNT - DIAMONDS,JEWEL SALES ACCOUNT - DIAMONDS,DI. RA 90,DI. RA 90,true,true,true,false
1131,1131,JH/2526/ 423,JH2526423,JEWEL SALES ACCOUNT - DIAMONDS,JEWEL SALES ACCOUNT - DIAMONDS,DI. RA 90,DI. RA 90,true,true,true,false
1132,1132,JH/2526/ 527,JH2526527,JEWEL SALES ACCOUNT - DIAMONDS,JEWEL SALES ACCOUNT - DIAMONDS,DI. RA 90,DI. RA 90,true,true,true,false
1133,1133,JH/2526/ 534,JH2526534,JEWEL SALES ACCOUNT - DIAMONDS,JEWEL SALES ACCOUNT - DIAMONDS,DI. RA 90,DI. RA 90,true,true,true,false
1134,1134,JH/2526/ 563,JH2526563,JEWEL SALES ACCOUNT - DIAMONDS,JEWEL SALES ACCOUNT - DIAMONDS,DI. RA 90,DI. RA 90,true,true,true,false
1135,1135,JH/2526/ 593,JH2526593,JEWEL SALES ACCOUNT - DIAMONDS,JEWEL SALES ACCOUNT - DIAMONDS,DI. RA 90,DI. RA 90,true,true,true,false
1136,1136,JH/2526/ 717,JH2526717,JEWEL SALES ACCOUNT - DIAMONDS,JEWEL SALES ACCOUNT - DIAMONDS,DI. RA 90,DI. RA 90,true,true,true,false
1137,1137,JH/2526/ 807,JH2526807,JEWEL SALES ACCOUNT - DIAMONDS,JEWEL SALES ACCOUNT - DIAMONDS,DI. RA 90,DI. RA 90,true,true,true,false
1138,1138,JH/2526/ 812,JH2526812,JEWEL SALES ACCOUNT - DIAMONDS,JEWEL SALES ACCOUNT - DIAMONDS,DI. RA 90,DI. RA 90,true,true,true,false
1139,1139,JH/2526/ 871,JH2526871,JEWEL SALES ACCOUNT - DIAMONDS,JEWEL SALES ACCOUNT - DIAMONDS,DI. RA 90,DI. RA 90,true,true,true,false
1140,1140,JH/2526/ 946,JH2526946,JEWEL SALES ACCOUNT - DIAMONDS,JEWEL SALES ACCOUNT - DIAMONDS,DI. RA 90,DI. RA 90,true,true,true,false
1141,1141,JH/2526/ 997,JH2526997,JEWEL SALES ACCOUNT - DIAMONDS,JEWEL SALES ACCOUNT - DIAMONDS,DI. RA 90,DI. RA 90,true,true,true,false
1142,1142,JH/2526/ 252,JH2526252,JEWEL SALES ACCOUNT - DIAMONDS,JEWEL SALES ACCOUNT - DIAMONDS,DI. RC 1,DI. RC 1,true,true,true,false
1143,1143,JH/2526/ 578,JH2526578,JEWEL SALES ACCOUNT - DIAMONDS,JEWEL SALES ACCOUNT - DIAMONDS,DI. RC 1,DI. RC 1,true,true,true,false
1144,1144,JH/2526/ 639,JH2526639,JEWEL SALES ACCOUNT - DIAMONDS,JEWEL SALES ACCOUNT - DIAMONDS,DI. RC 1,DI. RC 1,true,true,true,false
1145,1145,JH/2526/ 639,JH2526639,JEWEL SALES ACCOUNT - DIAMONDS,JEWEL SALES ACCOUNT - DIAMONDS,DI. RC 1,DI. RC 1,true,true,true,false
1146,1146,JH/2526/ 711,JH2526711,JEWEL SALES ACCOUNT - DIAMONDS,JEWEL SALES ACCOUNT - DIAMONDS,DI. RC 1,DI. RC 1,true,true,true,false
1147,1147,JH/2526/ 711,JH2526711,JEWEL SALES ACCOUNT - DIAMONDS,JEWEL SALES ACCOUNT - DIAMONDS,DI. RC 1,DI. RC 1,true,true,true,false
1148,1148,JH/2526/ 711,JH2526711,JEWEL SALES ACCOUNT - DIAMONDS,JEWEL SALES ACCOUNT - DIAMONDS,DI. RC 1,DI. RC 1,true,true,true,false
1149,1149,JH/2526/ 880,JH2526880,JEWEL SALES ACCOUNT - DIAMONDS,JEWEL SALES ACCOUNT - DIAMONDS,DI. RC 1,DI. RC 1,true,true,true,false
1150,1150,JH/2526/ 406,JH2526406,JEWEL SALES ACCOUNT - DIAMONDS,JEWEL SALES ACCOUNT - DIAMONDS,DI. RC 6,DI. RC 6,true,true,true,false
1151,1151,JH/2526/ 406,JH2526406,JEWEL SALES ACCOUNT - DIAMONDS,JEWEL SALES ACCOUNT - DIAMONDS,DI. RC 6,DI. RC 6,true,true,true,false
1152,1152,JH/2526/ 415,JH2526415,JEWEL SALES ACCOUNT - DIAMONDS,JEWEL SALES ACCOUNT - DIAMONDS,DI. RC 6,DI. RC 6,true,true,true,false
1153,1153,JH/2526/ 816,JH2526816,JEWEL SALES ACCOUNT - DIAMONDS,JEWEL SALES ACCOUNT - DIAMONDS,DI. RC 6,DI. RC 6,true,true,true,false
1154,1154,JH/2526/ 816,JH2526816,JEWEL SALES ACCOUNT - DIAMONDS,JEWEL SALES ACCOUNT - DIAMONDS,DI. RC 6,DI. RC 6,true,true,true,false
1155,1155,JH/2526/ 928,JH2526928,JEWEL SALES ACCOUNT - DIAMONDS,JEWEL SALES ACCOUNT - DIAMONDS,DI. RC 6,DI. RC 6,true,true,true,false
1156,1156,JH/2526/ 1049,JH25261049,JEWEL SALES ACCOUNT - DIAMONDS,JEWEL SALES ACCOUNT - DIAMONDS,DI. RC 6,DI. RC 6,true,true,true,false
1157,1157,JH/2526/ 1049,JH25261049,JEWEL SALES ACCOUNT - DIAMONDS,JEWEL SALES ACCOUNT - DIAMONDS,DI. RC 6,DI. RC 6,true,true,true,false
1158,1158,JH/2526/ 764,JH2526764,JEWEL SALES ACCOUNT - DIAMONDS,JEWEL SALES ACCOUNT - DIAMONDS,DI. RC 7,DI. RC 7,true,true,true,false
1159,1159,JH/2526/ 1065,JH25261065,JEWEL SALES ACCOUNT - DIAMONDS,JEWEL SALES ACCOUNT - DIAMONDS,DI. RC 7,DI. RC 7,true,true,true,false
1160,1160,JH/2526/ 273,JH2526273,GOLD SALES ACCOUNT - 22K,GOLD SALES ACCOUNT - 22K,DORI,DORI,true,true,true,false
1161,1161,JH/2526/ 321,JH2526321,GOLD SALES ACCOUNT - 22K,GOLD SALES ACCOUNT - 22K,DORI,DORI,true,true,true,false
1162,1162,JH/2526/ 358,JH2526358,GOLD SALES ACCOUNT - 22K,GOLD SALES ACCOUNT - 22K,DORI,DORI,true,true,true,false
1163,1163,JH/2526/ 367,JH2526367,GOLD SALES ACCOUNT - 22K,GOLD SALES ACCOUNT - 22K,DORI,DORI,true,true,true,false
1164,1164,JH/2526/ 403,JH2526403,GOLD SALES ACCOUNT - 22K,GOLD SALES ACCOUNT - 22K,DORI,DORI,true,true,true,false
1165,1165,JH/2526/ 416,JH2526416,GOLD SALES ACCOUNT - 22K,GOLD SALES ACCOUNT - 22K,DORI,DORI,true,true,true,false
1166,1166,JH/2526/ 443,JH2526443,GOLD SALES ACCOUNT - 22K,GOLD SALES ACCOUNT - 22K,DORI,DORI,true,true,true,false
1167,1167,JH/2526/ 931,JH2526931,GOLD SALES ACCOUNT - 22K,GOLD SALES ACCOUNT - 22K,DORI,DORI,true,true,true,false
1168,1168,JH/2526/ 964,JH2526964,GOLD SALES ACCOUNT - 22K,GOLD SALES ACCOUNT - 22K,DORI,DORI,true,true,true,false
1169,1169,JH/25-26 2,JH25262,JEWELS SALES ACCOUNT - EMERALDS,JEWELS SALES ACCOUNT - EMERALDS,EMERALDS JEM 100,EMERALDS JEM 100,true,true,true,false
1170,1170,JH/2526/ 3,JH25263,JEWELS SALES ACCOUNT - EMERALDS,JEWELS SALES ACCOUNT - EMERALDS,EMERALDS JEM 100,EMERALDS JEM 100,true,true,true,false
1171,1171,JH/2526/ 6,JH25266,JEWELS SALES ACCOUNT - EMERALDS,JEWELS SALES ACCOUNT - EMERALDS,EMERALDS JEM 100,EMERALDS JEM 100,true,true,true,false
1172,1172,JH/2526/ 27,JH252627,JEWELS SALES ACCOUNT - EMERALDS,JEWELS SALES ACCOUNT - EMERALDS,EMERALDS JEM 100,EMERALDS JEM 100,true,true,true,false
1173,1173,JH/2526/ 31,JH252631,JEWELS SALES ACCOUNT - EMERALDS,JEWELS SALES ACCOUNT - EMERALDS,EMERALDS JEM 100,EMERALDS JEM 100,true,true,true,false
1174,1174,JH/2526/ 44,JH252644,JEWELS SALES ACCOUNT - EMERALDS,JEWELS SALES ACCOUNT - EMERALDS,EMERALDS JEM 100,EMERALDS JEM 100,true,true,true,false
1175,1175,JH/2526/ 47,JH252647,JEWELS SALES ACCOUNT - EMERALDS,JEWELS SALES ACCOUNT - EMERALDS,EMERALDS JEM 100,EMERALDS JEM 100,true,true,true,false
1176,1176,JH/2526/ 50,JH252650,JEWELS SALES ACCOUNT - EMERALDS,JEWELS SALES ACCOUNT - EMERALDS,EMERALDS JEM 100,EMERALDS JEM 100,true,true,true,false
1177,1177,JH/2526/ 70,JH252670,JEWELS SALES ACCOUNT - EMERALDS,JEWELS SALES ACCOUNT - EMERALDS,EMERALDS JEM 100,EMERALDS JEM 100,true,true,true,false
1178,1178,JH/2526/ 74,JH252674,JEWELS SALES ACCOUNT - EMERALDS,JEWELS SALES ACCOUNT - EMERALDS,EMERALDS JEM 100,EMERALDS JEM 100,true,true,true,false
1179,1179,JH/2526/ 77,JH252677,JEWELS SALES ACCOUNT - EMERALDS,JEWELS SALES ACCOUNT - EMERALDS,EMERALDS JEM 100,EMERALDS JEM 100,true,true,true,false
1180,1180,JH/2526/ 104,JH2526104,JEWELS SALES ACCOUNT - EMERALDS,JEWELS SALES ACCOUNT - EMERALDS,EMERALDS JEM 100,EMERALDS JEM 100,true,true,true,false
1181,1181,JH/2526/ 106,JH2526106,JEWELS SALES ACCOUNT - EMERALDS,JEWELS SALES ACCOUNT - EMERALDS,EMERALDS JEM 100,EMERALDS JEM 100,true,true,true,false
1182,1182,JH/2526/ 110,JH2526110,JEWELS SALES ACCOUNT - EMERALDS,JEWELS SALES ACCOUNT - EMERALDS,EMERALDS JEM 100,EMERALDS JEM 100,true,true,true,false
1183,1183,JH/2526/ 128,JH2526128,JEWELS SALES ACCOUNT - EMERALDS,JEWELS SALES ACCOUNT - EMERALDS,EMERALDS JEM 100,EMERALDS JEM 100,true,true,true,false
1184,1184,JH/2526/ 140,JH2526140,JEWELS SALES ACCOUNT - EMERALDS,JEWELS SALES ACCOUNT - EMERALDS,EMERALDS JEM 100,EMERALDS JEM 100,true,true,true,false
1185,1185,JH/2526/ 149,JH2526149,JEWELS SALES ACCOUNT - EMERALDS,JEWELS SALES ACCOUNT - EMERALDS,EMERALDS JEM 100,EMERALDS JEM 100,true,true,true,false
1186,1186,JH/2526/ 176,JH2526176,JEWELS SALES ACCOUNT - EMERALDS,JEWELS SALES ACCOUNT - EMERALDS,EMERALDS JEM 100,EMERALDS JEM 100,true,true,true,false
1187,1187,JH/2526/ 179,JH2526179,JEWELS SALES ACCOUNT - EMERALDS,JEWELS SALES ACCOUNT - EMERALDS,EMERALDS JEM 100,EMERALDS JEM 100,true,true,true,false
1188,1188,JH/2526/ 187,JH2526187,JEWELS SALES ACCOUNT - EMERALDS,JEWELS SALES ACCOUNT - EMERALDS,EMERALDS JEM 100,EMERALDS JEM 100,true,true,true,false
1189,1189,JH/2526/ 190,JH2526190,JEWELS SALES ACCOUNT - EMERALDS,JEWELS SALES ACCOUNT - EMERALDS,EMERALDS JEM 100,EMERALDS JEM 100,true,true,true,false
1190,1190,JH/2526/ 210,JH2526210,JEWELS SALES ACCOUNT - EMERALDS,JEWELS SALES ACCOUNT - EMERALDS,EMERALDS JEM 100,EMERALDS JEM 100,true,true,true,false
1191,1191,JH/2526/ 230,JH2526230,JEWELS SALES ACCOUNT - EMERALDS,JEWELS SALES ACCOUNT - EMERALDS,EMERALDS JEM 100,EMERALDS JEM 100,true,true,true,false
1192,1192,JH/2526/ 236,JH2526236,JEWELS SALES ACCOUNT - EMERALDS,JEWELS SALES ACCOUNT - EMERALDS,EMERALDS JEM 100,EMERALDS JEM 100,true,true,true,false
1193,1193,JH/2526/ 293,JH2526293,JEWELS SALES ACCOUNT - EMERALDS,JEWELS SALES ACCOUNT - EMERALDS,EMERALDS JEM 100,EMERALDS JEM 100,true,true,true,false
1194,1194,JH/2526/ 295,JH2526295,JEWELS SALES ACCOUNT - EMERALDS,JEWELS SALES ACCOUNT - EMERALDS,EMERALDS JEM 100,EMERALDS JEM 100,true,true,true,false
1195,1195,JH/2526/ 300,JH2526300,JEWELS SALES ACCOUNT - EMERALDS,JEWELS SALES ACCOUNT - EMERALDS,EMERALDS JEM 100,EMERALDS JEM 100,true,true,true,false
1196,1196,JH/2526/ 305,JH2526305,JEWELS SALES ACCOUNT - EMERALDS,JEWELS SALES ACCOUNT - EMERALDS,EMERALDS JEM 100,EMERALDS JEM 100,true,true,true,false
1197,1197,JH/2526/ 309,JH2526309,JEWELS SALES ACCOUNT - EMERALDS,JEWELS SALES ACCOUNT - EMERALDS,EMERALDS JEM 100,EMERALDS JEM 100,true,true,true,false
1198,1198,JH/2526/ 333,JH2526333,JEWELS SALES ACCOUNT - EMERALDS,JEWELS SALES ACCOUNT - EMERALDS,EMERALDS JEM 100,EMERALDS JEM 100,true,true,true,false
1199,1199,JH/2526/ 343,JH2526343,JEWELS SALES ACCOUNT - EMERALDS,JEWELS SALES ACCOUNT - EMERALDS,EMERALDS JEM 100,EMERALDS JEM 100,true,true,true,false
1200,1200,JH/2526/ 356,JH2526356,JEWELS SALES ACCOUNT - EMERALDS,JEWELS SALES ACCOUNT - EMERALDS,EMERALDS JEM 100,EMERALDS JEM 100,true,true,true,false
1201,1201,JH/2526/ 357,JH2526357,JEWELS SALES ACCOUNT - EMERALDS,JEWELS SALES ACCOUNT - EMERALDS,EMERALDS JEM 100,EMERALDS JEM 100,true,true,true,false
1202,1202,JH/2526/ 395,JH2526395,JEWELS SALES ACCOUNT - EMERALDS,JEWELS SALES ACCOUNT - EMERALDS,EMERALDS JEM 100,EMERALDS JEM 100,true,true,true,false
1203,1203,JH/2526/ 410,JH2526410,JEWELS SALES ACCOUNT - EMERALDS,JEWELS SALES ACCOUNT - EMERALDS,EMERALDS JEM 100,EMERALDS JEM 100,true,true,true,false
1204,1204,JH/2526/ 429,JH2526429,JEWELS SALES ACCOUNT - EMERALDS,JEWELS SALES ACCOUNT - EMERALDS,EMERALDS JEM 100,EMERALDS JEM 100,true,true,true,false
1205,1205,JH/2526/ 494,JH2526494,JEWELS SALES ACCOUNT - EMERALDS,JEWELS SALES ACCOUNT - EMERALDS,EMERALDS JEM 100,EMERALDS JEM 100,true,true,true,false
1206,1206,JH/2526/ 505,JH2526505,JEWELS SALES ACCOUNT - EMERALDS,JEWELS SALES ACCOUNT - EMERALDS,EMERALDS JEM 100,EMERALDS JEM 100,true,true,true,false
1207,1207,JH/2526/ 507,JH2526507,JEWELS SALES ACCOUNT - EMERALDS,JEWELS SALES ACCOUNT - EMERALDS,EMERALDS JEM 100,EMERALDS JEM 100,true,true,true,false
1208,1208,JH/2526/ 510,JH2526510,JEWELS SALES ACCOUNT - EMERALDS,JEWELS SALES ACCOUNT - EMERALDS,EMERALDS JEM 100,EMERALDS JEM 100,true,true,true,false
1209,1209,JH/2526/ 552,JH2526552,JEWELS SALES ACCOUNT - EMERALDS,JEWELS SALES ACCOUNT - EMERALDS,EMERALDS JEM 100,EMERALDS JEM 100,true,true,true,false
1210,1210,JH/2526/ 567,JH2526567,JEWELS SALES ACCOUNT - EMERALDS,JEWELS SALES ACCOUNT - EMERALDS,EMERALDS JEM 100,EMERALDS JEM 100,true,true,true,false
1211,1211,JH/2526/ 575,JH2526575,JEWELS SALES ACCOUNT - EMERALDS,JEWELS SALES ACCOUNT - EMERALDS,EMERALDS JEM 100,EMERALDS JEM 100,true,true,true,false
1212,1212,JH/2526/ 575,JH2526575,JEWELS SALES ACCOUNT - EMERALDS,JEWELS SALES ACCOUNT - EMERALDS,EMERALDS JEM 100,EMERALDS JEM 100,true,true,true,false
1213,1213,JH/2526/ 625,JH2526625,JEWELS SALES ACCOUNT - EMERALDS,JEWELS SALES ACCOUNT - EMERALDS,EMERALDS JEM 100,EMERALDS JEM 100,true,true,true,false
1214,1214,JH/2526/ 666,JH2526666,JEWELS SALES ACCOUNT - EMERALDS,JEWELS SALES ACCOUNT - EMERALDS,EMERALDS JEM 100,EMERALDS JEM 100,true,true,true,false
1215,1215,JH/2526/ 674,JH2526674,JEWELS SALES ACCOUNT - EMERALDS,JEWELS SALES ACCOUNT - EMERALDS,EMERALDS JEM 100,EMERALDS JEM 100,true,true,true,false
1216,1216,JH/2526/ 687,JH2526687,JEWELS SALES ACCOUNT - EMERALDS,JEWELS SALES ACCOUNT - EMERALDS,EMERALDS JEM 100,EMERALDS JEM 100,true,true,true,false
1217,1217,JH/2526/ 694,JH2526694,JEWELS SALES ACCOUNT - EMERALDS,JEWELS SALES ACCOUNT - EMERALDS,EMERALDS JEM 100,EMERALDS JEM 100,true,true,true,false
1218,1218,JH/2526/ 726,JH2526726,JEWELS SALES ACCOUNT - EMERALDS,JEWELS SALES ACCOUNT - EMERALDS,EMERALDS JEM 100,EMERALDS JEM 100,true,true,true,false
1219,1219,JH/2526/ 730,JH2526730,JEWELS SALES ACCOUNT - EMERALDS,JEWELS SALES ACCOUNT - EMERALDS,EMERALDS JEM 100,EMERALDS JEM 100,true,true,true,false
1220,1220,JH/2526/ 733,JH2526733,JEWELS SALES ACCOUNT - EMERALDS,JEWELS SALES ACCOUNT - EMERALDS,EMERALDS JEM 100,EMERALDS JEM 100,true,true,true,false
1221,1221,JH/2526/ 754,JH2526754,JEWELS SALES ACCOUNT - EMERALDS,JEWELS SALES ACCOUNT - EMERALDS,EMERALDS JEM 100,EMERALDS JEM 100,true,true,true,false
1222,1222,JH/2526/ 787,JH2526787,JEWELS SALES ACCOUNT - EMERALDS,JEWELS SALES ACCOUNT - EMERALDS,EMERALDS JEM 100,EMERALDS JEM 100,true,true,true,false
1223,1223,JH/2526/ 789,JH2526789,JEWELS SALES ACCOUNT - EMERALDS,JEWELS SALES ACCOUNT - EMERALDS,EMERALDS JEM 100,EMERALDS JEM 100,true,true,true,false
1224,1224,JH/2526/ 795,JH2526795,JEWELS SALES ACCOUNT - EMERALDS,JEWELS SALES ACCOUNT - EMERALDS,EMERALDS JEM 100,EMERALDS JEM 100,true,true,true,false
1225,1225,JH/2526/ 800,JH2526800,JEWELS SALES ACCOUNT - EMERALDS,JEWELS SALES ACCOUNT - EMERALDS,EMERALDS JEM 100,EMERALDS JEM 100,true,true,true,false
1226,1226,JH/2526/ 813,JH2526813,JEWELS SALES ACCOUNT - EMERALDS,JEWELS SALES ACCOUNT - EMERALDS,EMERALDS JEM 100,EMERALDS JEM 100,true,true,true,false
1227,1227,JH/2526/ 813,JH2526813,JEWELS SALES ACCOUNT - EMERALDS,JEWELS SALES ACCOUNT - EMERALDS,EMERALDS JEM 100,EMERALDS JEM 100,true,true,true,false
1228,1228,JH/2526/ 813,JH2526813,JEWELS SALES ACCOUNT - EMERALDS,JEWELS SALES ACCOUNT - EMERALDS,EMERALDS JEM 100,EMERALDS JEM 100,true,true,true,false
1229,1229,JH/2526/ 826,JH2526826,JEWELS SALES ACCOUNT - EMERALDS,JEWELS SALES ACCOUNT - EMERALDS,EMERALDS JEM 100,EMERALDS JEM 100,true,true,true,false
1230,1230,JH/2526/ 833,JH2526833,JEWELS SALES ACCOUNT - EMERALDS,JEWELS SALES ACCOUNT - EMERALDS,EMERALDS JEM 100,EMERALDS JEM 100,true,true,true,false
1231,1231,JH/2526/ 835,JH2526835,JEWELS SALES ACCOUNT - EMERALDS,JEWELS SALES ACCOUNT - EMERALDS,EMERALDS JEM 100,EMERALDS JEM 100,true,true,true,false
1232,1232,JH/2526/ 837,JH2526837,JEWELS SALES ACCOUNT - EMERALDS,JEWELS SALES ACCOUNT - EMERALDS,EMERALDS JEM 100,EMERALDS JEM 100,true,true,true,false
1233,1233,JH/2526/ 839,JH2526839,JEWELS SALES ACCOUNT - EMERALDS,JEWELS SALES ACCOUNT - EMERALDS,EMERALDS JEM 100,EMERALDS JEM 100,true,true,true,false
1234,1234,JH/2526/ 868,JH2526868,JEWELS SALES ACCOUNT - EMERALDS,JEWELS SALES ACCOUNT - EMERALDS,EMERALDS JEM 100,EMERALDS JEM 100,true,true,true,false
1235,1235,JH/2526/ 868,JH2526868,JEWELS SALES ACCOUNT - EMERALDS,JEWELS SALES ACCOUNT - EMERALDS,EMERALDS JEM 100,EMERALDS JEM 100,true,true,true,false
1236,1236,JH/2526/ 919,JH2526919,JEWELS SALES ACCOUNT - EMERALDS,JEWELS SALES ACCOUNT - EMERALDS,EMERALDS JEM 100,EMERALDS JEM 100,true,true,true,false
1237,1237,JH/2526/ 953,JH2526953,JEWELS SALES ACCOUNT - EMERALDS,JEWELS SALES ACCOUNT - EMERALDS,EMERALDS JEM 100,EMERALDS JEM 100,true,true,true,false
1238,1238,JH/2526/ 954,JH2526954,JEWELS SALES ACCOUNT - EMERALDS,JEWELS SALES ACCOUNT - EMERALDS,EMERALDS JEM 100,EMERALDS JEM 100,true,true,true,false
1239,1239,JH/2526/ 1078,JH25261078,JEWELS SALES ACCOUNT - EMERALDS,JEWELS SALES ACCOUNT - EMERALDS,EMERALDS JEM 100,EMERALDS JEM 100,true,true,true,false
1240,1240,JH/2526/ 8,JH25268,JEWELS SALES ACCOUNT - EMERALDS,JEWELS SALES ACCOUNT - EMERALDS,EMERALDS JEM 1000,EMERALDS JEM 1000,true,true,true,false
1241,1241,JH/2526/ 13,JH252613,JEWELS SALES ACCOUNT - EMERALDS,JEWELS SALES ACCOUNT - EMERALDS,EMERALDS JEM 1000,EMERALDS JEM 1000,true,true,true,false
1242,1242,JH/2526/ 144,JH2526144,JEWELS SALES ACCOUNT - EMERALDS,JEWELS SALES ACCOUNT - EMERALDS,EMERALDS JEM 1000,EMERALDS JEM 1000,true,true,true,false
1243,1243,JH/2526/ 199,JH2526199,JEWELS SALES ACCOUNT - EMERALDS,JEWELS SALES ACCOUNT - EMERALDS,EMERALDS JEM 1000,EMERALDS JEM 1000,true,true,true,false
1244,1244,JH/2526/ 350,JH2526350,JEWELS SALES ACCOUNT - EMERALDS,JEWELS SALES ACCOUNT - EMERALDS,EMERALDS JEM 1000,EMERALDS JEM 1000,true,true,true,false
1245,1245,JH/2526/ 409,JH2526409,JEWELS SALES ACCOUNT - EMERALDS,JEWELS SALES ACCOUNT - EMERALDS,EMERALDS JEM 1000,EMERALDS JEM 1000,true,true,true,false
1246,1246,JH/2526/ 532,JH2526532,JEWELS SALES ACCOUNT - EMERALDS,JEWELS SALES ACCOUNT - EMERALDS,EMERALDS JEM 1000,EMERALDS JEM 1000,true,true,true,false
1247,1247,JH/2526/ 586,JH2526586,JEWELS SALES ACCOUNT - EMERALDS,JEWELS SALES ACCOUNT - EMERALDS,EMERALDS JEM 1000,EMERALDS JEM 1000,true,true,true,false
1248,1248,JH/2526/ 595,JH2526595,JEWELS SALES ACCOUNT - EMERALDS,JEWELS SALES ACCOUNT - EMERALDS,EMERALDS JEM 1000,EMERALDS JEM 1000,true,true,true,false
1249,1249,JH/2526/ 834,JH2526834,JEWELS SALES ACCOUNT - EMERALDS,JEWELS SALES ACCOUNT - EMERALDS,EMERALDS JEM 1000,EMERALDS JEM 1000,true,true,true,false
1250,1250,JH/2526/ 971,JH2526971,JEWELS SALES ACCOUNT - EMERALDS,JEWELS SALES ACCOUNT - EMERALDS,EMERALDS JEM 1000,EMERALDS JEM 1000,true,true,true,false
1251,1251,JH/2526/ 415,JH2526415,JEWELS SALES ACCOUNT - EMERALDS,JEWELS SALES ACCOUNT - EMERALDS,EMERALDS JEM 10500,EMERALDS JEM 10500,true,true,true,false
1252,1252,JH/2526/ 415,JH2526415,JEWELS SALES ACCOUNT - EMERALDS,JEWELS SALES ACCOUNT - EMERALDS,EMERALDS JEM 10500,EMERALDS JEM 10500,true,true,true,false
1253,1253,JH/2526/ 761,JH2526761,JEWELS SALES ACCOUNT - EMERALDS,JEWELS SALES ACCOUNT - EMERALDS,EMERALDS JEM 10500,EMERALDS JEM 10500,true,true,true,false
1254,1254,JH/2526/ 951,JH2526951,JEWELS SALES ACCOUNT - EMERALDS,JEWELS SALES ACCOUNT - EMERALDS,EMERALDS JEM 10500,EMERALDS JEM 10500,true,true,true,false
1255,1255,JH/2526/ 19,JH252619,JEWELS SALES ACCOUNT - EMERALDS,JEWELS SALES ACCOUNT - EMERALDS,EMERALDS JEM 1100,EMERALDS JEM 1100,true,true,true,false
1256,1256,JH/2526/ 88,JH252688,JEWELS SALES ACCOUNT - EMERALDS,JEWELS SALES ACCOUNT - EMERALDS,EMERALDS JEM 1100,EMERALDS JEM 1100,true,true,true,false
1257,1257,JH/2526/ 141,JH2526141,JEWELS SALES ACCOUNT - EMERALDS,JEWELS SALES ACCOUNT - EMERALDS,EMERALDS JEM 1100,EMERALDS JEM 1100,true,true,true,false
1258,1258,JH/2526/ 141,JH2526141,JEWELS SALES ACCOUNT - EMERALDS,JEWELS SALES ACCOUNT - EMERALDS,EMERALDS JEM 1100,EMERALDS JEM 1100,true,true,true,false
1259,1259,JH/2526/ 398,JH2526398,JEWELS SALES ACCOUNT - EMERALDS,JEWELS SALES ACCOUNT - EMERALDS,EMERALDS JEM 1100,EMERALDS JEM 1100,true,true,true,false
1260,1260,JH/2526/ 932,JH2526932,JEWELS SALES ACCOUNT - EMERALDS,JEWELS SALES ACCOUNT - EMERALDS,EMERALDS JEM 1100,EMERALDS JEM 1100,true,true,true,false
1261,1261,JH/2526/ 998,JH2526998,JEWELS SALES ACCOUNT - EMERALDS,JEWELS SALES ACCOUNT - EMERALDS,EMERALDS JEM 1100,EMERALDS JEM 1100,true,true,true,false
1262,1262,JH/2526/ 381,JH2526381,JEWELS SALES ACCOUNT - EMERALDS,JEWELS SALES ACCOUNT - EMERALDS,EMERALDS JEM 1200,EMERALDS JEM 1200,true,true,true,false
1263,1263,JH/2526/ 1030,JH25261030,JEWELS SALES ACCOUNT - EMERALDS,JEWELS SALES ACCOUNT - EMERALDS,EMERALDS JEM 1200,EMERALDS JEM 1200,true,true,true,false
1264,1264,JH/2526/ 322,JH2526322,JEWELS SALES ACCOUNT - EMERALDS,JEWELS SALES ACCOUNT - EMERALDS,EMERALDS JEM 12000,EMERALDS JEM 12000,true,true,true,false
1265,1265,JH/2526/ 19,JH252619,JEWELS SALES ACCOUNT - EMERALDS,JEWELS SALES ACCOUNT - EMERALDS,EMERALDS JEM 1300,EMERALDS JEM 1300,true,true,true,false
1266,1266,JH/2526/ 194,JH2526194,JEWELS SALES ACCOUNT - EMERALDS,JEWELS SALES ACCOUNT - EMERALDS,EMERALDS JEM 1300,EMERALDS JEM 1300,true,true,true,false
1267,1267,JH/2526/ 1071,JH25261071,JEWELS SALES ACCOUNT - EMERALDS,JEWELS SALES ACCOUNT - EMERALDS,EMERALDS JEM 1300,EMERALDS JEM 1300,true,true,true,false
1268,1268,JH/2526/ 58,JH252658,JEWELS SALES ACCOUNT - EMERALDS,JEWELS SALES ACCOUNT - EMERALDS,EMERALDS JEM 1400,EMERALDS JEM 1400,true,true,true,false
1269,1269,JH/2526/ 194,JH2526194,JEWELS SALES ACCOUNT - EMERALDS,JEWELS SALES ACCOUNT - EMERALDS,EMERALDS JEM 1400,EMERALDS JEM 1400,true,true,true,false
1270,1270,JH/2526/ 322,JH2526322,JEWELS SALES ACCOUNT - EMERALDS,JEWELS SALES ACCOUNT - EMERALDS,EMERALDS JEM 1400,EMERALDS JEM 1400,true,true,true,false
1271,1271,JH/2526/ 403,JH2526403,JEWELS SALES ACCOUNT - EMERALDS,JEWELS SALES ACCOUNT - EMERALDS,EMERALDS JEM 1400,EMERALDS JEM 1400,true,true,true,false
1272,1272,JH/2526/ 642,JH2526642,JEWELS SALES ACCOUNT - EMERALDS,JEWELS SALES ACCOUNT - EMERALDS,EMERALDS JEM 1400,EMERALDS JEM 1400,true,true,true,false
1273,1273,JH/2526/ 644,JH2526644,JEWELS SALES ACCOUNT - EMERALDS,JEWELS SALES ACCOUNT - EMERALDS,EMERALDS JEM 1400,EMERALDS JEM 1400,true,true,true,false
1274,1274,JH/2526/ 742,JH2526742,JEWELS SALES ACCOUNT - EMERALDS,JEWELS SALES ACCOUNT - EMERALDS,EMERALDS JEM 1400,EMERALDS JEM 1400,true,true,true,false
1275,1275,JH/2526/ 982,JH2526982,JEWELS SALES ACCOUNT - EMERALDS,JEWELS SALES ACCOUNT - EMERALDS,EMERALDS JEM 1400,EMERALDS JEM 1400,true,true,true,false
1276,1276,JH/2526/ 1064,JH25261064,JEWELS SALES ACCOUNT - EMERALDS,JEWELS SALES ACCOUNT - EMERALDS,EMERALDS JEM 1400,EMERALDS JEM 1400,true,true,true,false
1277,1277,JH/2526/ 150,JH2526150,JEWELS SALES ACCOUNT - EMERALDS,JEWELS SALES ACCOUNT - EMERALDS,EMERALDS JEM 14000,EMERALDS JEM 14000,true,true,true,false
1278,1278,JH/2526/ 8,JH25268,JEWELS SALES ACCOUNT - EMERALDS,JEWELS SALES ACCOUNT - EMERALDS,EMERALDS JEM 14500,EMERALDS JEM 14500,true,true,true,false
1279,1279,JH/2526/ 761,JH2526761,JEWELS SALES ACCOUNT - EMERALDS,JEWELS SALES ACCOUNT - EMERALDS,EMERALDS JEM 14500,EMERALDS JEM 14500,true,true,true,false
1280,1280,JH/2526/ 286,JH2526286,JEWELS SALES ACCOUNT - EMERALDS,JEWELS SALES ACCOUNT - EMERALDS,EMERALDS JEM 150,EMERALDS JEM 150,true,true,true,false
1281,1281,JH/2526/ 586,JH2526586,JEWELS SALES ACCOUNT - EMERALDS,JEWELS SALES ACCOUNT - EMERALDS,EMERALDS JEM 150,EMERALDS JEM 150,true,true,true,false
1282,1282,JH/2526/ 1015,JH25261015,JEWELS SALES ACCOUNT - EMERALDS,JEWELS SALES ACCOUNT - EMERALDS,EMERALDS JEM 150,EMERALDS JEM 150,true,true,true,false
1283,1283,JH/2526/ 18,JH252618,JEWELS SALES ACCOUNT - EMERALDS,JEWELS SALES ACCOUNT - EMERALDS,EMERALDS JEM 1600,EMERALDS JEM 1600,true,true,true,false
1284,1284,JH/2526/ 273,JH2526273,JEWELS SALES ACCOUNT - EMERALDS,JEWELS SALES ACCOUNT - EMERALDS,EMERALDS JEM 1600,EMERALDS JEM 1600,true,true,true,false
1285,1285,JH/2526/ 443,JH2526443,JEWELS SALES ACCOUNT - EMERALDS,JEWELS SALES ACCOUNT - EMERALDS,EMERALDS JEM 1600,EMERALDS JEM 1600,true,true,true,false
1286,1286,JH/2526/ 743,JH2526743,JEWELS SALES ACCOUNT - EMERALDS,JEWELS SALES ACCOUNT - EMERALDS,EMERALDS JEM 1600,EMERALDS JEM 1600,true,true,true,false
1287,1287,JH/2526/ 1090,JH25261090,JEWELS SALES ACCOUNT - EMERALDS,JEWELS SALES ACCOUNT - EMERALDS,EMERALDS JEM 1600,EMERALDS JEM 1600,true,true,true,false
1288,1288,JH/2526/ 321,JH2526321,JEWELS SALES ACCOUNT - EMERALDS,JEWELS SALES ACCOUNT - EMERALDS,EMERALDS JEM 1700,EMERALDS JEM 1700,true,true,true,false
1289,1289,JH/2526/ 741,JH2526741,JEWELS SALES ACCOUNT - EMERALDS,JEWELS SALES ACCOUNT - EMERALDS,EMERALDS JEM 1700,EMERALDS JEM 1700,true,true,true,false
1290,1290,JH/2526/ 1063,JH25261063,JEWELS SALES ACCOUNT - EMERALDS,JEWELS SALES ACCOUNT - EMERALDS,EMERALDS JEM 1700,EMERALDS JEM 1700,true,true,true,false
1291,1291,JH/2526/ 661,JH2526661,JEWELS SALES ACCOUNT - EMERALDS,JEWELS SALES ACCOUNT - EMERALDS,EMERALDS JEM 200,EMERALDS JEM 200,true,true,true,false
1292,1292,JH/2526/ 782,JH2526782,JEWELS SALES ACCOUNT - EMERALDS,JEWELS SALES ACCOUNT - EMERALDS,EMERALDS JEM 200,EMERALDS JEM 200,true,true,true,false
1293,1293,JH/2526/ 9,JH25269,JEWELS SALES ACCOUNT - EMERALDS,JEWELS SALES ACCOUNT - EMERALDS,EMERALDS JEM 2000,EMERALDS JEM 2000,true,true,true,false
1294,1294,JH/2526/ 288,JH2526288,JEWELS SALES ACCOUNT - EMERALDS,JEWELS SALES ACCOUNT - EMERALDS,EMERALDS JEM 2000,EMERALDS JEM 2000,true,true,true,false
1295,1295,JH/2526/ 416,JH2526416,JEWELS SALES ACCOUNT - EMERALDS,JEWELS SALES ACCOUNT - EMERALDS,EMERALDS JEM 2000,EMERALDS JEM 2000,true,true,true,false
1296,1296,JH/2526/ 854,JH2526854,JEWELS SALES ACCOUNT - EMERALDS,JEWELS SALES ACCOUNT - EMERALDS,EMERALDS JEM 2000,EMERALDS JEM 2000,true,true,true,false
1297,1297,JH/2526/ 121,JH2526121,JEWELS SALES ACCOUNT - EMERALDS,JEWELS SALES ACCOUNT - EMERALDS,EMERALDS JEM 2100,EMERALDS JEM 2100,true,true,true,false
1298,1298,JH/2526/ 121,JH2526121,JEWELS SALES ACCOUNT - EMERALDS,JEWELS SALES ACCOUNT - EMERALDS,EMERALDS JEM 2100,EMERALDS JEM 2100,true,true,true,false
1299,1299,JH/2526/ 150,JH2526150,JEWELS SALES ACCOUNT - EMERALDS,JEWELS SALES ACCOUNT - EMERALDS,EMERALDS JEM 2100,EMERALDS JEM 2100,true,true,true,false
1300,1300,JH/2526/ 367,JH2526367,JEWELS SALES ACCOUNT - EMERALDS,JEWELS SALES ACCOUNT - EMERALDS,EMERALDS JEM 2100,EMERALDS JEM 2100,true,true,true,false
1301,1301,JH/2526/ 480,JH2526480,JEWELS SALES ACCOUNT - EMERALDS,JEWELS SALES ACCOUNT - EMERALDS,EMERALDS JEM 2100,EMERALDS JEM 2100,true,true,true,false
1302,1302,JH/2526/ 566,JH2526566,JEWELS SALES ACCOUNT - EMERALDS,JEWELS SALES ACCOUNT - EMERALDS,EMERALDS JEM 2300,EMERALDS JEM 2300,true,true,true,false
1303,1303,JH/2526/ 896,JH2526896,JEWELS SALES ACCOUNT - EMERALDS,JEWELS SALES ACCOUNT - EMERALDS,EMERALDS JEM 2300,EMERALDS JEM 2300,true,true,true,false
1304,1304,JH/2526/ 306,JH2526306,JEWELS SALES ACCOUNT - EMERALDS,JEWELS SALES ACCOUNT - EMERALDS,EMERALDS JEM 250,EMERALDS JEM 250,true,true,true,false
1305,1305,JH/2526/ 1042,JH25261042,JEWELS SALES ACCOUNT - EMERALDS,JEWELS SALES ACCOUNT - EMERALDS,EMERALDS JEM 250,EMERALDS JEM 250,true,true,true,false
1306,1306,JH/2526/ 394,JH2526394,JEWELS SALES ACCOUNT - EMERALDS,JEWELS SALES ACCOUNT - EMERALDS,EMERALDS JEM 2500,EMERALDS JEM 2500,true,true,true,false
1307,1307,JH/2526/ 399,JH2526399,JEWELS SALES ACCOUNT - EMERALDS,JEWELS SALES ACCOUNT - EMERALDS,EMERALDS JEM 2500,EMERALDS JEM 2500,true,true,true,false
1308,1308,JH/2526/ 473,JH2526473,JEWELS SALES ACCOUNT - EMERALDS,JEWELS SALES ACCOUNT - EMERALDS,EMERALDS JEM 2500,EMERALDS JEM 2500,true,true,true,false
1309,1309,JH/2526/ 801,JH2526801,JEWELS SALES ACCOUNT - EMERALDS,JEWELS SALES ACCOUNT - EMERALDS,EMERALDS JEM 2500,EMERALDS JEM 2500,true,true,true,false
1310,1310,JH/2526/ 480,JH2526480,JEWELS SALES ACCOUNT - EMERALDS,JEWELS SALES ACCOUNT - EMERALDS,EMERALDS JEM 25000,EMERALDS JEM 25000,true,true,true,false
1311,1311,JH/2526/ 861,JH2526861,JEWELS SALES ACCOUNT - EMERALDS,JEWELS SALES ACCOUNT - EMERALDS,EMERALDS JEM 2800,EMERALDS JEM 2800,true,true,true,false
1312,1312,JH/2526/ 368,JH2526368,JEWELS SALES ACCOUNT - EMERALDS,JEWELS SALES ACCOUNT - EMERALDS,EMERALDS JEM 300,EMERALDS JEM 300,true,true,true,false
1313,1313,JH/2526/ 1082,JH25261082,JEWELS SALES ACCOUNT - EMERALDS,JEWELS SALES ACCOUNT - EMERALDS,EMERALDS JEM 300,EMERALDS JEM 300,true,true,true,false
1314,1314,JH/2526/ 449,JH2526449,JEWELS SALES ACCOUNT - EMERALDS,JEWELS SALES ACCOUNT - EMERALDS,EMERALDS JEM 3000,EMERALDS JEM 3000,true,true,true,false
1315,1315,JH/2526/ 913,JH2526913,JEWELS SALES ACCOUNT - EMERALDS,JEWELS SALES ACCOUNT - EMERALDS,EMERALDS JEM 3000,EMERALDS JEM 3000,true,true,true,false
1316,1316,JH/2526/ 288,JH2526288,JEWELS SALES ACCOUNT - EMERALDS,JEWELS SALES ACCOUNT - EMERALDS,EMERALDS JEM 3200,EMERALDS JEM 3200,true,true,true,false
1317,1317,JH/2526/ 797,JH2526797,JEWELS SALES ACCOUNT - EMERALDS,JEWELS SALES ACCOUNT - EMERALDS,EMERALDS JEM 3400,EMERALDS JEM 3400,true,true,true,false
1318,1318,JH/2526/ 526,JH2526526,JEWELS SALES ACCOUNT - EMERALDS,JEWELS SALES ACCOUNT - EMERALDS,EMERALDS JEM 3500,EMERALDS JEM 3500,true,true,true,false
1319,1319,JH/2526/ 802,JH2526802,JEWELS SALES ACCOUNT - EMERALDS,JEWELS SALES ACCOUNT - EMERALDS,EMERALDS JEM 3500,EMERALDS JEM 3500,true,true,true,false
1320,1320,JH/2526/ 911,JH2526911,JEWELS SALES ACCOUNT - EMERALDS,JEWELS SALES ACCOUNT - EMERALDS,EMERALDS JEM 3500,EMERALDS JEM 3500,true,true,true,false
1321,1321,JH/2526/ 913,JH2526913,JEWELS SALES ACCOUNT - EMERALDS,JEWELS SALES ACCOUNT - EMERALDS,EMERALDS JEM 3500,EMERALDS JEM 3500,true,true,true,false
1322,1322,JH/2526/ 8,JH25268,JEWELS SALES ACCOUNT - EMERALDS,JEWELS SALES ACCOUNT - EMERALDS,EMERALDS JEM 3700,EMERALDS JEM 3700,true,true,true,false
1323,1323,JH/2526/ 73,JH252673,JEWELS SALES ACCOUNT - EMERALDS,JEWELS SALES ACCOUNT - EMERALDS,EMERALDS JEM 3700,EMERALDS JEM 3700,true,true,true,false
1324,1324,JH/2526/ 91,JH252691,JEWELS SALES ACCOUNT - EMERALDS,JEWELS SALES ACCOUNT - EMERALDS,EMERALDS JEM 3700,EMERALDS JEM 3700,true,true,true,false
1325,1325,JH/2526/ 141,JH2526141,JEWELS SALES ACCOUNT - EMERALDS,JEWELS SALES ACCOUNT - EMERALDS,EMERALDS JEM 3700,EMERALDS JEM 3700,true,true,true,false
1326,1326,JH/2526/ 403,JH2526403,JEWELS SALES ACCOUNT - EMERALDS,JEWELS SALES ACCOUNT - EMERALDS,EMERALDS JEM 3700,EMERALDS JEM 3700,true,true,true,false
1327,1327,JH/2526/ 607,JH2526607,JEWELS SALES ACCOUNT - EMERALDS,JEWELS SALES ACCOUNT - EMERALDS,EMERALDS JEM 3700,EMERALDS JEM 3700,true,true,true,false
1328,1328,JH/2526/ 681,JH2526681,JEWELS SALES ACCOUNT - EMERALDS,JEWELS SALES ACCOUNT - EMERALDS,EMERALDS JEM 3700,EMERALDS JEM 3700,true,true,true,false
1329,1329,JH/2526/ 734,JH2526734,JEWELS SALES ACCOUNT - EMERALDS,JEWELS SALES ACCOUNT - EMERALDS,EMERALDS JEM 3700,EMERALDS JEM 3700,true,true,true,false
1330,1330,JH/2526/ 734,JH2526734,JEWELS SALES ACCOUNT - EMERALDS,JEWELS SALES ACCOUNT - EMERALDS,EMERALDS JEM 3700,EMERALDS JEM 3700,true,true,true,false
1331,1331,JH/2526/ 743,JH2526743,JEWELS SALES ACCOUNT - EMERALDS,JEWELS SALES ACCOUNT - EMERALDS,EMERALDS JEM 3700,EMERALDS JEM 3700,true,true,true,false
1332,1332,JH/2526/ 867,JH2526867,JEWELS SALES ACCOUNT - EMERALDS,JEWELS SALES ACCOUNT - EMERALDS,EMERALDS JEM 3700,EMERALDS JEM 3700,true,true,true,false
1333,1333,JH/2526/ 964,JH2526964,JEWELS SALES ACCOUNT - EMERALDS,JEWELS SALES ACCOUNT - EMERALDS,EMERALDS JEM 3700,EMERALDS JEM 3700,true,true,true,false
1334,1334,JH/2526/ 520,JH2526520,JEWELS SALES ACCOUNT - EMERALDS,JEWELS SALES ACCOUNT - EMERALDS,EMERALDS JEM 3800,EMERALDS JEM 3800,true,true,true,false
1335,1335,JH/2526/ 635,JH2526635,JEWELS SALES ACCOUNT - EMERALDS,JEWELS SALES ACCOUNT - EMERALDS,EMERALDS JEM 3800,EMERALDS JEM 3800,true,true,true,false
1336,1336,JH/2526/ 643,JH2526643,JEWELS SALES ACCOUNT - EMERALDS,JEWELS SALES ACCOUNT - EMERALDS,EMERALDS JEM 3800,EMERALDS JEM 3800,true,true,true,false
1337,1337,JH/2526/ 644,JH2526644,JEWELS SALES ACCOUNT - EMERALDS,JEWELS SALES ACCOUNT - EMERALDS,EMERALDS JEM 3800,EMERALDS JEM 3800,true,true,true,false
1338,1338,JH/2526/ 416,JH2526416,JEWELS SALES ACCOUNT - EMERALDS,JEWELS SALES ACCOUNT - EMERALDS,EMERALDS JEM 3900,EMERALDS JEM 3900,true,true,true,false
1339,1339,JH/2526/ 469,JH2526469,JEWELS SALES ACCOUNT - EMERALDS,JEWELS SALES ACCOUNT - EMERALDS,EMERALDS JEM 4000,EMERALDS JEM 4000,true,true,true,false
1340,1340,JH/2526/ 1044,JH25261044,JEWELS SALES ACCOUNT - EMERALDS,JEWELS SALES ACCOUNT - EMERALDS,EMERALDS JEM 4000,EMERALDS JEM 4000,true,true,true,false
1341,1341,JH/2526/ 1044,JH25261044,JEWELS SALES ACCOUNT - EMERALDS,JEWELS SALES ACCOUNT - EMERALDS,EMERALDS JEM 4000,EMERALDS JEM 4000,true,true,true,false
1342,1342,JH/2526/ 1083,JH25261083,JEWELS SALES ACCOUNT - EMERALDS,JEWELS SALES ACCOUNT - EMERALDS,EMERALDS JEM 4000,EMERALDS JEM 4000,true,true,true,false
1343,1343,JH/2526/ 761,JH2526761,JEWELS SALES ACCOUNT - EMERALDS,JEWELS SALES ACCOUNT - EMERALDS,EMERALDS JEM 40000,EMERALDS JEM 40000,true,true,true,false
1344,1344,JH/2526/ 442,JH2526442,JEWELS SALES ACCOUNT - EMERALDS,JEWELS SALES ACCOUNT - EMERALDS,EMERALDS JEM 4200,EMERALDS JEM 4200,true,true,true,false
1345,1345,JH/2526/ 525,JH2526525,JEWELS SALES ACCOUNT - EMERALDS,JEWELS SALES ACCOUNT - EMERALDS,EMERALDS JEM 4200,EMERALDS JEM 4200,true,true,true,false
1346,1346,JH/2526/ 420,JH2526420,JEWELS SALES ACCOUNT - EMERALDS,JEWELS SALES ACCOUNT - EMERALDS,EMERALDS JEM 4500,EMERALDS JEM 4500,true,true,true,false
1347,1347,JH/2526/ 642,JH2526642,JEWELS SALES ACCOUNT - EMERALDS,JEWELS SALES ACCOUNT - EMERALDS,EMERALDS JEM 4500,EMERALDS JEM 4500,true,true,true,false
1348,1348,JH/2526/ 964,JH2526964,JEWELS SALES ACCOUNT - EMERALDS,JEWELS SALES ACCOUNT - EMERALDS,EMERALDS JEM 4500,EMERALDS JEM 4500,true,true,true,false
1349,1349,JH/2526/ 999,JH2526999,JEWELS SALES ACCOUNT - EMERALDS,JEWELS SALES ACCOUNT - EMERALDS,EMERALDS JEM 4500,EMERALDS JEM 4500,true,true,true,false
1350,1350,JH/2526/ 1090,JH25261090,JEWELS SALES ACCOUNT - EMERALDS,JEWELS SALES ACCOUNT - EMERALDS,EMERALDS JEM 4500,EMERALDS JEM 4500,true,true,true,false
1351,1351,JH/2526/ 428,JH2526428,JEWELS SALES ACCOUNT - EMERALDS,JEWELS SALES ACCOUNT - EMERALDS,EMERALDS JEM 4700,EMERALDS JEM 4700,true,true,true,false
1352,1352,JH/2526/ 238,JH2526238,JEWELS SALES ACCOUNT - EMERALDS,JEWELS SALES ACCOUNT - EMERALDS,EMERALDS JEM 50,EMERALDS JEM 50,true,true,true,false
1353,1353,JH/2526/ 354,JH2526354,JEWELS SALES ACCOUNT - EMERALDS,JEWELS SALES ACCOUNT - EMERALDS,EMERALDS JEM 50,EMERALDS JEM 50,true,true,true,false
1354,1354,JH/2526/ 437,JH2526437,JEWELS SALES ACCOUNT - EMERALDS,JEWELS SALES ACCOUNT - EMERALDS,EMERALDS JEM 50,EMERALDS JEM 50,true,true,true,false
1355,1355,JH/2526/ 498,JH2526498,JEWELS SALES ACCOUNT - EMERALDS,JEWELS SALES ACCOUNT - EMERALDS,EMERALDS JEM 50,EMERALDS JEM 50,true,true,true,false
1356,1356,JH/2526/ 519,JH2526519,JEWELS SALES ACCOUNT - EMERALDS,JEWELS SALES ACCOUNT - EMERALDS,EMERALDS JEM 50,EMERALDS JEM 50,true,true,true,false
1357,1357,JH/2526/ 550,JH2526550,JEWELS SALES ACCOUNT - EMERALDS,JEWELS SALES ACCOUNT - EMERALDS,EMERALDS JEM 50,EMERALDS JEM 50,true,true,true,false
1358,1358,JH/2526/ 574,JH2526574,JEWELS SALES ACCOUNT - EMERALDS,JEWELS SALES ACCOUNT - EMERALDS,EMERALDS JEM 50,EMERALDS JEM 50,true,true,true,false
1359,1359,JH/2526/ 629,JH2526629,JEWELS SALES ACCOUNT - EMERALDS,JEWELS SALES ACCOUNT - EMERALDS,EMERALDS JEM 50,EMERALDS JEM 50,true,true,true,false
1360,1360,JH/2526/ 641,JH2526641,JEWELS SALES ACCOUNT - EMERALDS,JEWELS SALES ACCOUNT - EMERALDS,EMERALDS JEM 50,EMERALDS JEM 50,true,true,true,false
1361,1361,JH/2526/ 652,JH2526652,JEWELS SALES ACCOUNT - EMERALDS,JEWELS SALES ACCOUNT - EMERALDS,EMERALDS JEM 50,EMERALDS JEM 50,true,true,true,false
1362,1362,JH/2526/ 656,JH2526656,JEWELS SALES ACCOUNT - EMERALDS,JEWELS SALES ACCOUNT - EMERALDS,EMERALDS JEM 50,EMERALDS JEM 50,true,true,true,false
1363,1363,JH/2526/ 664,JH2526664,JEWELS SALES ACCOUNT - EMERALDS,JEWELS SALES ACCOUNT - EMERALDS,EMERALDS JEM 50,EMERALDS JEM 50,true,true,true,false
1364,1364,JH/2526/ 1014,JH25261014,JEWELS SALES ACCOUNT - EMERALDS,JEWELS SALES ACCOUNT - EMERALDS,EMERALDS JEM 50,EMERALDS JEM 50,true,true,true,false
1365,1365,JH/2526/ 1059,JH25261059,JEWELS SALES ACCOUNT - EMERALDS,JEWELS SALES ACCOUNT - EMERALDS,EMERALDS JEM 50,EMERALDS JEM 50,true,true,true,false
1366,1366,JH/2526/ 41,JH252641,JEWELS SALES ACCOUNT - EMERALDS,JEWELS SALES ACCOUNT - EMERALDS,EMERALDS JEM 500,EMERALDS JEM 500,true,true,true,false
1367,1367,JH/2526/ 252,JH2526252,JEWELS SALES ACCOUNT - EMERALDS,JEWELS SALES ACCOUNT - EMERALDS,EMERALDS JEM 500,EMERALDS JEM 500,true,true,true,false
1368,1368,JH/2526/ 974,JH2526974,JEWELS SALES ACCOUNT - EMERALDS,JEWELS SALES ACCOUNT - EMERALDS,EMERALDS JEM 500,EMERALDS JEM 500,true,true,true,false
1369,1369,JH/2526/ 1050,JH25261050,JEWELS SALES ACCOUNT - EMERALDS,JEWELS SALES ACCOUNT - EMERALDS,EMERALDS JEM 500,EMERALDS JEM 500,true,true,true,false
1370,1370,JH/2526/ 144,JH2526144,JEWELS SALES ACCOUNT - EMERALDS,JEWELS SALES ACCOUNT - EMERALDS,EMERALDS JEM 5000,EMERALDS JEM 5000,true,true,true,false
1371,1371,JH/2526/ 150,JH2526150,JEWELS SALES ACCOUNT - EMERALDS,JEWELS SALES ACCOUNT - EMERALDS,EMERALDS JEM 5000,EMERALDS JEM 5000,true,true,true,false
1372,1372,JH/2526/ 324,JH2526324,JEWELS SALES ACCOUNT - EMERALDS,JEWELS SALES ACCOUNT - EMERALDS,EMERALDS JEM 5000,EMERALDS JEM 5000,true,true,true,false
1373,1373,JH/2526/ 764,JH2526764,JEWELS SALES ACCOUNT - EMERALDS,JEWELS SALES ACCOUNT - EMERALDS,EMERALDS JEM 5000,EMERALDS JEM 5000,true,true,true,false
1374,1374,JH/2526/ 741,JH2526741,JEWELS SALES ACCOUNT - EMERALDS,JEWELS SALES ACCOUNT - EMERALDS,EMERALDS JEM 5300,EMERALDS JEM 5300,true,true,true,false
1375,1375,JH/2526/ 753,JH2526753,JEWELS SALES ACCOUNT - EMERALDS,JEWELS SALES ACCOUNT - EMERALDS,EMERALDS JEM 5300,EMERALDS JEM 5300,true,true,true,false
1376,1376,JH/2526/ 998,JH2526998,JEWELS SALES ACCOUNT - EMERALDS,JEWELS SALES ACCOUNT - EMERALDS,EMERALDS JEM 5300,EMERALDS JEM 5300,true,true,true,false
1377,1377,JH/2526/ 424,JH2526424,JEWELS SALES ACCOUNT - EMERALDS,JEWELS SALES ACCOUNT - EMERALDS,EMERALDS JEM 550,EMERALDS JEM 550,true,true,true,false
1378,1378,JH/2526/ 697,JH2526697,JEWELS SALES ACCOUNT - EMERALDS,JEWELS SALES ACCOUNT - EMERALDS,EMERALDS JEM 5600,EMERALDS JEM 5600,true,true,true,false
1379,1379,JH/2526/ 324,JH2526324,JEWELS SALES ACCOUNT - EMERALDS,JEWELS SALES ACCOUNT - EMERALDS,EMERALDS JEM 5800,EMERALDS JEM 5800,true,true,true,false
1380,1380,JH/2526/ 406,JH2526406,JEWELS SALES ACCOUNT - EMERALDS,JEWELS SALES ACCOUNT - EMERALDS,EMERALDS JEM 5800,EMERALDS JEM 5800,true,true,true,false
1381,1381,JH/2526/ 406,JH2526406,JEWELS SALES ACCOUNT - EMERALDS,JEWELS SALES ACCOUNT - EMERALDS,EMERALDS JEM 5800,EMERALDS JEM 5800,true,true,true,false
1382,1382,JH/2526/ 620,JH2526620,JEWELS SALES ACCOUNT - EMERALDS,JEWELS SALES ACCOUNT - EMERALDS,EMERALDS JEM 5800,EMERALDS JEM 5800,true,true,true,false
1383,1383,JH/2526/ 856,JH2526856,JEWELS SALES ACCOUNT - EMERALDS,JEWELS SALES ACCOUNT - EMERALDS,EMERALDS JEM 5800,EMERALDS JEM 5800,true,true,true,false
1384,1384,JH/2526/ 151,JH2526151,JEWELS SALES ACCOUNT - EMERALDS,JEWELS SALES ACCOUNT - EMERALDS,EMERALDS JEM 600,EMERALDS JEM 600,true,true,true,false
1385,1385,JH/2526/ 424,JH2526424,JEWELS SALES ACCOUNT - EMERALDS,JEWELS SALES ACCOUNT - EMERALDS,EMERALDS JEM 600,EMERALDS JEM 600,true,true,true,false
1386,1386,JH/2526/ 253,JH2526253,JEWELS SALES ACCOUNT - EMERALDS,JEWELS SALES ACCOUNT - EMERALDS,EMERALDS JEM 6000,EMERALDS JEM 6000,true,true,true,false
1387,1387,JH/2526/ 277,JH2526277,JEWELS SALES ACCOUNT - EMERALDS,JEWELS SALES ACCOUNT - EMERALDS,EMERALDS JEM 6000,EMERALDS JEM 6000,true,true,true,false
1388,1388,JH/2526/ 766,JH2526766,JEWELS SALES ACCOUNT - EMERALDS,JEWELS SALES ACCOUNT - EMERALDS,EMERALDS JEM 6000,EMERALDS JEM 6000,true,true,true,false
1389,1389,JH/2526/ 1102,JH25261102,JEWELS SALES ACCOUNT - EMERALDS,JEWELS SALES ACCOUNT - EMERALDS,EMERALDS JEM 6000,EMERALDS JEM 6000,true,true,true,false
1390,1390,JH/2526/ 253,JH2526253,JEWELS SALES ACCOUNT - EMERALDS,JEWELS SALES ACCOUNT - EMERALDS,EMERALDS JEM 6500,EMERALDS JEM 6500,true,true,true,false
1391,1391,JH/2526/ 376,JH2526376,JEWELS SALES ACCOUNT - EMERALDS,JEWELS SALES ACCOUNT - EMERALDS,EMERALDS JEM 6500,EMERALDS JEM 6500,true,true,true,false
1392,1392,JH/2526/ 1076,JH25261076,JEWELS SALES ACCOUNT - EMERALDS,JEWELS SALES ACCOUNT - EMERALDS,EMERALDS JEM 6500,EMERALDS JEM 6500,true,true,true,false
1393,1393,JH/2526/ 990,JH2526990,JEWELS SALES ACCOUNT - EMERALDS,JEWELS SALES ACCOUNT - EMERALDS,EMERALDS JEM 6700,EMERALDS JEM 6700,true,true,true,false
1394,1394,JH/2526/ 398,JH2526398,JEWELS SALES ACCOUNT - EMERALDS,JEWELS SALES ACCOUNT - EMERALDS,EMERALDS JEM 6800,EMERALDS JEM 6800,true,true,true,false
1395,1395,JH/2526/ 450,JH2526450,JEWELS SALES ACCOUNT - EMERALDS,JEWELS SALES ACCOUNT - EMERALDS,EMERALDS JEM 6800,EMERALDS JEM 6800,true,true,true,false
1396,1396,JH/2526/ 1087,JH25261087,JEWELS SALES ACCOUNT - EMERALDS,JEWELS SALES ACCOUNT - EMERALDS,EMERALDS JEM 6800,EMERALDS JEM 6800,true,true,true,false
1397,1397,JH/2526/ 119,JH2526119,JEWELS SALES ACCOUNT - EMERALDS,JEWELS SALES ACCOUNT - EMERALDS,EMERALDS JEM 700,EMERALDS JEM 700,true,true,true,false
1398,1398,JH/2526/ 139,JH2526139,JEWELS SALES ACCOUNT - EMERALDS,JEWELS SALES ACCOUNT - EMERALDS,EMERALDS JEM 700,EMERALDS JEM 700,true,true,true,false
1399,1399,JH/2526/ 321,JH2526321,JEWELS SALES ACCOUNT - EMERALDS,JEWELS SALES ACCOUNT - EMERALDS,EMERALDS JEM 700,EMERALDS JEM 700,true,true,true,false
1400,1400,JH/2526/ 398,JH2526398,JEWELS SALES ACCOUNT - EMERALDS,JEWELS SALES ACCOUNT - EMERALDS,EMERALDS JEM 700,EMERALDS JEM 700,true,true,true,false
1401,1401,JH/2526/ 711,JH2526711,JEWELS SALES ACCOUNT - EMERALDS,JEWELS SALES ACCOUNT - EMERALDS,EMERALDS JEM 700,EMERALDS JEM 700,true,true,true,false
1402,1402,JH/2526/ 711,JH2526711,JEWELS SALES ACCOUNT - EMERALDS,JEWELS SALES ACCOUNT - EMERALDS,EMERALDS JEM 700,EMERALDS JEM 700,true,true,true,false
1403,1403,JH/2526/ 711,JH2526711,JEWELS SALES ACCOUNT - EMERALDS,JEWELS SALES ACCOUNT - EMERALDS,EMERALDS JEM 700,EMERALDS JEM 700,true,true,true,false
1404,1404,JH/2526/ 734,JH2526734,JEWELS SALES ACCOUNT - EMERALDS,JEWELS SALES ACCOUNT - EMERALDS,EMERALDS JEM 700,EMERALDS JEM 700,true,true,true,false
1405,1405,JH/2526/ 734,JH2526734,JEWELS SALES ACCOUNT - EMERALDS,JEWELS SALES ACCOUNT - EMERALDS,EMERALDS JEM 700,EMERALDS JEM 700,true,true,true,false
1406,1406,JH/2526/ 854,JH2526854,JEWELS SALES ACCOUNT - EMERALDS,JEWELS SALES ACCOUNT - EMERALDS,EMERALDS JEM 700,EMERALDS JEM 700,true,true,true,false
1407,1407,JH/2526/ 854,JH2526854,JEWELS SALES ACCOUNT - EMERALDS,JEWELS SALES ACCOUNT - EMERALDS,EMERALDS JEM 700,EMERALDS JEM 700,true,true,true,false
1408,1408,JH/2526/ 867,JH2526867,JEWELS SALES ACCOUNT - EMERALDS,JEWELS SALES ACCOUNT - EMERALDS,EMERALDS JEM 700,EMERALDS JEM 700,true,true,true,false
1409,1409,JH/2526/ 974,JH2526974,JEWELS SALES ACCOUNT - EMERALDS,JEWELS SALES ACCOUNT - EMERALDS,EMERALDS JEM 700,EMERALDS JEM 700,true,true,true,false
1410,1410,JH/2526/ 1035,JH25261035,JEWELS SALES ACCOUNT - EMERALDS,JEWELS SALES ACCOUNT - EMERALDS,EMERALDS JEM 700,EMERALDS JEM 700,true,true,true,false
1411,1411,JH/2526/ 1076,JH25261076,JEWELS SALES ACCOUNT - EMERALDS,JEWELS SALES ACCOUNT - EMERALDS,EMERALDS JEM 700,EMERALDS JEM 700,true,true,true,false
1412,1412,JH/2526/ 1092,JH25261092,JEWELS SALES ACCOUNT - EMERALDS,JEWELS SALES ACCOUNT - EMERALDS,EMERALDS JEM 700,EMERALDS JEM 700,true,true,true,false
1413,1413,JH/2526/ 144,JH2526144,JEWELS SALES ACCOUNT - EMERALDS,JEWELS SALES ACCOUNT - EMERALDS,EMERALDS JEM 7000,EMERALDS JEM 7000,true,true,true,false
1414,1414,JH/2526/ 571,JH2526571,JEWELS SALES ACCOUNT - EMERALDS,JEWELS SALES ACCOUNT - EMERALDS,EMERALDS JEM 7000,EMERALDS JEM 7000,true,true,true,false
1415,1415,JH/2526/ 948,JH2526948,JEWELS SALES ACCOUNT - EMERALDS,JEWELS SALES ACCOUNT - EMERALDS,EMERALDS JEM 7000,EMERALDS JEM 7000,true,true,true,false
1416,1416,JH/2526/ 999,JH2526999,JEWELS SALES ACCOUNT - EMERALDS,JEWELS SALES ACCOUNT - EMERALDS,EMERALDS JEM 7000,EMERALDS JEM 7000,true,true,true,false
1417,1417,JH/2526/ 1079,JH25261079,JEWELS SALES ACCOUNT - EMERALDS,JEWELS SALES ACCOUNT - EMERALDS,EMERALDS JEM 7000,EMERALDS JEM 7000,true,true,true,false
1418,1418,JH/2526/ 1079,JH25261079,JEWELS SALES ACCOUNT - EMERALDS,JEWELS SALES ACCOUNT - EMERALDS,EMERALDS JEM 7000,EMERALDS JEM 7000,true,true,true,false
1419,1419,JH/2526/ 940,JH2526940,JEWELS SALES ACCOUNT - EMERALDS,JEWELS SALES ACCOUNT - EMERALDS,EMERALDS JEM 7500,EMERALDS JEM 7500,true,true,true,false
1420,1420,JH/2526/ 7,JH25267,JEWELS SALES ACCOUNT - EMERALDS,JEWELS SALES ACCOUNT - EMERALDS,EMERALDS JEM 800,EMERALDS JEM 800,true,true,true,false
1421,1421,JH/2526/ 150,JH2526150,JEWELS SALES ACCOUNT - EMERALDS,JEWELS SALES ACCOUNT - EMERALDS,EMERALDS JEM 800,EMERALDS JEM 800,true,true,true,false
1422,1422,JH/2526/ 275,JH2526275,JEWELS SALES ACCOUNT - EMERALDS,JEWELS SALES ACCOUNT - EMERALDS,EMERALDS JEM 800,EMERALDS JEM 800,true,true,true,false
1423,1423,JH/2526/ 390,JH2526390,JEWELS SALES ACCOUNT - EMERALDS,JEWELS SALES ACCOUNT - EMERALDS,EMERALDS JEM 800,EMERALDS JEM 800,true,true,true,false
1424,1424,JH/2526/ 394,JH2526394,JEWELS SALES ACCOUNT - EMERALDS,JEWELS SALES ACCOUNT - EMERALDS,EMERALDS JEM 800,EMERALDS JEM 800,true,true,true,false
1425,1425,JH/2526/ 459,JH2526459,JEWELS SALES ACCOUNT - EMERALDS,JEWELS SALES ACCOUNT - EMERALDS,EMERALDS JEM 800,EMERALDS JEM 800,true,true,true,false
1426,1426,JH/2526/ 637,JH2526637,JEWELS SALES ACCOUNT - EMERALDS,JEWELS SALES ACCOUNT - EMERALDS,EMERALDS JEM 800,EMERALDS JEM 800,true,true,true,false
1427,1427,JH/2526/ 668,JH2526668,JEWELS SALES ACCOUNT - EMERALDS,JEWELS SALES ACCOUNT - EMERALDS,EMERALDS JEM 800,EMERALDS JEM 800,true,true,true,false
1428,1428,JH/2526/ 772,JH2526772,JEWELS SALES ACCOUNT - EMERALDS,JEWELS SALES ACCOUNT - EMERALDS,EMERALDS JEM 800,EMERALDS JEM 800,true,true,true,false
1429,1429,JH/2526/ 999,JH2526999,JEWELS SALES ACCOUNT - EMERALDS,JEWELS SALES ACCOUNT - EMERALDS,EMERALDS JEM 800,EMERALDS JEM 800,true,true,true,false
1430,1430,JH/2526/ 269,JH2526269,JEWELS SALES ACCOUNT - EMERALDS,JEWELS SALES ACCOUNT - EMERALDS,EMERALDS JEM 8000,EMERALDS JEM 8000,true,true,true,false
1431,1431,JH/2526/ 290,JH2526290,JEWELS SALES ACCOUNT - EMERALDS,JEWELS SALES ACCOUNT - EMERALDS,EMERALDS JEM 8000,EMERALDS JEM 8000,true,true,true,false
1432,1432,JH/2526/ 936,JH2526936,JEWELS SALES ACCOUNT - EMERALDS,JEWELS SALES ACCOUNT - EMERALDS,EMERALDS JEM 850,EMERALDS JEM 850,true,true,true,false
1433,1433,JH/2526/ 91,JH252691,JEWELS SALES ACCOUNT - EMERALDS,JEWELS SALES ACCOUNT - EMERALDS,EMERALDS JEM 900,EMERALDS JEM 900,true,true,true,false
1434,1434,JH/2526/ 681,JH2526681,JEWELS SALES ACCOUNT - EMERALDS,JEWELS SALES ACCOUNT - EMERALDS,EMERALDS JEM 900,EMERALDS JEM 900,true,true,true,false
1435,1435,JH/2526/ 734,JH2526734,JEWELS SALES ACCOUNT - EMERALDS,JEWELS SALES ACCOUNT - EMERALDS,EMERALDS JEM 900,EMERALDS JEM 900,true,true,true,false
1436,1436,JH/2526/ 426,JH2526426,JEWELS SALES ACCOUNT - EMERALDS,JEWELS SALES ACCOUNT - EMERALDS,EMERALDS JEM 9000,EMERALDS JEM 9000,true,true,true,false
1437,1437,JH/2526/ 450,JH2526450,JEWELS SALES ACCOUNT - EMERALDS,JEWELS SALES ACCOUNT - EMERALDS,EMERALDS JEM 950,EMERALDS JEM 950,true,true,true,false
1438,1438,JH/2526/ 753,JH2526753,JEWELS SALES ACCOUNT - EMERALDS,JEWELS SALES ACCOUNT - EMERALDS,EMERALDS JEM 950,EMERALDS JEM 950,true,true,true,false
1439,1439,JH/2526/ 150,JH2526150,JEWEL SALES ACCOUNT - DIAMONDS,JEWEL SALES ACCOUNT - DIAMONDS,FLAT POLKI FP 1,FLAT POLKI FP 1,true,true,true,false
1440,1440,JH/2526/ 522,JH2526522,JEWEL SALES ACCOUNT - DIAMONDS,JEWEL SALES ACCOUNT - DIAMONDS,FLAT POLKI FP 1,FLAT POLKI FP 1,true,true,true,false
1441,1441,JH/2526/ 586,JH2526586,JEWEL SALES ACCOUNT - DIAMONDS,JEWEL SALES ACCOUNT - DIAMONDS,FLAT POLKI FP 1,FLAT POLKI FP 1,true,true,true,false
1442,1442,JH/2526/ 868,JH2526868,JEWEL SALES ACCOUNT - DIAMONDS,JEWEL SALES ACCOUNT - DIAMONDS,FLAT POLKI FP 1,FLAT POLKI FP 1,true,true,true,false
1443,1443,JH/2526/ 868,JH2526868,JEWEL SALES ACCOUNT - DIAMONDS,JEWEL SALES ACCOUNT - DIAMONDS,FLAT POLKI FP 1,FLAT POLKI FP 1,true,true,true,false
1444,1444,JH/2526/ 932,JH2526932,JEWEL SALES ACCOUNT - DIAMONDS,JEWEL SALES ACCOUNT - DIAMONDS,FLAT POLKI FP 1,FLAT POLKI FP 1,true,true,true,false
1445,1445,JH/2526/ 1050,JH25261050,JEWEL SALES ACCOUNT - DIAMONDS,JEWEL SALES ACCOUNT - DIAMONDS,FLAT POLKI FP 1,FLAT POLKI FP 1,true,true,true,false
1446,1446,JH/2526/ 1082,JH25261082,JEWEL SALES ACCOUNT - DIAMONDS,JEWEL SALES ACCOUNT - DIAMONDS,FLAT POLKI FP 1,FLAT POLKI FP 1,true,true,true,false
1447,1447,JH/2526/ 194,JH2526194,JEWEL SALES ACCOUNT - DIAMONDS,JEWEL SALES ACCOUNT - DIAMONDS,FLAT POLKI FP 10,FLAT POLKI FP 10,true,true,true,false
1448,1448,JH/2526/ 194,JH2526194,JEWEL SALES ACCOUNT - DIAMONDS,JEWEL SALES ACCOUNT - DIAMONDS,FLAT POLKI FP 10,FLAT POLKI FP 10,true,true,true,false
1449,1449,JH/2526/ 194,JH2526194,JEWEL SALES ACCOUNT - DIAMONDS,JEWEL SALES ACCOUNT - DIAMONDS,FLAT POLKI FP 10,FLAT POLKI FP 10,true,true,true,false
1450,1450,JH/2526/ 420,JH2526420,JEWEL SALES ACCOUNT - DIAMONDS,JEWEL SALES ACCOUNT - DIAMONDS,FLAT POLKI FP 10,FLAT POLKI FP 10,true,true,true,false
1451,1451,JH/2526/ 19,JH252619,JEWEL SALES ACCOUNT - DIAMONDS,JEWEL SALES ACCOUNT - DIAMONDS,FLAT POLKI FP 11,FLAT POLKI FP 11,true,true,true,false
1452,1452,JH/2526/ 19,JH252619,JEWEL SALES ACCOUNT - DIAMONDS,JEWEL SALES ACCOUNT - DIAMONDS,FLAT POLKI FP 11,FLAT POLKI FP 11,true,true,true,false
1453,1453,JH/2526/ 761,JH2526761,JEWEL SALES ACCOUNT - DIAMONDS,JEWEL SALES ACCOUNT - DIAMONDS,FLAT POLKI FP 14,FLAT POLKI FP 14,true,true,true,false
1454,1454,JH/2526/ 19,JH252619,JEWEL SALES ACCOUNT - DIAMONDS,JEWEL SALES ACCOUNT - DIAMONDS,FLAT POLKI FP 15,FLAT POLKI FP 15,true,true,true,false
1455,1455,JH/2526/ 19,JH252619,JEWEL SALES ACCOUNT - DIAMONDS,JEWEL SALES ACCOUNT - DIAMONDS,FLAT POLKI FP 15,FLAT POLKI FP 15,true,true,true,false
1456,1456,JH/2526/ 194,JH2526194,JEWEL SALES ACCOUNT - DIAMONDS,JEWEL SALES ACCOUNT - DIAMONDS,FLAT POLKI FP 15,FLAT POLKI FP 15,true,true,true,false
1457,1457,JH/2526/ 194,JH2526194,JEWEL SALES ACCOUNT - DIAMONDS,JEWEL SALES ACCOUNT - DIAMONDS,FLAT POLKI FP 15,FLAT POLKI FP 15,true,true,true,false
1458,1458,JH/2526/ 194,JH2526194,JEWEL SALES ACCOUNT - DIAMONDS,JEWEL SALES ACCOUNT - DIAMONDS,FLAT POLKI FP 15,FLAT POLKI FP 15,true,true,true,false
1459,1459,JH/2526/ 283,JH2526283,JEWEL SALES ACCOUNT - DIAMONDS,JEWEL SALES ACCOUNT - DIAMONDS,FLAT POLKI FP 15,FLAT POLKI FP 15,true,true,true,false
1460,1460,JH/2526/ 8,JH25268,JEWEL SALES ACCOUNT - DIAMONDS,JEWEL SALES ACCOUNT - DIAMONDS,FLAT POLKI FP 16,FLAT POLKI FP 16,true,true,true,false
1461,1461,JH/2526/ 194,JH2526194,JEWEL SALES ACCOUNT - DIAMONDS,JEWEL SALES ACCOUNT - DIAMONDS,FLAT POLKI FP 16,FLAT POLKI FP 16,true,true,true,false
1462,1462,JH/2526/ 121,JH2526121,JEWEL SALES ACCOUNT - DIAMONDS,JEWEL SALES ACCOUNT - DIAMONDS,FLAT POLKI FP 17,FLAT POLKI FP 17,true,true,true,false
1463,1463,JH/2526/ 761,JH2526761,JEWEL SALES ACCOUNT - DIAMONDS,JEWEL SALES ACCOUNT - DIAMONDS,FLAT POLKI FP 17,FLAT POLKI FP 17,true,true,true,false
1464,1464,JH/2526/ 19,JH252619,JEWEL SALES ACCOUNT - DIAMONDS,JEWEL SALES ACCOUNT - DIAMONDS,FLAT POLKI FP 3,FLAT POLKI FP 3,true,true,true,false
1465,1465,JH/2526/ 734,JH2526734,JEWEL SALES ACCOUNT - DIAMONDS,JEWEL SALES ACCOUNT - DIAMONDS,FLAT POLKI FP 3,FLAT POLKI FP 3,true,true,true,false
1466,1466,JH/2526/ 734,JH2526734,JEWEL SALES ACCOUNT - DIAMONDS,JEWEL SALES ACCOUNT - DIAMONDS,FLAT POLKI FP 3,FLAT POLKI FP 3,true,true,true,false
1467,1467,JH/2526/ 741,JH2526741,JEWEL SALES ACCOUNT - DIAMONDS,JEWEL SALES ACCOUNT - DIAMONDS,FLAT POLKI FP 3,FLAT POLKI FP 3,true,true,true,false
1468,1468,JH/2526/ 8,JH25268,JEWEL SALES ACCOUNT - DIAMONDS,JEWEL SALES ACCOUNT - DIAMONDS,FLAT POLKI FP 4,FLAT POLKI FP 4,true,true,true,false
1469,1469,JH/2526/ 8,JH25268,JEWEL SALES ACCOUNT - DIAMONDS,JEWEL SALES ACCOUNT - DIAMONDS,FLAT POLKI FP 4,FLAT POLKI FP 4,true,true,true,false
1470,1470,JH/2526/ 18,JH252618,JEWEL SALES ACCOUNT - DIAMONDS,JEWEL SALES ACCOUNT - DIAMONDS,FLAT POLKI FP 4,FLAT POLKI FP 4,true,true,true,false
1471,1471,JH/2526/ 19,JH252619,JEWEL SALES ACCOUNT - DIAMONDS,JEWEL SALES ACCOUNT - DIAMONDS,FLAT POLKI FP 4,FLAT POLKI FP 4,true,true,true,false
1472,1472,JH/2526/ 19,JH252619,JEWEL SALES ACCOUNT - DIAMONDS,JEWEL SALES ACCOUNT - DIAMONDS,FLAT POLKI FP 4,FLAT POLKI FP 4,true,true,true,false
1473,1473,JH/2526/ 19,JH252619,JEWEL SALES ACCOUNT - DIAMONDS,JEWEL SALES ACCOUNT - DIAMONDS,FLAT POLKI FP 4,FLAT POLKI FP 4,true,true,true,false
1474,1474,JH/2526/ 101,JH2526101,JEWEL SALES ACCOUNT - DIAMONDS,JEWEL SALES ACCOUNT - DIAMONDS,FLAT POLKI FP 4,FLAT POLKI FP 4,true,true,true,false
1475,1475,JH/2526/ 105,JH2526105,JEWEL SALES ACCOUNT - DIAMONDS,JEWEL SALES ACCOUNT - DIAMONDS,FLAT POLKI FP 4,FLAT POLKI FP 4,true,true,true,false
1476,1476,JH/2526/ 105,JH2526105,JEWEL SALES ACCOUNT - DIAMONDS,JEWEL SALES ACCOUNT - DIAMONDS,FLAT POLKI FP 4,FLAT POLKI FP 4,true,true,true,false
1477,1477,JH/2526/ 121,JH2526121,JEWEL SALES ACCOUNT - DIAMONDS,JEWEL SALES ACCOUNT - DIAMONDS,FLAT POLKI FP 4,FLAT POLKI FP 4,true,true,true,false
1478,1478,JH/2526/ 121,JH2526121,JEWEL SALES ACCOUNT - DIAMONDS,JEWEL SALES ACCOUNT - DIAMONDS,FLAT POLKI FP 4,FLAT POLKI FP 4,true,true,true,false
1479,1479,JH/2526/ 144,JH2526144,JEWEL SALES ACCOUNT - DIAMONDS,JEWEL SALES ACCOUNT - DIAMONDS,FLAT POLKI FP 4,FLAT POLKI FP 4,true,true,true,false
1480,1480,JH/2526/ 144,JH2526144,JEWEL SALES ACCOUNT - DIAMONDS,JEWEL SALES ACCOUNT - DIAMONDS,FLAT POLKI FP 4,FLAT POLKI FP 4,true,true,true,false
1481,1481,JH/2526/ 144,JH2526144,JEWEL SALES ACCOUNT - DIAMONDS,JEWEL SALES ACCOUNT - DIAMONDS,FLAT POLKI FP 4,FLAT POLKI FP 4,true,true,true,false
1482,1482,JH/2526/ 150,JH2526150,JEWEL SALES ACCOUNT - DIAMONDS,JEWEL SALES ACCOUNT - DIAMONDS,FLAT POLKI FP 4,FLAT POLKI FP 4,true,true,true,false
1483,1483,JH/2526/ 150,JH2526150,JEWEL SALES ACCOUNT - DIAMONDS,JEWEL SALES ACCOUNT - DIAMONDS,FLAT POLKI FP 4,FLAT POLKI FP 4,true,true,true,false
1484,1484,JH/2526/ 194,JH2526194,JEWEL SALES ACCOUNT - DIAMONDS,JEWEL SALES ACCOUNT - DIAMONDS,FLAT POLKI FP 4,FLAT POLKI FP 4,true,true,true,false
1485,1485,JH/2526/ 194,JH2526194,JEWEL SALES ACCOUNT - DIAMONDS,JEWEL SALES ACCOUNT - DIAMONDS,FLAT POLKI FP 4,FLAT POLKI FP 4,true,true,true,false
1486,1486,JH/2526/ 194,JH2526194,JEWEL SALES ACCOUNT - DIAMONDS,JEWEL SALES ACCOUNT - DIAMONDS,FLAT POLKI FP 4,FLAT POLKI FP 4,true,true,true,false
1487,1487,JH/2526/ 273,JH2526273,JEWEL SALES ACCOUNT - DIAMONDS,JEWEL SALES ACCOUNT - DIAMONDS,FLAT POLKI FP 4,FLAT POLKI FP 4,true,true,true,false
1488,1488,JH/2526/ 277,JH2526277,JEWEL SALES ACCOUNT - DIAMONDS,JEWEL SALES ACCOUNT - DIAMONDS,FLAT POLKI FP 4,FLAT POLKI FP 4,true,true,true,false
1489,1489,JH/2526/ 283,JH2526283,JEWEL SALES ACCOUNT - DIAMONDS,JEWEL SALES ACCOUNT - DIAMONDS,FLAT POLKI FP 4,FLAT POLKI FP 4,true,true,true,false
1490,1490,JH/2526/ 283,JH2526283,JEWEL SALES ACCOUNT - DIAMONDS,JEWEL SALES ACCOUNT - DIAMONDS,FLAT POLKI FP 4,FLAT POLKI FP 4,true,true,true,false
1491,1491,JH/2526/ 288,JH2526288,JEWEL SALES ACCOUNT - DIAMONDS,JEWEL SALES ACCOUNT - DIAMONDS,FLAT POLKI FP 4,FLAT POLKI FP 4,true,true,true,false
1492,1492,JH/2526/ 321,JH2526321,JEWEL SALES ACCOUNT - DIAMONDS,JEWEL SALES ACCOUNT - DIAMONDS,FLAT POLKI FP 4,FLAT POLKI FP 4,true,true,true,false
1493,1493,JH/2526/ 329,JH2526329,JEWEL SALES ACCOUNT - DIAMONDS,JEWEL SALES ACCOUNT - DIAMONDS,FLAT POLKI FP 4,FLAT POLKI FP 4,true,true,true,false
1494,1494,JH/2526/ 367,JH2526367,JEWEL SALES ACCOUNT - DIAMONDS,JEWEL SALES ACCOUNT - DIAMONDS,FLAT POLKI FP 4,FLAT POLKI FP 4,true,true,true,false
1495,1495,JH/2526/ 378,JH2526378,JEWEL SALES ACCOUNT - DIAMONDS,JEWEL SALES ACCOUNT - DIAMONDS,FLAT POLKI FP 4,FLAT POLKI FP 4,true,true,true,false
1496,1496,JH/2526/ 394,JH2526394,JEWEL SALES ACCOUNT - DIAMONDS,JEWEL SALES ACCOUNT - DIAMONDS,FLAT POLKI FP 4,FLAT POLKI FP 4,true,true,true,false
1497,1497,JH/2526/ 398,JH2526398,JEWEL SALES ACCOUNT - DIAMONDS,JEWEL SALES ACCOUNT - DIAMONDS,FLAT POLKI FP 4,FLAT POLKI FP 4,true,true,true,false
1498,1498,JH/2526/ 443,JH2526443,JEWEL SALES ACCOUNT - DIAMONDS,JEWEL SALES ACCOUNT - DIAMONDS,FLAT POLKI FP 4,FLAT POLKI FP 4,true,true,true,false
1499,1499,JH/2526/ 514,JH2526514,JEWEL SALES ACCOUNT - DIAMONDS,JEWEL SALES ACCOUNT - DIAMONDS,FLAT POLKI FP 4,FLAT POLKI FP 4,true,true,true,false
1500,1500,JH/2526/ 633,JH2526633,JEWEL SALES ACCOUNT - DIAMONDS,JEWEL SALES ACCOUNT - DIAMONDS,FLAT POLKI FP 4,FLAT POLKI FP 4,true,true,true,false
1501,1501,JH/2526/ 637,JH2526637,JEWEL SALES ACCOUNT - DIAMONDS,JEWEL SALES ACCOUNT - DIAMONDS,FLAT POLKI FP 4,FLAT POLKI FP 4,true,true,true,false
1502,1502,JH/2526/ 642,JH2526642,JEWEL SALES ACCOUNT - DIAMONDS,JEWEL SALES ACCOUNT - DIAMONDS,FLAT POLKI FP 4,FLAT POLKI FP 4,true,true,true,false
1503,1503,JH/2526/ 643,JH2526643,JEWEL SALES ACCOUNT - DIAMONDS,JEWEL SALES ACCOUNT - DIAMONDS,FLAT POLKI FP 4,FLAT POLKI FP 4,true,true,true,false
1504,1504,JH/2526/ 644,JH2526644,JEWEL SALES ACCOUNT - DIAMONDS,JEWEL SALES ACCOUNT - DIAMONDS,FLAT POLKI FP 4,FLAT POLKI FP 4,true,true,true,false
1505,1505,JH/2526/ 681,JH2526681,JEWEL SALES ACCOUNT - DIAMONDS,JEWEL SALES ACCOUNT - DIAMONDS,FLAT POLKI FP 4,FLAT POLKI FP 4,true,true,true,false
1506,1506,JH/2526/ 910,JH2526910,JEWEL SALES ACCOUNT - DIAMONDS,JEWEL SALES ACCOUNT - DIAMONDS,FLAT POLKI FP 4,FLAT POLKI FP 4,true,true,true,false
1507,1507,JH/2526/ 964,JH2526964,JEWEL SALES ACCOUNT - DIAMONDS,JEWEL SALES ACCOUNT - DIAMONDS,FLAT POLKI FP 4,FLAT POLKI FP 4,true,true,true,false
1508,1508,JH/2526/ 1063,JH25261063,JEWEL SALES ACCOUNT - DIAMONDS,JEWEL SALES ACCOUNT - DIAMONDS,FLAT POLKI FP 4,FLAT POLKI FP 4,true,true,true,false
1509,1509,JH/2526/ 1064,JH25261064,JEWEL SALES ACCOUNT - DIAMONDS,JEWEL SALES ACCOUNT - DIAMONDS,FLAT POLKI FP 4,FLAT POLKI FP 4,true,true,true,false
1510,1510,JH/2526/ 1102,JH25261102,JEWEL SALES ACCOUNT - DIAMONDS,JEWEL SALES ACCOUNT - DIAMONDS,FLAT POLKI FP 4,FLAT POLKI FP 4,true,true,true,false
1511,1511,JH/2526/ 19,JH252619,JEWEL SALES ACCOUNT - DIAMONDS,JEWEL SALES ACCOUNT - DIAMONDS,FLAT POLKI FP 5,FLAT POLKI FP 5,true,true,true,false
1512,1512,JH/2526/ 91,JH252691,JEWEL SALES ACCOUNT - DIAMONDS,JEWEL SALES ACCOUNT - DIAMONDS,FLAT POLKI FP 5,FLAT POLKI FP 5,true,true,true,false
1513,1513,JH/2526/ 105,JH2526105,JEWEL SALES ACCOUNT - DIAMONDS,JEWEL SALES ACCOUNT - DIAMONDS,FLAT POLKI FP 5,FLAT POLKI FP 5,true,true,true,false
1514,1514,JH/2526/ 141,JH2526141,JEWEL SALES ACCOUNT - DIAMONDS,JEWEL SALES ACCOUNT - DIAMONDS,FLAT POLKI FP 5,FLAT POLKI FP 5,true,true,true,false
1515,1515,JH/2526/ 194,JH2526194,JEWEL SALES ACCOUNT - DIAMONDS,JEWEL SALES ACCOUNT - DIAMONDS,FLAT POLKI FP 5,FLAT POLKI FP 5,true,true,true,false
1516,1516,JH/2526/ 194,JH2526194,JEWEL SALES ACCOUNT - DIAMONDS,JEWEL SALES ACCOUNT - DIAMONDS,FLAT POLKI FP 5,FLAT POLKI FP 5,true,true,true,false
1517,1517,JH/2526/ 271,JH2526271,JEWEL SALES ACCOUNT - DIAMONDS,JEWEL SALES ACCOUNT - DIAMONDS,FLAT POLKI FP 5,FLAT POLKI FP 5,true,true,true,false
1518,1518,JH/2526/ 277,JH2526277,JEWEL SALES ACCOUNT - DIAMONDS,JEWEL SALES ACCOUNT - DIAMONDS,FLAT POLKI FP 5,FLAT POLKI FP 5,true,true,true,false
1519,1519,JH/2526/ 442,JH2526442,JEWEL SALES ACCOUNT - DIAMONDS,JEWEL SALES ACCOUNT - DIAMONDS,FLAT POLKI FP 5,FLAT POLKI FP 5,true,true,true,false
1520,1520,JH/2526/ 480,JH2526480,JEWEL SALES ACCOUNT - DIAMONDS,JEWEL SALES ACCOUNT - DIAMONDS,FLAT POLKI FP 5,FLAT POLKI FP 5,true,true,true,false
1521,1521,JH/2526/ 514,JH2526514,JEWEL SALES ACCOUNT - DIAMONDS,JEWEL SALES ACCOUNT - DIAMONDS,FLAT POLKI FP 5,FLAT POLKI FP 5,true,true,true,false
1522,1522,JH/2526/ 561,JH2526561,JEWEL SALES ACCOUNT - DIAMONDS,JEWEL SALES ACCOUNT - DIAMONDS,FLAT POLKI FP 5,FLAT POLKI FP 5,true,true,true,false
1523,1523,JH/2526/ 659,JH2526659,JEWEL SALES ACCOUNT - DIAMONDS,JEWEL SALES ACCOUNT - DIAMONDS,FLAT POLKI FP 5,FLAT POLKI FP 5,true,true,true,false
1524,1524,JH/2526/ 742,JH2526742,JEWEL SALES ACCOUNT - DIAMONDS,JEWEL SALES ACCOUNT - DIAMONDS,FLAT POLKI FP 5,FLAT POLKI FP 5,true,true,true,false
1525,1525,JH/2526/ 743,JH2526743,JEWEL SALES ACCOUNT - DIAMONDS,JEWEL SALES ACCOUNT - DIAMONDS,FLAT POLKI FP 5,FLAT POLKI FP 5,true,true,true,false
1526,1526,JH/2526/ 743,JH2526743,JEWEL SALES ACCOUNT - DIAMONDS,JEWEL SALES ACCOUNT - DIAMONDS,FLAT POLKI FP 5,FLAT POLKI FP 5,true,true,true,false
1527,1527,JH/2526/ 854,JH2526854,JEWEL SALES ACCOUNT - DIAMONDS,JEWEL SALES ACCOUNT - DIAMONDS,FLAT POLKI FP 5,FLAT POLKI FP 5,true,true,true,false
1528,1528,JH/2526/ 867,JH2526867,JEWEL SALES ACCOUNT - DIAMONDS,JEWEL SALES ACCOUNT - DIAMONDS,FLAT POLKI FP 5,FLAT POLKI FP 5,true,true,true,false
1529,1529,JH/2526/ 951,JH2526951,JEWEL SALES ACCOUNT - DIAMONDS,JEWEL SALES ACCOUNT - DIAMONDS,FLAT POLKI FP 5,FLAT POLKI FP 5,true,true,true,false
1530,1530,JH/2526/ 1043,JH25261043,JEWEL SALES ACCOUNT - DIAMONDS,JEWEL SALES ACCOUNT - DIAMONDS,FLAT POLKI FP 5,FLAT POLKI FP 5,true,true,true,false
1531,1531,JH/2526/ 1076,JH25261076,JEWEL SALES ACCOUNT - DIAMONDS,JEWEL SALES ACCOUNT - DIAMONDS,FLAT POLKI FP 5,FLAT POLKI FP 5,true,true,true,false
1532,1532,JH/2526/ 1090,JH25261090,JEWEL SALES ACCOUNT - DIAMONDS,JEWEL SALES ACCOUNT - DIAMONDS,FLAT POLKI FP 5,FLAT POLKI FP 5,true,true,true,false
1533,1533,JH/2526/ 1102,JH25261102,JEWEL SALES ACCOUNT - DIAMONDS,JEWEL SALES ACCOUNT - DIAMONDS,FLAT POLKI FP 5,FLAT POLKI FP 5,true,true,true,false
1534,1534,JH/2526/ 8,JH25268,JEWEL SALES ACCOUNT - DIAMONDS,JEWEL SALES ACCOUNT - DIAMONDS,FLAT POLKI FP 6,FLAT POLKI FP 6,true,true,true,false
1535,1535,JH/2526/ 8,JH25268,JEWEL SALES ACCOUNT - DIAMONDS,JEWEL SALES ACCOUNT - DIAMONDS,FLAT POLKI FP 6,FLAT POLKI FP 6,true,true,true,false
1536,1536,JH/2526/ 8,JH25268,JEWEL SALES ACCOUNT - DIAMONDS,JEWEL SALES ACCOUNT - DIAMONDS,FLAT POLKI FP 6,FLAT POLKI FP 6,true,true,true,false
1537,1537,JH/2526/ 8,JH25268,JEWEL SALES ACCOUNT - DIAMONDS,JEWEL SALES ACCOUNT - DIAMONDS,FLAT POLKI FP 6,FLAT POLKI FP 6,true,true,true,false
1538,1538,JH/2526/ 19,JH252619,JEWEL SALES ACCOUNT - DIAMONDS,JEWEL SALES ACCOUNT - DIAMONDS,FLAT POLKI FP 6,FLAT POLKI FP 6,true,true,true,false
1539,1539,JH/2526/ 19,JH252619,JEWEL SALES ACCOUNT - DIAMONDS,JEWEL SALES ACCOUNT - DIAMONDS,FLAT POLKI FP 6,FLAT POLKI FP 6,true,true,true,false
1540,1540,JH/2526/ 88,JH252688,JEWEL SALES ACCOUNT - DIAMONDS,JEWEL SALES ACCOUNT - DIAMONDS,FLAT POLKI FP 6,FLAT POLKI FP 6,true,true,true,false
1541,1541,JH/2526/ 91,JH252691,JEWEL SALES ACCOUNT - DIAMONDS,JEWEL SALES ACCOUNT - DIAMONDS,FLAT POLKI FP 6,FLAT POLKI FP 6,true,true,true,false
1542,1542,JH/2526/ 102,JH2526102,JEWEL SALES ACCOUNT - DIAMONDS,JEWEL SALES ACCOUNT - DIAMONDS,FLAT POLKI FP 6,FLAT POLKI FP 6,true,true,true,false
1543,1543,JH/2526/ 105,JH2526105,JEWEL SALES ACCOUNT - DIAMONDS,JEWEL SALES ACCOUNT - DIAMONDS,FLAT POLKI FP 6,FLAT POLKI FP 6,true,true,true,false
1544,1544,JH/2526/ 194,JH2526194,JEWEL SALES ACCOUNT - DIAMONDS,JEWEL SALES ACCOUNT - DIAMONDS,FLAT POLKI FP 6,FLAT POLKI FP 6,true,true,true,false
1545,1545,JH/2526/ 283,JH2526283,JEWEL SALES ACCOUNT - DIAMONDS,JEWEL SALES ACCOUNT - DIAMONDS,FLAT POLKI FP 6,FLAT POLKI FP 6,true,true,true,false
1546,1546,JH/2526/ 642,JH2526642,JEWEL SALES ACCOUNT - DIAMONDS,JEWEL SALES ACCOUNT - DIAMONDS,FLAT POLKI FP 6,FLAT POLKI FP 6,true,true,true,false
1547,1547,JH/2526/ 681,JH2526681,JEWEL SALES ACCOUNT - DIAMONDS,JEWEL SALES ACCOUNT - DIAMONDS,FLAT POLKI FP 6,FLAT POLKI FP 6,true,true,true,false
1548,1548,JH/2526/ 1044,JH25261044,JEWEL SALES ACCOUNT - DIAMONDS,JEWEL SALES ACCOUNT - DIAMONDS,FLAT POLKI FP 6,FLAT POLKI FP 6,true,true,true,false
1549,1549,JH/2526/ 8,JH25268,JEWEL SALES ACCOUNT - DIAMONDS,JEWEL SALES ACCOUNT - DIAMONDS,FLAT POLKI FP 7,FLAT POLKI FP 7,true,true,true,false
1550,1550,JH/2526/ 8,JH25268,JEWEL SALES ACCOUNT - DIAMONDS,JEWEL SALES ACCOUNT - DIAMONDS,FLAT POLKI FP 7,FLAT POLKI FP 7,true,true,true,false
1551,1551,JH/2526/ 19,JH252619,JEWEL SALES ACCOUNT - DIAMONDS,JEWEL SALES ACCOUNT - DIAMONDS,FLAT POLKI FP 7,FLAT POLKI FP 7,true,true,true,false
1552,1552,JH/2526/ 194,JH2526194,JEWEL SALES ACCOUNT - DIAMONDS,JEWEL SALES ACCOUNT - DIAMONDS,FLAT POLKI FP 7,FLAT POLKI FP 7,true,true,true,false
1553,1553,JH/2526/ 194,JH2526194,JEWEL SALES ACCOUNT - DIAMONDS,JEWEL SALES ACCOUNT - DIAMONDS,FLAT POLKI FP 7,FLAT POLKI FP 7,true,true,true,false
1554,1554,JH/2526/ 194,JH2526194,JEWEL SALES ACCOUNT - DIAMONDS,JEWEL SALES ACCOUNT - DIAMONDS,FLAT POLKI FP 7,FLAT POLKI FP 7,true,true,true,false
1555,1555,JH/2526/ 273,JH2526273,JEWEL SALES ACCOUNT - DIAMONDS,JEWEL SALES ACCOUNT - DIAMONDS,FLAT POLKI FP 7,FLAT POLKI FP 7,true,true,true,false
1556,1556,JH/2526/ 283,JH2526283,JEWEL SALES ACCOUNT - DIAMONDS,JEWEL SALES ACCOUNT - DIAMONDS,FLAT POLKI FP 7,FLAT POLKI FP 7,true,true,true,false
1557,1557,JH/2526/ 378,JH2526378,JEWEL SALES ACCOUNT - DIAMONDS,JEWEL SALES ACCOUNT - DIAMONDS,FLAT POLKI FP 7,FLAT POLKI FP 7,true,true,true,false
1558,1558,JH/2526/ 416,JH2526416,JEWEL SALES ACCOUNT - DIAMONDS,JEWEL SALES ACCOUNT - DIAMONDS,FLAT POLKI FP 7,FLAT POLKI FP 7,true,true,true,false
1559,1559,JH/2526/ 633,JH2526633,JEWEL SALES ACCOUNT - DIAMONDS,JEWEL SALES ACCOUNT - DIAMONDS,FLAT POLKI FP 7,FLAT POLKI FP 7,true,true,true,false
1560,1560,JH/2526/ 861,JH2526861,JEWEL SALES ACCOUNT - DIAMONDS,JEWEL SALES ACCOUNT - DIAMONDS,FLAT POLKI FP 7,FLAT POLKI FP 7,true,true,true,false
1561,1561,JH/2526/ 1044,JH25261044,JEWEL SALES ACCOUNT - DIAMONDS,JEWEL SALES ACCOUNT - DIAMONDS,FLAT POLKI FP 7,FLAT POLKI FP 7,true,true,true,false
1562,1562,JH/2526/ 19,JH252619,JEWEL SALES ACCOUNT - DIAMONDS,JEWEL SALES ACCOUNT - DIAMONDS,FLAT POLKI FP 8,FLAT POLKI FP 8,true,true,true,false
1563,1563,JH/2526/ 121,JH2526121,JEWEL SALES ACCOUNT - DIAMONDS,JEWEL SALES ACCOUNT - DIAMONDS,FLAT POLKI FP 8,FLAT POLKI FP 8,true,true,true,false
1564,1564,JH/2526/ 19,JH252619,JEWEL SALES ACCOUNT - DIAMONDS,JEWEL SALES ACCOUNT - DIAMONDS,FLAT POLKI FP 9,FLAT POLKI FP 9,true,true,true,false
1565,1565,JH/2526/ 642,JH2526642,JEWEL SALES ACCOUNT - DIAMONDS,JEWEL SALES ACCOUNT - DIAMONDS,FLAT POLKI FP 9,FLAT POLKI FP 9,true,true,true,false
1566,1566,JH/RI/2526/ 1,JHRI25261,REPAIR CHARGES,REPAIR CHARGES,GOLD ORNAMENTS,GOLD ORNAMENTS,false,false,false,true
1567,1567,JH/RI/2526/ 2,JHRI25262,REPAIR CHARGES,REPAIR CHARGES,GOLD ORNAMENTS,GOLD ORNAMENTS,false,false,false,true
1568,1568,JH/RI/2526/ 3,JHRI25263,REPAIR CHARGES,REPAIR CHARGES,GOLD ORNAMENTS,GOLD ORNAMENTS,false,false,false,true
1569,1569,JH/RI/2526/ 3,JHRI25263,REPAIR CHARGES,REPAIR CHARGES,GOLD ORNAMENTS,GOLD ORNAMENTS,false,false,false,true
1570,1570,JH/RI/2526/ 4,JHRI25264,REPAIR CHARGES,REPAIR CHARGES,GOLD ORNAMENTS,GOLD ORNAMENTS,false,false,false,true
1571,1571,JH/RI/2526/ 5,JHRI25265,REPAIR CHARGES,REPAIR CHARGES,GOLD ORNAMENTS,GOLD ORNAMENTS,false,false,false,true
1572,1572,JH/RI/2526/ 5,JHRI25265,REPAIR CHARGES,REPAIR CHARGES,GOLD ORNAMENTS,GOLD ORNAMENTS,false,false,false,true
1573,1573,JH/RI/2526/ 5,JHRI25265,REPAIR CHARGES,REPAIR CHARGES,GOLD ORNAMENTS,GOLD ORNAMENTS,false,false,false,true
1574,1574,JH/2526/ 31,JH252631,GOLD SALES ACCOUNT - 14K,GOLD SALES ACCOUNT - 14K,GOLD ORNAMENTS 14K,GOLD ORNAMENTS 14K,true,true,true,false
1575,1575,JH/2526/ 37,JH252637,GOLD SALES ACCOUNT - 14K,GOLD SALES ACCOUNT - 14K,GOLD ORNAMENTS 14K,GOLD ORNAMENTS 14K,true,true,true,false
1576,1576,JH/2526/ 42,JH252642,GOLD SALES ACCOUNT - 14K,GOLD SALES ACCOUNT - 14K,GOLD ORNAMENTS 14K,GOLD ORNAMENTS 14K,true,true,true,false
1577,1577,JH/2526/ 45,JH252645,GOLD SALES ACCOUNT - 14K,GOLD SALES ACCOUNT - 14K,GOLD ORNAMENTS 14K,GOLD ORNAMENTS 14K,true,true,true,false
1578,1578,JH/2526/ 50,JH252650,GOLD SALES ACCOUNT - 14K,GOLD SALES ACCOUNT - 14K,GOLD ORNAMENTS 14K,GOLD ORNAMENTS 14K,true,true,true,false
1579,1579,JH/2526/ 53,JH252653,GOLD SALES ACCOUNT - 14K,GOLD SALES ACCOUNT - 14K,GOLD ORNAMENTS 14K,GOLD ORNAMENTS 14K,true,true,true,false
1580,1580,JH/2526/ 56,JH252656,GOLD SALES ACCOUNT - 14K,GOLD SALES ACCOUNT - 14K,GOLD ORNAMENTS 14K,GOLD ORNAMENTS 14K,true,true,true,false
1581,1581,JH/2526/ 58,JH252658,GOLD SALES ACCOUNT - 14K,GOLD SALES ACCOUNT - 14K,GOLD ORNAMENTS 14K,GOLD ORNAMENTS 14K,true,true,true,false
1582,1582,JH/2526/ 68,JH252668,GOLD SALES ACCOUNT - 14K,GOLD SALES ACCOUNT - 14K,GOLD ORNAMENTS 14K,GOLD ORNAMENTS 14K,true,true,true,false
1583,1583,JH/2526/ 73,JH252673,GOLD SALES ACCOUNT - 14K,GOLD SALES ACCOUNT - 14K,GOLD ORNAMENTS 14K,GOLD ORNAMENTS 14K,true,true,true,false
1584,1584,JH/2526/ 76,JH252676,GOLD SALES ACCOUNT - 14K,GOLD SALES ACCOUNT - 14K,GOLD ORNAMENTS 14K,GOLD ORNAMENTS 14K,true,true,true,false
1585,1585,JH/2526/ 83,JH252683,GOLD SALES ACCOUNT - 14K,GOLD SALES ACCOUNT - 14K,GOLD ORNAMENTS 14K,GOLD ORNAMENTS 14K,true,true,true,false
1586,1586,JH/2526/ 92,JH252692,GOLD SALES ACCOUNT - 14K,GOLD SALES ACCOUNT - 14K,GOLD ORNAMENTS 14K,GOLD ORNAMENTS 14K,true,true,true,false
1587,1587,JH/2526/ 111,JH2526111,GOLD SALES ACCOUNT - 14K,GOLD SALES ACCOUNT - 14K,GOLD ORNAMENTS 14K,GOLD ORNAMENTS 14K,true,true,true,false
1588,1588,JH/2526/ 132,JH2526132,GOLD SALES ACCOUNT - 14K,GOLD SALES ACCOUNT - 14K,GOLD ORNAMENTS 14K,GOLD ORNAMENTS 14K,true,true,true,false
1589,1589,JH/2526/ 148,JH2526148,GOLD SALES ACCOUNT - 14K,GOLD SALES ACCOUNT - 14K,GOLD ORNAMENTS 14K,GOLD ORNAMENTS 14K,true,true,true,false
1590,1590,JH/2526/ 156,JH2526156,GOLD SALES ACCOUNT - 14K,GOLD SALES ACCOUNT - 14K,GOLD ORNAMENTS 14K,GOLD ORNAMENTS 14K,true,true,true,false
1591,1591,JH/2526/ 163,JH2526163,GOLD SALES ACCOUNT - 14K,GOLD SALES ACCOUNT - 14K,GOLD ORNAMENTS 14K,GOLD ORNAMENTS 14K,true,true,true,false
1592,1592,JH/2526/ 169,JH2526169,GOLD SALES ACCOUNT - 14K,GOLD SALES ACCOUNT - 14K,GOLD ORNAMENTS 14K,GOLD ORNAMENTS 14K,true,true,true,false
1593,1593,JH/2526/ 176,JH2526176,GOLD SALES ACCOUNT - 14K,GOLD SALES ACCOUNT - 14K,GOLD ORNAMENTS 14K,GOLD ORNAMENTS 14K,true,true,true,false
1594,1594,JH/2526/ 182,JH2526182,GOLD SALES ACCOUNT - 14K,GOLD SALES ACCOUNT - 14K,GOLD ORNAMENTS 14K,GOLD ORNAMENTS 14K,true,true,true,false
1595,1595,JH/2526/ 187,JH2526187,GOLD SALES ACCOUNT - 14K,GOLD SALES ACCOUNT - 14K,GOLD ORNAMENTS 14K,GOLD ORNAMENTS 14K,true,true,true,false
1596,1596,JH/2526/ 206,JH2526206,GOLD SALES ACCOUNT - 14K,GOLD SALES ACCOUNT - 14K,GOLD ORNAMENTS 14K,GOLD ORNAMENTS 14K,true,true,true,false
1597,1597,JH/2526/ 212,JH2526212,GOLD SALES ACCOUNT - 14K,GOLD SALES ACCOUNT - 14K,GOLD ORNAMENTS 14K,GOLD ORNAMENTS 14K,true,true,true,false
1598,1598,JH/2526/ 217,JH2526217,GOLD SALES ACCOUNT - 14K,GOLD SALES ACCOUNT - 14K,GOLD ORNAMENTS 14K,GOLD ORNAMENTS 14K,true,true,true,false
1599,1599,JH/2526/ 225,JH2526225,GOLD SALES ACCOUNT - 14K,GOLD SALES ACCOUNT - 14K,GOLD ORNAMENTS 14K,GOLD ORNAMENTS 14K,true,true,true,false
1600,1600,JH/2526/ 226,JH2526226,GOLD SALES ACCOUNT - 14K,GOLD SALES ACCOUNT - 14K,GOLD ORNAMENTS 14K,GOLD ORNAMENTS 14K,true,true,true,false
1601,1601,JH/2526/ 227,JH2526227,GOLD SALES ACCOUNT - 14K,GOLD SALES ACCOUNT - 14K,GOLD ORNAMENTS 14K,GOLD ORNAMENTS 14K,true,true,true,false
1602,1602,JH/2526/ 228,JH2526228,GOLD SALES ACCOUNT - 14K,GOLD SALES ACCOUNT - 14K,GOLD ORNAMENTS 14K,GOLD ORNAMENTS 14K,true,true,true,false
1603,1603,JH/2526/ 232,JH2526232,GOLD SALES ACCOUNT - 14K,GOLD SALES ACCOUNT - 14K,GOLD ORNAMENTS 14K,GOLD ORNAMENTS 14K,true,true,true,false
1604,1604,JH/2526/ 238,JH2526238,GOLD SALES ACCOUNT - 14K,GOLD SALES ACCOUNT - 14K,GOLD ORNAMENTS 14K,GOLD ORNAMENTS 14K,true,true,true,false
1605,1605,JH/2526/ 258,JH2526258,GOLD SALES ACCOUNT - 14K,GOLD SALES ACCOUNT - 14K,GOLD ORNAMENTS 14K,GOLD ORNAMENTS 14K,true,true,true,false
1606,1606,JH/2526/ 263,JH2526263,GOLD SALES ACCOUNT - 14K,GOLD SALES ACCOUNT - 14K,GOLD ORNAMENTS 14K,GOLD ORNAMENTS 14K,true,true,true,false
1607,1607,JH/2526/ 267,JH2526267,GOLD SALES ACCOUNT - 14K,GOLD SALES ACCOUNT - 14K,GOLD ORNAMENTS 14K,GOLD ORNAMENTS 14K,true,true,true,false
1608,1608,JH/2526/ 294,JH2526294,GOLD SALES ACCOUNT - 14K,GOLD SALES ACCOUNT - 14K,GOLD ORNAMENTS 14K,GOLD ORNAMENTS 14K,true,true,true,false
1609,1609,JH/2526/ 306,JH2526306,GOLD SALES ACCOUNT - 14K,GOLD SALES ACCOUNT - 14K,GOLD ORNAMENTS 14K,GOLD ORNAMENTS 14K,true,true,true,false
1610,1610,JH/2526/ 308,JH2526308,GOLD SALES ACCOUNT - 14K,GOLD SALES ACCOUNT - 14K,GOLD ORNAMENTS 14K,GOLD ORNAMENTS 14K,true,true,true,false
1611,1611,JH/2526/ 315,JH2526315,GOLD SALES ACCOUNT - 14K,GOLD SALES ACCOUNT - 14K,GOLD ORNAMENTS 14K,GOLD ORNAMENTS 14K,true,true,true,false
1612,1612,JH/2526/ 319,JH2526319,GOLD SALES ACCOUNT - 14K,GOLD SALES ACCOUNT - 14K,GOLD ORNAMENTS 14K,GOLD ORNAMENTS 14K,true,true,true,false
1613,1613,JH/2526/ 324,JH2526324,GOLD SALES ACCOUNT - 14K,GOLD SALES ACCOUNT - 14K,GOLD ORNAMENTS 14K,GOLD ORNAMENTS 14K,true,true,true,false
1614,1614,JH/2526/ 334,JH2526334,GOLD SALES ACCOUNT - 14K,GOLD SALES ACCOUNT - 14K,GOLD ORNAMENTS 14K,GOLD ORNAMENTS 14K,true,true,true,false
1615,1615,JH/2526/ 342,JH2526342,GOLD SALES ACCOUNT - 14K,GOLD SALES ACCOUNT - 14K,GOLD ORNAMENTS 14K,GOLD ORNAMENTS 14K,true,true,true,false
1616,1616,JH/2526/ 347,JH2526347,GOLD SALES ACCOUNT - 14K,GOLD SALES ACCOUNT - 14K,GOLD ORNAMENTS 14K,GOLD ORNAMENTS 14K,true,true,true,false
1617,1617,JH/2526/ 351,JH2526351,GOLD SALES ACCOUNT - 14K,GOLD SALES ACCOUNT - 14K,GOLD ORNAMENTS 14K,GOLD ORNAMENTS 14K,true,true,true,false
1618,1618,JH/2526/ 361,JH2526361,GOLD SALES ACCOUNT - 14K,GOLD SALES ACCOUNT - 14K,GOLD ORNAMENTS 14K,GOLD ORNAMENTS 14K,true,true,true,false
1619,1619,JH/2526/ 381,JH2526381,GOLD SALES ACCOUNT - 14K,GOLD SALES ACCOUNT - 14K,GOLD ORNAMENTS 14K,GOLD ORNAMENTS 14K,true,true,true,false
1620,1620,JH/2526/ 386,JH2526386,GOLD SALES ACCOUNT - 14K,GOLD SALES ACCOUNT - 14K,GOLD ORNAMENTS 14K,GOLD ORNAMENTS 14K,true,true,true,false
1621,1621,JH/2526/ 409,JH2526409,GOLD SALES ACCOUNT - 14K,GOLD SALES ACCOUNT - 14K,GOLD ORNAMENTS 14K,GOLD ORNAMENTS 14K,true,true,true,false
1622,1622,JH/2526/ 431,JH2526431,GOLD SALES ACCOUNT - 14K,GOLD SALES ACCOUNT - 14K,GOLD ORNAMENTS 14K,GOLD ORNAMENTS 14K,true,true,true,false
1623,1623,JH/2526/ 438,JH2526438,GOLD SALES ACCOUNT - 14K,GOLD SALES ACCOUNT - 14K,GOLD ORNAMENTS 14K,GOLD ORNAMENTS 14K,true,true,true,false
1624,1624,JH/2526/ 440,JH2526440,GOLD SALES ACCOUNT - 14K,GOLD SALES ACCOUNT - 14K,GOLD ORNAMENTS 14K,GOLD ORNAMENTS 14K,true,true,true,false
1625,1625,JH/2526/ 446,JH2526446,GOLD SALES ACCOUNT - 14K,GOLD SALES ACCOUNT - 14K,GOLD ORNAMENTS 14K,GOLD ORNAMENTS 14K,true,true,true,false
1626,1626,JH/2526/ 455,JH2526455,GOLD SALES ACCOUNT - 14K,GOLD SALES ACCOUNT - 14K,GOLD ORNAMENTS 14K,GOLD ORNAMENTS 14K,true,true,true,false
1627,1627,JH/2526/ 464,JH2526464,GOLD SALES ACCOUNT - 14K,GOLD SALES ACCOUNT - 14K,GOLD ORNAMENTS 14K,GOLD ORNAMENTS 14K,true,true,true,false
1628,1628,JH/2526/ 476,JH2526476,GOLD SALES ACCOUNT - 14K,GOLD SALES ACCOUNT - 14K,GOLD ORNAMENTS 14K,GOLD ORNAMENTS 14K,true,true,true,false
1629,1629,JH/2526/ 485,JH2526485,GOLD SALES ACCOUNT - 14K,GOLD SALES ACCOUNT - 14K,GOLD ORNAMENTS 14K,GOLD ORNAMENTS 14K,true,true,true,false
1630,1630,JH/2526/ 491,JH2526491,GOLD SALES ACCOUNT - 14K,GOLD SALES ACCOUNT - 14K,GOLD ORNAMENTS 14K,GOLD ORNAMENTS 14K,true,true,true,false
1631,1631,JH/2526/ 499,JH2526499,GOLD SALES ACCOUNT - 14K,GOLD SALES ACCOUNT - 14K,GOLD ORNAMENTS 14K,GOLD ORNAMENTS 14K,true,true,true,false
1632,1632,JH/2526/ 501,JH2526501,GOLD SALES ACCOUNT - 14K,GOLD SALES ACCOUNT - 14K,GOLD ORNAMENTS 14K,GOLD ORNAMENTS 14K,true,true,true,false
1633,1633,JH/2526/ 510,JH2526510,GOLD SALES ACCOUNT - 14K,GOLD SALES ACCOUNT - 14K,GOLD ORNAMENTS 14K,GOLD ORNAMENTS 14K,true,true,true,false
1634,1634,JH/2526/ 517,JH2526517,GOLD SALES ACCOUNT - 14K,GOLD SALES ACCOUNT - 14K,GOLD ORNAMENTS 14K,GOLD ORNAMENTS 14K,true,true,true,false
1635,1635,JH/2526/ 532,JH2526532,GOLD SALES ACCOUNT - 14K,GOLD SALES ACCOUNT - 14K,GOLD ORNAMENTS 14K,GOLD ORNAMENTS 14K,true,true,true,false
1636,1636,JH/2526/ 540,JH2526540,GOLD SALES ACCOUNT - 14K,GOLD SALES ACCOUNT - 14K,GOLD ORNAMENTS 14K,GOLD ORNAMENTS 14K,true,true,true,false
1637,1637,JH/2526/ 546,JH2526546,GOLD SALES ACCOUNT - 14K,GOLD SALES ACCOUNT - 14K,GOLD ORNAMENTS 14K,GOLD ORNAMENTS 14K,true,true,true,false
1638,1638,JH/2526/ 551,JH2526551,GOLD SALES ACCOUNT - 14K,GOLD SALES ACCOUNT - 14K,GOLD ORNAMENTS 14K,GOLD ORNAMENTS 14K,true,true,true,false
1639,1639,JH/2526/ 556,JH2526556,GOLD SALES ACCOUNT - 14K,GOLD SALES ACCOUNT - 14K,GOLD ORNAMENTS 14K,GOLD ORNAMENTS 14K,true,true,true,false
1640,1640,JH/2526/ 570,JH2526570,GOLD SALES ACCOUNT - 14K,GOLD SALES ACCOUNT - 14K,GOLD ORNAMENTS 14K,GOLD ORNAMENTS 14K,true,true,true,false
1641,1641,JH/2526/ 571,JH2526571,GOLD SALES ACCOUNT - 14K,GOLD SALES ACCOUNT - 14K,GOLD ORNAMENTS 14K,GOLD ORNAMENTS 14K,true,true,true,false
1642,1642,JH/2526/ 585,JH2526585,GOLD SALES ACCOUNT - 14K,GOLD SALES ACCOUNT - 14K,GOLD ORNAMENTS 14K,GOLD ORNAMENTS 14K,true,true,true,false
1643,1643,JH/2526/ 602,JH2526602,GOLD SALES ACCOUNT - 14K,GOLD SALES ACCOUNT - 14K,GOLD ORNAMENTS 14K,GOLD ORNAMENTS 14K,true,true,true,false
1644,1644,JH/2526/ 608,JH2526608,GOLD SALES ACCOUNT - 14K,GOLD SALES ACCOUNT - 14K,GOLD ORNAMENTS 14K,GOLD ORNAMENTS 14K,true,true,true,false
1645,1645,JH/2526/ 613,JH2526613,GOLD SALES ACCOUNT - 14K,GOLD SALES ACCOUNT - 14K,GOLD ORNAMENTS 14K,GOLD ORNAMENTS 14K,true,true,true,false
1646,1646,JH/2526/ 618,JH2526618,GOLD SALES ACCOUNT - 14K,GOLD SALES ACCOUNT - 14K,GOLD ORNAMENTS 14K,GOLD ORNAMENTS 14K,true,true,true,false
1647,1647,JH/2526/ 625,JH2526625,GOLD SALES ACCOUNT - 14K,GOLD SALES ACCOUNT - 14K,GOLD ORNAMENTS 14K,GOLD ORNAMENTS 14K,true,true,true,false
1648,1648,JH/2526/ 631,JH2526631,GOLD SALES ACCOUNT - 14K,GOLD SALES ACCOUNT - 14K,GOLD ORNAMENTS 14K,GOLD ORNAMENTS 14K,true,true,true,false
1649,1649,JH/2526/ 653,JH2526653,GOLD SALES ACCOUNT - 14K,GOLD SALES ACCOUNT - 14K,GOLD ORNAMENTS 14K,GOLD ORNAMENTS 14K,true,true,true,false
1650,1650,JH/2526/ 666,JH2526666,GOLD SALES ACCOUNT - 14K,GOLD SALES ACCOUNT - 14K,GOLD ORNAMENTS 14K,GOLD ORNAMENTS 14K,true,true,true,false
1651,1651,JH/2526/ 667,JH2526667,GOLD SALES ACCOUNT - 14K,GOLD SALES ACCOUNT - 14K,GOLD ORNAMENTS 14K,GOLD ORNAMENTS 14K,true,true,true,false
1652,1652,JH/2526/ 668,JH2526668,GOLD SALES ACCOUNT - 14K,GOLD SALES ACCOUNT - 14K,GOLD ORNAMENTS 14K,GOLD ORNAMENTS 14K,true,true,true,false
1653,1653,JH/2526/ 677,JH2526677,GOLD SALES ACCOUNT - 14K,GOLD SALES ACCOUNT - 14K,GOLD ORNAMENTS 14K,GOLD ORNAMENTS 14K,true,true,true,false
1654,1654,JH/2526/ 695,JH2526695,GOLD SALES ACCOUNT - 14K,GOLD SALES ACCOUNT - 14K,GOLD ORNAMENTS 14K,GOLD ORNAMENTS 14K,true,true,true,false
1655,1655,JH/2526/ 701,JH2526701,GOLD SALES ACCOUNT - 14K,GOLD SALES ACCOUNT - 14K,GOLD ORNAMENTS 14K,GOLD ORNAMENTS 14K,true,true,true,false
1656,1656,JH/2526/ 707,JH2526707,GOLD SALES ACCOUNT - 14K,GOLD SALES ACCOUNT - 14K,GOLD ORNAMENTS 14K,GOLD ORNAMENTS 14K,true,true,true,false
1657,1657,JH/2526/ 725,JH2526725,GOLD SALES ACCOUNT - 14K,GOLD SALES ACCOUNT - 14K,GOLD ORNAMENTS 14K,GOLD ORNAMENTS 14K,true,true,true,false
1658,1658,JH/2526/ 731,JH2526731,GOLD SALES ACCOUNT - 14K,GOLD SALES ACCOUNT - 14K,GOLD ORNAMENTS 14K,GOLD ORNAMENTS 14K,true,true,true,false
1659,1659,JH/2526/ 738,JH2526738,GOLD SALES ACCOUNT - 14K,GOLD SALES ACCOUNT - 14K,GOLD ORNAMENTS 14K,GOLD ORNAMENTS 14K,true,true,true,false
1660,1660,JH/2526/ 749,JH2526749,GOLD SALES ACCOUNT - 14K,GOLD SALES ACCOUNT - 14K,GOLD ORNAMENTS 14K,GOLD ORNAMENTS 14K,true,true,true,false
1661,1661,JH/2526/ 753,JH2526753,GOLD SALES ACCOUNT - 14K,GOLD SALES ACCOUNT - 14K,GOLD ORNAMENTS 14K,GOLD ORNAMENTS 14K,true,true,true,false
1662,1662,JH/2526/ 753,JH2526753,GOLD SALES ACCOUNT - 14K,GOLD SALES ACCOUNT - 14K,GOLD ORNAMENTS 14K,GOLD ORNAMENTS 14K,true,true,true,false
1663,1663,JH/2526/ 758,JH2526758,GOLD SALES ACCOUNT - 14K,GOLD SALES ACCOUNT - 14K,GOLD ORNAMENTS 14K,GOLD ORNAMENTS 14K,true,true,true,false
1664,1664,JH/2526/ 776,JH2526776,GOLD SALES ACCOUNT - 14K,GOLD SALES ACCOUNT - 14K,GOLD ORNAMENTS 14K,GOLD ORNAMENTS 14K,true,true,true,false
1665,1665,JH/2526/ 782,JH2526782,GOLD SALES ACCOUNT - 14K,GOLD SALES ACCOUNT - 14K,GOLD ORNAMENTS 14K,GOLD ORNAMENTS 14K,true,true,true,false
1666,1666,JH/2526/ 788,JH2526788,GOLD SALES ACCOUNT - 14K,GOLD SALES ACCOUNT - 14K,GOLD ORNAMENTS 14K,GOLD ORNAMENTS 14K,true,true,true,false
1667,1667,JH/2526/ 789,JH2526789,GOLD SALES ACCOUNT - 14K,GOLD SALES ACCOUNT - 14K,GOLD ORNAMENTS 14K,GOLD ORNAMENTS 14K,true,true,true,false
1668,1668,JH/2526/ 791,JH2526791,GOLD SALES ACCOUNT - 14K,GOLD SALES ACCOUNT - 14K,GOLD ORNAMENTS 14K,GOLD ORNAMENTS 14K,true,true,true,false
1669,1669,JH/2526/ 802,JH2526802,GOLD SALES ACCOUNT - 14K,GOLD SALES ACCOUNT - 14K,GOLD ORNAMENTS 14K,GOLD ORNAMENTS 14K,true,true,true,false
1670,1670,JH/2526/ 803,JH2526803,GOLD SALES ACCOUNT - 14K,GOLD SALES ACCOUNT - 14K,GOLD ORNAMENTS 14K,GOLD ORNAMENTS 14K,true,true,true,false
1671,1671,JH/2526/ 822,JH2526822,GOLD SALES ACCOUNT - 14K,GOLD SALES ACCOUNT - 14K,GOLD ORNAMENTS 14K,GOLD ORNAMENTS 14K,true,true,true,false
1672,1672,JH/2526/ 831,JH2526831,GOLD SALES ACCOUNT - 14K,GOLD SALES ACCOUNT - 14K,GOLD ORNAMENTS 14K,GOLD ORNAMENTS 14K,true,true,true,false
1673,1673,JH/2526/ 834,JH2526834,GOLD SALES ACCOUNT - 14K,GOLD SALES ACCOUNT - 14K,GOLD ORNAMENTS 14K,GOLD ORNAMENTS 14K,true,true,true,false
1674,1674,JH/2526/ 839,JH2526839,GOLD SALES ACCOUNT - 14K,GOLD SALES ACCOUNT - 14K,GOLD ORNAMENTS 14K,GOLD ORNAMENTS 14K,true,true,true,false
1675,1675,JH/2526/ 840,JH2526840,GOLD SALES ACCOUNT - 14K,GOLD SALES ACCOUNT - 14K,GOLD ORNAMENTS 14K,GOLD ORNAMENTS 14K,true,true,true,false
1676,1676,JH/2526/ 844,JH2526844,GOLD SALES ACCOUNT - 14K,GOLD SALES ACCOUNT - 14K,GOLD ORNAMENTS 14K,GOLD ORNAMENTS 14K,true,true,true,false
1677,1677,JH/2526/ 864,JH2526864,GOLD SALES ACCOUNT - 14K,GOLD SALES ACCOUNT - 14K,GOLD ORNAMENTS 14K,GOLD ORNAMENTS 14K,true,true,true,false
1678,1678,JH/2526/ 873,JH2526873,GOLD SALES ACCOUNT - 14K,GOLD SALES ACCOUNT - 14K,GOLD ORNAMENTS 14K,GOLD ORNAMENTS 14K,true,true,true,false
1679,1679,JH/2526/ 884,JH2526884,GOLD SALES ACCOUNT - 14K,GOLD SALES ACCOUNT - 14K,GOLD ORNAMENTS 14K,GOLD ORNAMENTS 14K,true,true,true,false
1680,1680,JH/2526/ 899,JH2526899,GOLD SALES ACCOUNT - 14K,GOLD SALES ACCOUNT - 14K,GOLD ORNAMENTS 14K,GOLD ORNAMENTS 14K,true,true,true,false
1681,1681,JH/2526/ 903,JH2526903,GOLD SALES ACCOUNT - 14K,GOLD SALES ACCOUNT - 14K,GOLD ORNAMENTS 14K,GOLD ORNAMENTS 14K,true,true,true,false
1682,1682,JH/2526/ 906,JH2526906,GOLD SALES ACCOUNT - 14K,GOLD SALES ACCOUNT - 14K,GOLD ORNAMENTS 14K,GOLD ORNAMENTS 14K,true,true,true,false
1683,1683,JH/2526/ 954,JH2526954,GOLD SALES ACCOUNT - 14K,GOLD SALES ACCOUNT - 14K,GOLD ORNAMENTS 14K,GOLD ORNAMENTS 14K,true,true,true,false
1684,1684,JH/2526/ 958,JH2526958,GOLD SALES ACCOUNT - 14K,GOLD SALES ACCOUNT - 14K,GOLD ORNAMENTS 14K,GOLD ORNAMENTS 14K,true,true,true,false
1685,1685,JH/2526/ 961,JH2526961,GOLD SALES ACCOUNT - 14K,GOLD SALES ACCOUNT - 14K,GOLD ORNAMENTS 14K,GOLD ORNAMENTS 14K,true,true,true,false
1686,1686,JH/2526/ 967,JH2526967,GOLD SALES ACCOUNT - 14K,GOLD SALES ACCOUNT - 14K,GOLD ORNAMENTS 14K,GOLD ORNAMENTS 14K,true,true,true,false
1687,1687,JH/2526/ 973,JH2526973,GOLD SALES ACCOUNT - 14K,GOLD SALES ACCOUNT - 14K,GOLD ORNAMENTS 14K,GOLD ORNAMENTS 14K,true,true,true,false
1688,1688,JH/2526/ 976,JH2526976,GOLD SALES ACCOUNT - 14K,GOLD SALES ACCOUNT - 14K,GOLD ORNAMENTS 14K,GOLD ORNAMENTS 14K,true,true,true,false
1689,1689,JH/2526/ 988,JH2526988,GOLD SALES ACCOUNT - 14K,GOLD SALES ACCOUNT - 14K,GOLD ORNAMENTS 14K,GOLD ORNAMENTS 14K,true,true,true,false
1690,1690,JH/2526/ 1002,JH25261002,GOLD SALES ACCOUNT - 14K,GOLD SALES ACCOUNT - 14K,GOLD ORNAMENTS 14K,GOLD ORNAMENTS 14K,true,true,true,false
1691,1691,JH/2526/ 1006,JH25261006,GOLD SALES ACCOUNT - 14K,GOLD SALES ACCOUNT - 14K,GOLD ORNAMENTS 14K,GOLD ORNAMENTS 14K,true,true,true,false
1692,1692,JH/2526/ 1009,JH25261009,GOLD SALES ACCOUNT - 14K,GOLD SALES ACCOUNT - 14K,GOLD ORNAMENTS 14K,GOLD ORNAMENTS 14K,true,true,true,false
1693,1693,JH/2526/ 1015,JH25261015,GOLD SALES ACCOUNT - 14K,GOLD SALES ACCOUNT - 14K,GOLD ORNAMENTS 14K,GOLD ORNAMENTS 14K,true,true,true,false
1694,1694,JH/2526/ 1021,JH25261021,GOLD SALES ACCOUNT - 14K,GOLD SALES ACCOUNT - 14K,GOLD ORNAMENTS 14K,GOLD ORNAMENTS 14K,true,true,true,false
1695,1695,JH/2526/ 1026,JH25261026,GOLD SALES ACCOUNT - 14K,GOLD SALES ACCOUNT - 14K,GOLD ORNAMENTS 14K,GOLD ORNAMENTS 14K,true,true,true,false
1696,1696,JH/2526/ 1030,JH25261030,GOLD SALES ACCOUNT - 14K,GOLD SALES ACCOUNT - 14K,GOLD ORNAMENTS 14K,GOLD ORNAMENTS 14K,true,true,true,false
1697,1697,JH/2526/ 1043,JH25261043,GOLD SALES ACCOUNT - 14K,GOLD SALES ACCOUNT - 14K,GOLD ORNAMENTS 14K,GOLD ORNAMENTS 14K,true,true,true,false
1698,1698,JH/B/2526/ 6,JHB25266,GOLD SALES ACCOUNT - 14K,GOLD SALES ACCOUNT - 14K,GOLD ORNAMENTS 14K,GOLD ORNAMENTS 14K,true,true,true,false
1699,1699,JH/2526/ 1054,JH25261054,GOLD SALES ACCOUNT - 14K,GOLD SALES ACCOUNT - 14K,GOLD ORNAMENTS 14K,GOLD ORNAMENTS 14K,true,true,true,false
1700,1700,JH/2526/ 1058,JH25261058,GOLD SALES ACCOUNT - 14K,GOLD SALES ACCOUNT - 14K,GOLD ORNAMENTS 14K,GOLD ORNAMENTS 14K,true,true,true,false
1701,1701,JH/2526/ 1071,JH25261071,GOLD SALES ACCOUNT - 14K,GOLD SALES ACCOUNT - 14K,GOLD ORNAMENTS 14K,GOLD ORNAMENTS 14K,true,true,true,false
1702,1702,JH/25-26 1,JH25261,GOLD SALES ACCOUNT - 18K,GOLD SALES ACCOUNT - 18K,GOLD ORNAMENTS 18K,GOLD ORNAMENTS 18K,true,true,true,false
1703,1703,JH/25-26 2,JH25262,GOLD SALES ACCOUNT - 18K,GOLD SALES ACCOUNT - 18K,GOLD ORNAMENTS 18K,GOLD ORNAMENTS 18K,true,true,true,false
1704,1704,JH/2526/ 1,JH25261,GOLD SALES ACCOUNT - 18K,GOLD SALES ACCOUNT - 18K,GOLD ORNAMENTS 18K,GOLD ORNAMENTS 18K,true,true,true,false
1705,1705,JH/2526/ 3,JH25263,GOLD SALES ACCOUNT - 18K,GOLD SALES ACCOUNT - 18K,GOLD ORNAMENTS 18K,GOLD ORNAMENTS 18K,true,true,true,false
1706,1706,JH/2526/ 6,JH25266,GOLD SALES ACCOUNT - 18K,GOLD SALES ACCOUNT - 18K,GOLD ORNAMENTS 18K,GOLD ORNAMENTS 18K,true,true,true,false
1707,1707,JH/2526/ 7,JH25267,GOLD SALES ACCOUNT - 18K,GOLD SALES ACCOUNT - 18K,GOLD ORNAMENTS 18K,GOLD ORNAMENTS 18K,true,true,true,false
1708,1708,JH/2526/ 8,JH25268,GOLD SALES ACCOUNT - 18K,GOLD SALES ACCOUNT - 18K,GOLD ORNAMENTS 18K,GOLD ORNAMENTS 18K,true,true,true,false
1709,1709,JH/2526/ 8,JH25268,GOLD SALES ACCOUNT - 18K,GOLD SALES ACCOUNT - 18K,GOLD ORNAMENTS 18K,GOLD ORNAMENTS 18K,true,true,true,false
1710,1710,JH/2526/ 8,JH25268,GOLD SALES ACCOUNT - 18K,GOLD SALES ACCOUNT - 18K,GOLD ORNAMENTS 18K,GOLD ORNAMENTS 18K,true,true,true,false
1711,1711,JH/2526/ 8,JH25268,GOLD SALES ACCOUNT - 18K,GOLD SALES ACCOUNT - 18K,GOLD ORNAMENTS 18K,GOLD ORNAMENTS 18K,true,true,true,false
1712,1712,JH/2526/ 8,JH25268,GOLD SALES ACCOUNT - 18K,GOLD SALES ACCOUNT - 18K,GOLD ORNAMENTS 18K,GOLD ORNAMENTS 18K,true,true,true,false
1713,1713,JH/2526/ 12,JH252612,GOLD SALES ACCOUNT - 18K,GOLD SALES ACCOUNT - 18K,GOLD ORNAMENTS 18K,GOLD ORNAMENTS 18K,true,true,true,false
1714,1714,JH/2526/ 13,JH252613,GOLD SALES ACCOUNT - 18K,GOLD SALES ACCOUNT - 18K,GOLD ORNAMENTS 18K,GOLD ORNAMENTS 18K,true,true,true,false
1715,1715,JH/2526/ 16,JH252616,GOLD SALES ACCOUNT - 18K,GOLD SALES ACCOUNT - 18K,GOLD ORNAMENTS 18K,GOLD ORNAMENTS 18K,true,true,true,false
1716,1716,JH/2526/ 17,JH252617,GOLD SALES ACCOUNT - 18K,GOLD SALES ACCOUNT - 18K,GOLD ORNAMENTS 18K,GOLD ORNAMENTS 18K,true,true,true,false
1717,1717,JH/2526/ 19,JH252619,GOLD SALES ACCOUNT - 18K,GOLD SALES ACCOUNT - 18K,GOLD ORNAMENTS 18K,GOLD ORNAMENTS 18K,true,true,true,false
1718,1718,JH/2526/ 19,JH252619,GOLD SALES ACCOUNT - 18K,GOLD SALES ACCOUNT - 18K,GOLD ORNAMENTS 18K,GOLD ORNAMENTS 18K,true,true,true,false
1719,1719,JH/2526/ 19,JH252619,GOLD SALES ACCOUNT - 18K,GOLD SALES ACCOUNT - 18K,GOLD ORNAMENTS 18K,GOLD ORNAMENTS 18K,true,true,true,false
1720,1720,JH/2526/ 19,JH252619,GOLD SALES ACCOUNT - 18K,GOLD SALES ACCOUNT - 18K,GOLD ORNAMENTS 18K,GOLD ORNAMENTS 18K,true,true,true,false
1721,1721,JH/2526/ 19,JH252619,GOLD SALES ACCOUNT - 18K,GOLD SALES ACCOUNT - 18K,GOLD ORNAMENTS 18K,GOLD ORNAMENTS 18K,true,true,true,false
1722,1722,JH/2526/ 19,JH252619,GOLD SALES ACCOUNT - 18K,GOLD SALES ACCOUNT - 18K,GOLD ORNAMENTS 18K,GOLD ORNAMENTS 18K,true,true,true,false
1723,1723,JH/2526/ 19,JH252619,GOLD SALES ACCOUNT - 18K,GOLD SALES ACCOUNT - 18K,GOLD ORNAMENTS 18K,GOLD ORNAMENTS 18K,true,true,true,false
1724,1724,JH/2526/ 20,JH252620,GOLD SALES ACCOUNT - 18K,GOLD SALES ACCOUNT - 18K,GOLD ORNAMENTS 18K,GOLD ORNAMENTS 18K,true,true,true,false
1725,1725,JH/2526/ 22,JH252622,GOLD SALES ACCOUNT - 18K,GOLD SALES ACCOUNT - 18K,GOLD ORNAMENTS 18K,GOLD ORNAMENTS 18K,true,true,true,false
1726,1726,JH/2526/ 27,JH252627,GOLD SALES ACCOUNT - 18K,GOLD SALES ACCOUNT - 18K,GOLD ORNAMENTS 18K,GOLD ORNAMENTS 18K,true,true,true,false
1727,1727,JH/2526/ 30,JH252630,GOLD SALES ACCOUNT - 18K,GOLD SALES ACCOUNT - 18K,GOLD ORNAMENTS 18K,GOLD ORNAMENTS 18K,true,true,true,false
1728,1728,JH/2526/ 33,JH252633,GOLD SALES ACCOUNT - 18K,GOLD SALES ACCOUNT - 18K,GOLD ORNAMENTS 18K,GOLD ORNAMENTS 18K,true,true,true,false
1729,1729,JH/2526/ 34,JH252634,GOLD SALES ACCOUNT - 18K,GOLD SALES ACCOUNT - 18K,GOLD ORNAMENTS 18K,GOLD ORNAMENTS 18K,true,true,true,false
1730,1730,JH/2526/ 34,JH252634,GOLD SALES ACCOUNT - 18K,GOLD SALES ACCOUNT - 18K,GOLD ORNAMENTS 18K,GOLD ORNAMENTS 18K,true,true,true,false
1731,1731,JH/2526/ 36,JH252636,GOLD SALES ACCOUNT - 18K,GOLD SALES ACCOUNT - 18K,GOLD ORNAMENTS 18K,GOLD ORNAMENTS 18K,true,true,true,false
1732,1732,JH/2526/ 38,JH252638,GOLD SALES ACCOUNT - 18K,GOLD SALES ACCOUNT - 18K,GOLD ORNAMENTS 18K,GOLD ORNAMENTS 18K,true,true,true,false
1733,1733,JH/2526/ 40,JH252640,GOLD SALES ACCOUNT - 18K,GOLD SALES ACCOUNT - 18K,GOLD ORNAMENTS 18K,GOLD ORNAMENTS 18K,true,true,true,false
1734,1734,JH/2526/ 41,JH252641,GOLD SALES ACCOUNT - 18K,GOLD SALES ACCOUNT - 18K,GOLD ORNAMENTS 18K,GOLD ORNAMENTS 18K,true,true,true,false
1735,1735,JH/2526/ 43,JH252643,GOLD SALES ACCOUNT - 18K,GOLD SALES ACCOUNT - 18K,GOLD ORNAMENTS 18K,GOLD ORNAMENTS 18K,true,true,true,false
1736,1736,JH/2526/ 44,JH252644,GOLD SALES ACCOUNT - 18K,GOLD SALES ACCOUNT - 18K,GOLD ORNAMENTS 18K,GOLD ORNAMENTS 18K,true,true,true,false
1737,1737,JH/2526/ 47,JH252647,GOLD SALES ACCOUNT - 18K,GOLD SALES ACCOUNT - 18K,GOLD ORNAMENTS 18K,GOLD ORNAMENTS 18K,true,true,true,false
1738,1738,JH/2526/ 48,JH252648,GOLD SALES ACCOUNT - 18K,GOLD SALES ACCOUNT - 18K,GOLD ORNAMENTS 18K,GOLD ORNAMENTS 18K,true,true,true,false
1739,1739,JH/2526/ 52,JH252652,GOLD SALES ACCOUNT - 18K,GOLD SALES ACCOUNT - 18K,GOLD ORNAMENTS 18K,GOLD ORNAMENTS 18K,true,true,true,false
1740,1740,JH/2526/ 55,JH252655,GOLD SALES ACCOUNT - 18K,GOLD SALES ACCOUNT - 18K,GOLD ORNAMENTS 18K,GOLD ORNAMENTS 18K,true,true,true,false
1741,1741,JH/2526/ 59,JH252659,GOLD SALES ACCOUNT - 18K,GOLD SALES ACCOUNT - 18K,GOLD ORNAMENTS 18K,GOLD ORNAMENTS 18K,true,true,true,false
1742,1742,JH/2526/ 61,JH252661,GOLD SALES ACCOUNT - 18K,GOLD SALES ACCOUNT - 18K,GOLD ORNAMENTS 18K,GOLD ORNAMENTS 18K,true,true,true,false
1743,1743,JH/2526/ 62,JH252662,GOLD SALES ACCOUNT - 18K,GOLD SALES ACCOUNT - 18K,GOLD ORNAMENTS 18K,GOLD ORNAMENTS 18K,true,true,true,false
1744,1744,JH/2526/ 63,JH252663,GOLD SALES ACCOUNT - 18K,GOLD SALES ACCOUNT - 18K,GOLD ORNAMENTS 18K,GOLD ORNAMENTS 18K,true,true,true,false
1745,1745,JH/2526/ 65,JH252665,GOLD SALES ACCOUNT - 18K,GOLD SALES ACCOUNT - 18K,GOLD ORNAMENTS 18K,GOLD ORNAMENTS 18K,true,true,true,false
1746,1746,JH/2526/ 66,JH252666,GOLD SALES ACCOUNT - 18K,GOLD SALES ACCOUNT - 18K,GOLD ORNAMENTS 18K,GOLD ORNAMENTS 18K,true,true,true,false
1747,1747,JH/B/2526/ 2,JHB25262,GOLD SALES ACCOUNT - 18K,GOLD SALES ACCOUNT - 18K,GOLD ORNAMENTS 18K,GOLD ORNAMENTS 18K,true,true,true,false
1748,1748,JH/2526/ 67,JH252667,GOLD SALES ACCOUNT - 18K,GOLD SALES ACCOUNT - 18K,GOLD ORNAMENTS 18K,GOLD ORNAMENTS 18K,true,true,true,false
1749,1749,JH/2526/ 70,JH252670,GOLD SALES ACCOUNT - 18K,GOLD SALES ACCOUNT - 18K,GOLD ORNAMENTS 18K,GOLD ORNAMENTS 18K,true,true,true,false
1750,1750,JH/2526/ 71,JH252671,GOLD SALES ACCOUNT - 18K,GOLD SALES ACCOUNT - 18K,GOLD ORNAMENTS 18K,GOLD ORNAMENTS 18K,true,true,true,false
1751,1751,JH/2526/ 72,JH252672,GOLD SALES ACCOUNT - 18K,GOLD SALES ACCOUNT - 18K,GOLD ORNAMENTS 18K,GOLD ORNAMENTS 18K,true,true,true,false
1752,1752,JH/2526/ 73,JH252673,GOLD SALES ACCOUNT - 18K,GOLD SALES ACCOUNT - 18K,GOLD ORNAMENTS 18K,GOLD ORNAMENTS 18K,true,true,true,false
1753,1753,JH/2526/ 74,JH252674,GOLD SALES ACCOUNT - 18K,GOLD SALES ACCOUNT - 18K,GOLD ORNAMENTS 18K,GOLD ORNAMENTS 18K,true,true,true,false
1754,1754,JH/2526/ 77,JH252677,GOLD SALES ACCOUNT - 18K,GOLD SALES ACCOUNT - 18K,GOLD ORNAMENTS 18K,GOLD ORNAMENTS 18K,true,true,true,false
1755,1755,JH/2526/ 78,JH252678,GOLD SALES ACCOUNT - 18K,GOLD SALES ACCOUNT - 18K,GOLD ORNAMENTS 18K,GOLD ORNAMENTS 18K,true,true,true,false
1756,1756,JH/2526/ 80,JH252680,GOLD SALES ACCOUNT - 18K,GOLD SALES ACCOUNT - 18K,GOLD ORNAMENTS 18K,GOLD ORNAMENTS 18K,true,true,true,false
1757,1757,JH/2526/ 82,JH252682,GOLD SALES ACCOUNT - 18K,GOLD SALES ACCOUNT - 18K,GOLD ORNAMENTS 18K,GOLD ORNAMENTS 18K,true,true,true,false
1758,1758,JH/2526/ 85,JH252685,GOLD SALES ACCOUNT - 18K,GOLD SALES ACCOUNT - 18K,GOLD ORNAMENTS 18K,GOLD ORNAMENTS 18K,true,true,true,false
1759,1759,JH/2526/ 86,JH252686,GOLD SALES ACCOUNT - 18K,GOLD SALES ACCOUNT - 18K,GOLD ORNAMENTS 18K,GOLD ORNAMENTS 18K,true,true,true,false
1760,1760,JH/2526/ 89,JH252689,GOLD SALES ACCOUNT - 18K,GOLD SALES ACCOUNT - 18K,GOLD ORNAMENTS 18K,GOLD ORNAMENTS 18K,true,true,true,false
1761,1761,JH/2526/ 89,JH252689,GOLD SALES ACCOUNT - 18K,GOLD SALES ACCOUNT - 18K,GOLD ORNAMENTS 18K,GOLD ORNAMENTS 18K,true,true,true,false
1762,1762,JH/2526/ 89,JH252689,GOLD SALES ACCOUNT - 18K,GOLD SALES ACCOUNT - 18K,GOLD ORNAMENTS 18K,GOLD ORNAMENTS 18K,true,true,true,false
1763,1763,JH/2526/ 90,JH252690,GOLD SALES ACCOUNT - 18K,GOLD SALES ACCOUNT - 18K,GOLD ORNAMENTS 18K,GOLD ORNAMENTS 18K,true,true,true,false
1764,1764,JH/2526/ 91,JH252691,GOLD SALES ACCOUNT - 18K,GOLD SALES ACCOUNT - 18K,GOLD ORNAMENTS 18K,GOLD ORNAMENTS 18K,true,true,true,false
1765,1765,JH/2526/ 91,JH252691,GOLD SALES ACCOUNT - 18K,GOLD SALES ACCOUNT - 18K,GOLD ORNAMENTS 18K,GOLD ORNAMENTS 18K,true,true,true,false
1766,1766,JH/2526/ 91,JH252691,GOLD SALES ACCOUNT - 18K,GOLD SALES ACCOUNT - 18K,GOLD ORNAMENTS 18K,GOLD ORNAMENTS 18K,true,true,true,false
1767,1767,JH/2526/ 93,JH252693,GOLD SALES ACCOUNT - 18K,GOLD SALES ACCOUNT - 18K,GOLD ORNAMENTS 18K,GOLD ORNAMENTS 18K,true,true,true,false
1768,1768,JH/2526/ 95,JH252695,GOLD SALES ACCOUNT - 18K,GOLD SALES ACCOUNT - 18K,GOLD ORNAMENTS 18K,GOLD ORNAMENTS 18K,true,true,true,false
1769,1769,JH/2526/ 96,JH252696,GOLD SALES ACCOUNT - 18K,GOLD SALES ACCOUNT - 18K,GOLD ORNAMENTS 18K,GOLD ORNAMENTS 18K,true,true,true,false
1770,1770,JH/2526/ 99,JH252699,GOLD SALES ACCOUNT - 18K,GOLD SALES ACCOUNT - 18K,GOLD ORNAMENTS 18K,GOLD ORNAMENTS 18K,true,true,true,false
1771,1771,JH/2526/ 101,JH2526101,GOLD SALES ACCOUNT - 18K,GOLD SALES ACCOUNT - 18K,GOLD ORNAMENTS 18K,GOLD ORNAMENTS 18K,true,true,true,false
1772,1772,JH/2526/ 104,JH2526104,GOLD SALES ACCOUNT - 18K,GOLD SALES ACCOUNT - 18K,GOLD ORNAMENTS 18K,GOLD ORNAMENTS 18K,true,true,true,false
1773,1773,JH/2526/ 105,JH2526105,GOLD SALES ACCOUNT - 18K,GOLD SALES ACCOUNT - 18K,GOLD ORNAMENTS 18K,GOLD ORNAMENTS 18K,true,true,true,false
1774,1774,JH/2526/ 105,JH2526105,GOLD SALES ACCOUNT - 18K,GOLD SALES ACCOUNT - 18K,GOLD ORNAMENTS 18K,GOLD ORNAMENTS 18K,true,true,true,false
1775,1775,JH/2526/ 106,JH2526106,GOLD SALES ACCOUNT - 18K,GOLD SALES ACCOUNT - 18K,GOLD ORNAMENTS 18K,GOLD ORNAMENTS 18K,true,true,true,false
1776,1776,JH/2526/ 108,JH2526108,GOLD SALES ACCOUNT - 18K,GOLD SALES ACCOUNT - 18K,GOLD ORNAMENTS 18K,GOLD ORNAMENTS 18K,true,true,true,false
1777,1777,JH/2526/ 110,JH2526110,GOLD SALES ACCOUNT - 18K,GOLD SALES ACCOUNT - 18K,GOLD ORNAMENTS 18K,GOLD ORNAMENTS 18K,true,true,true,false
1778,1778,JH/2526/ 114,JH2526114,GOLD SALES ACCOUNT - 18K,GOLD SALES ACCOUNT - 18K,GOLD ORNAMENTS 18K,GOLD ORNAMENTS 18K,true,true,true,false
1779,1779,JH/2526/ 115,JH2526115,GOLD SALES ACCOUNT - 18K,GOLD SALES ACCOUNT - 18K,GOLD ORNAMENTS 18K,GOLD ORNAMENTS 18K,true,true,true,false
1780,1780,JH/2526/ 120,JH2526120,GOLD SALES ACCOUNT - 18K,GOLD SALES ACCOUNT - 18K,GOLD ORNAMENTS 18K,GOLD ORNAMENTS 18K,true,true,true,false
1781,1781,JH/2526/ 121,JH2526121,GOLD SALES ACCOUNT - 18K,GOLD SALES ACCOUNT - 18K,GOLD ORNAMENTS 18K,GOLD ORNAMENTS 18K,true,true,true,false
1782,1782,JH/2526/ 121,JH2526121,GOLD SALES ACCOUNT - 18K,GOLD SALES ACCOUNT - 18K,GOLD ORNAMENTS 18K,GOLD ORNAMENTS 18K,true,true,true,false
1783,1783,JH/2526/ 122,JH2526122,GOLD SALES ACCOUNT - 18K,GOLD SALES ACCOUNT - 18K,GOLD ORNAMENTS 18K,GOLD ORNAMENTS 18K,true,true,true,false
1784,1784,JH/2526/ 123,JH2526123,GOLD SALES ACCOUNT - 18K,GOLD SALES ACCOUNT - 18K,GOLD ORNAMENTS 18K,GOLD ORNAMENTS 18K,true,true,true,false
1785,1785,JH/2526/ 126,JH2526126,GOLD SALES ACCOUNT - 18K,GOLD SALES ACCOUNT - 18K,GOLD ORNAMENTS 18K,GOLD ORNAMENTS 18K,true,true,true,false
1786,1786,JH/2526/ 127,JH2526127,GOLD SALES ACCOUNT - 18K,GOLD SALES ACCOUNT - 18K,GOLD ORNAMENTS 18K,GOLD ORNAMENTS 18K,true,true,true,false
1787,1787,JH/2526/ 128,JH2526128,GOLD SALES ACCOUNT - 18K,GOLD SALES ACCOUNT - 18K,GOLD ORNAMENTS 18K,GOLD ORNAMENTS 18K,true,true,true,false
1788,1788,JH/2526/ 128,JH2526128,GOLD SALES ACCOUNT - 18K,GOLD SALES ACCOUNT - 18K,GOLD ORNAMENTS 18K,GOLD ORNAMENTS 18K,true,true,true,false
1789,1789,JH/2526/ 128,JH2526128,GOLD SALES ACCOUNT - 18K,GOLD SALES ACCOUNT - 18K,GOLD ORNAMENTS 18K,GOLD ORNAMENTS 18K,true,true,true,false
1790,1790,JH/2526/ 128,JH2526128,GOLD SALES ACCOUNT - 18K,GOLD SALES ACCOUNT - 18K,GOLD ORNAMENTS 18K,GOLD ORNAMENTS 18K,true,true,true,false
1791,1791,JH/2526/ 128,JH2526128,GOLD SALES ACCOUNT - 18K,GOLD SALES ACCOUNT - 18K,GOLD ORNAMENTS 18K,GOLD ORNAMENTS 18K,true,true,true,false
1792,1792,JH/2526/ 128,JH2526128,GOLD SALES ACCOUNT - 18K,GOLD SALES ACCOUNT - 18K,GOLD ORNAMENTS 18K,GOLD ORNAMENTS 18K,true,true,true,false
1793,1793,JH/2526/ 128,JH2526128,GOLD SALES ACCOUNT - 18K,GOLD SALES ACCOUNT - 18K,GOLD ORNAMENTS 18K,GOLD ORNAMENTS 18K,true,true,true,false
1794,1794,JH/2526/ 128,JH2526128,GOLD SALES ACCOUNT - 18K,GOLD SALES ACCOUNT - 18K,GOLD ORNAMENTS 18K,GOLD ORNAMENTS 18K,true,true,true,false
1795,1795,JH/2526/ 128,JH2526128,GOLD SALES ACCOUNT - 18K,GOLD SALES ACCOUNT - 18K,GOLD ORNAMENTS 18K,GOLD ORNAMENTS 18K,true,true,true,false
1796,1796,JH/2526/ 128,JH2526128,GOLD SALES ACCOUNT - 18K,GOLD SALES ACCOUNT - 18K,GOLD ORNAMENTS 18K,GOLD ORNAMENTS 18K,true,true,true,false
1797,1797,JH/2526/ 128,JH2526128,GOLD SALES ACCOUNT - 18K,GOLD SALES ACCOUNT - 18K,GOLD ORNAMENTS 18K,GOLD ORNAMENTS 18K,true,true,true,false
1798,1798,JH/2526/ 128,JH2526128,GOLD SALES ACCOUNT - 18K,GOLD SALES ACCOUNT - 18K,GOLD ORNAMENTS 18K,GOLD ORNAMENTS 18K,true,true,true,false
1799,1799,JH/2526/ 128,JH2526128,GOLD SALES ACCOUNT - 18K,GOLD SALES ACCOUNT - 18K,GOLD ORNAMENTS 18K,GOLD ORNAMENTS 18K,true,true,true,false
1800,1800,JH/2526/ 128,JH2526128,GOLD SALES ACCOUNT - 18K,GOLD SALES ACCOUNT - 18K,GOLD ORNAMENTS 18K,GOLD ORNAMENTS 18K,true,true,true,false
1801,1801,JH/2526/ 128,JH2526128,GOLD SALES ACCOUNT - 18K,GOLD SALES ACCOUNT - 18K,GOLD ORNAMENTS 18K,GOLD ORNAMENTS 18K,true,true,true,false
1802,1802,JH/2526/ 129,JH2526129,GOLD SALES ACCOUNT - 18K,GOLD SALES ACCOUNT - 18K,GOLD ORNAMENTS 18K,GOLD ORNAMENTS 18K,true,true,true,false
1803,1803,JH/2526/ 131,JH2526131,GOLD SALES ACCOUNT - 18K,GOLD SALES ACCOUNT - 18K,GOLD ORNAMENTS 18K,GOLD ORNAMENTS 18K,true,true,true,false
1804,1804,JH/2526/ 135,JH2526135,GOLD SALES ACCOUNT - 18K,GOLD SALES ACCOUNT - 18K,GOLD ORNAMENTS 18K,GOLD ORNAMENTS 18K,true,true,true,false
1805,1805,JH/2526/ 136,JH2526136,GOLD SALES ACCOUNT - 18K,GOLD SALES ACCOUNT - 18K,GOLD ORNAMENTS 18K,GOLD ORNAMENTS 18K,true,true,true,false
1806,1806,JH/2526/ 139,JH2526139,GOLD SALES ACCOUNT - 18K,GOLD SALES ACCOUNT - 18K,GOLD ORNAMENTS 18K,GOLD ORNAMENTS 18K,true,true,true,false
1807,1807,JH/2526/ 140,JH2526140,GOLD SALES ACCOUNT - 18K,GOLD SALES ACCOUNT - 18K,GOLD ORNAMENTS 18K,GOLD ORNAMENTS 18K,true,true,true,false
1808,1808,JH/2526/ 141,JH2526141,GOLD SALES ACCOUNT - 18K,GOLD SALES ACCOUNT - 18K,GOLD ORNAMENTS 18K,GOLD ORNAMENTS 18K,true,true,true,false
1809,1809,JH/2526/ 141,JH2526141,GOLD SALES ACCOUNT - 18K,GOLD SALES ACCOUNT - 18K,GOLD ORNAMENTS 18K,GOLD ORNAMENTS 18K,true,true,true,false
1810,1810,JH/2526/ 143,JH2526143,GOLD SALES ACCOUNT - 18K,GOLD SALES ACCOUNT - 18K,GOLD ORNAMENTS 18K,GOLD ORNAMENTS 18K,true,true,true,false
1811,1811,JH/2526/ 144,JH2526144,GOLD SALES ACCOUNT - 18K,GOLD SALES ACCOUNT - 18K,GOLD ORNAMENTS 18K,GOLD ORNAMENTS 18K,true,true,true,false
1812,1812,JH/2526/ 144,JH2526144,GOLD SALES ACCOUNT - 18K,GOLD SALES ACCOUNT - 18K,GOLD ORNAMENTS 18K,GOLD ORNAMENTS 18K,true,true,true,false
1813,1813,JH/2526/ 144,JH2526144,GOLD SALES ACCOUNT - 18K,GOLD SALES ACCOUNT - 18K,GOLD ORNAMENTS 18K,GOLD ORNAMENTS 18K,true,true,true,false
1814,1814,JH/2526/ 144,JH2526144,GOLD SALES ACCOUNT - 18K,GOLD SALES ACCOUNT - 18K,GOLD ORNAMENTS 18K,GOLD ORNAMENTS 18K,true,true,true,false
1815,1815,JH/2526/ 145,JH2526145,GOLD SALES ACCOUNT - 18K,GOLD SALES ACCOUNT - 18K,GOLD ORNAMENTS 18K,GOLD ORNAMENTS 18K,true,true,true,false
1816,1816,JH/2526/ 147,JH2526147,GOLD SALES ACCOUNT - 18K,GOLD SALES ACCOUNT - 18K,GOLD ORNAMENTS 18K,GOLD ORNAMENTS 18K,true,true,true,false
1817,1817,JH/2526/ 149,JH2526149,GOLD SALES ACCOUNT - 18K,GOLD SALES ACCOUNT - 18K,GOLD ORNAMENTS 18K,GOLD ORNAMENTS 18K,true,true,true,false
1818,1818,JH/2526/ 150,JH2526150,GOLD SALES ACCOUNT - 18K,GOLD SALES ACCOUNT - 18K,GOLD ORNAMENTS 18K,GOLD ORNAMENTS 18K,true,true,true,false
1819,1819,JH/2526/ 150,JH2526150,GOLD SALES ACCOUNT - 18K,GOLD SALES ACCOUNT - 18K,GOLD ORNAMENTS 18K,GOLD ORNAMENTS 18K,true,true,true,false
1820,1820,JH/2526/ 150,JH2526150,GOLD SALES ACCOUNT - 18K,GOLD SALES ACCOUNT - 18K,GOLD ORNAMENTS 18K,GOLD ORNAMENTS 18K,true,true,true,false
1821,1821,JH/2526/ 150,JH2526150,GOLD SALES ACCOUNT - 18K,GOLD SALES ACCOUNT - 18K,GOLD ORNAMENTS 18K,GOLD ORNAMENTS 18K,true,true,true,false
1822,1822,JH/2526/ 150,JH2526150,GOLD SALES ACCOUNT - 18K,GOLD SALES ACCOUNT - 18K,GOLD ORNAMENTS 18K,GOLD ORNAMENTS 18K,true,true,true,false
1823,1823,JH/2526/ 153,JH2526153,GOLD SALES ACCOUNT - 18K,GOLD SALES ACCOUNT - 18K,GOLD ORNAMENTS 18K,GOLD ORNAMENTS 18K,true,true,true,false
1824,1824,JH/2526/ 154,JH2526154,GOLD SALES ACCOUNT - 18K,GOLD SALES ACCOUNT - 18K,GOLD ORNAMENTS 18K,GOLD ORNAMENTS 18K,true,true,true,false
1825,1825,JH/2526/ 155,JH2526155,GOLD SALES ACCOUNT - 18K,GOLD SALES ACCOUNT - 18K,GOLD ORNAMENTS 18K,GOLD ORNAMENTS 18K,true,true,true,false
1826,1826,JH/2526/ 155,JH2526155,GOLD SALES ACCOUNT - 18K,GOLD SALES ACCOUNT - 18K,GOLD ORNAMENTS 18K,GOLD ORNAMENTS 18K,true,true,true,false
1827,1827,JH/2526/ 155,JH2526155,GOLD SALES ACCOUNT - 18K,GOLD SALES ACCOUNT - 18K,GOLD ORNAMENTS 18K,GOLD ORNAMENTS 18K,true,true,true,false
1828,1828,JH/2526/ 155,JH2526155,GOLD SALES ACCOUNT - 18K,GOLD SALES ACCOUNT - 18K,GOLD ORNAMENTS 18K,GOLD ORNAMENTS 18K,true,true,true,false
1829,1829,JH/2526/ 155,JH2526155,GOLD SALES ACCOUNT - 18K,GOLD SALES ACCOUNT - 18K,GOLD ORNAMENTS 18K,GOLD ORNAMENTS 18K,true,true,true,false
1830,1830,JH/2526/ 155,JH2526155,GOLD SALES ACCOUNT - 18K,GOLD SALES ACCOUNT - 18K,GOLD ORNAMENTS 18K,GOLD ORNAMENTS 18K,true,true,true,false
1831,1831,JH/2526/ 159,JH2526159,GOLD SALES ACCOUNT - 18K,GOLD SALES ACCOUNT - 18K,GOLD ORNAMENTS 18K,GOLD ORNAMENTS 18K,true,true,true,false
1832,1832,JH/2526/ 160,JH2526160,GOLD SALES ACCOUNT - 18K,GOLD SALES ACCOUNT - 18K,GOLD ORNAMENTS 18K,GOLD ORNAMENTS 18K,true,true,true,false
1833,1833,JH/2526/ 162,JH2526162,GOLD SALES ACCOUNT - 18K,GOLD SALES ACCOUNT - 18K,GOLD ORNAMENTS 18K,GOLD ORNAMENTS 18K,true,true,true,false
1834,1834,JH/2526/ 164,JH2526164,GOLD SALES ACCOUNT - 18K,GOLD SALES ACCOUNT - 18K,GOLD ORNAMENTS 18K,GOLD ORNAMENTS 18K,true,true,true,false
1835,1835,JH/2526/ 166,JH2526166,GOLD SALES ACCOUNT - 18K,GOLD SALES ACCOUNT - 18K,GOLD ORNAMENTS 18K,GOLD ORNAMENTS 18K,true,true,true,false
1836,1836,JH/2526/ 168,JH2526168,GOLD SALES ACCOUNT - 18K,GOLD SALES ACCOUNT - 18K,GOLD ORNAMENTS 18K,GOLD ORNAMENTS 18K,true,true,true,false
1837,1837,JH/2526/ 170,JH2526170,GOLD SALES ACCOUNT - 18K,GOLD SALES ACCOUNT - 18K,GOLD ORNAMENTS 18K,GOLD ORNAMENTS 18K,true,true,true,false
1838,1838,JH/2526/ 172,JH2526172,GOLD SALES ACCOUNT - 18K,GOLD SALES ACCOUNT - 18K,GOLD ORNAMENTS 18K,GOLD ORNAMENTS 18K,true,true,true,false
1839,1839,JH/2526/ 173,JH2526173,GOLD SALES ACCOUNT - 18K,GOLD SALES ACCOUNT - 18K,GOLD ORNAMENTS 18K,GOLD ORNAMENTS 18K,true,true,true,false
1840,1840,JH/2526/ 175,JH2526175,GOLD SALES ACCOUNT - 18K,GOLD SALES ACCOUNT - 18K,GOLD ORNAMENTS 18K,GOLD ORNAMENTS 18K,true,true,true,false
1841,1841,JH/2526/ 177,JH2526177,GOLD SALES ACCOUNT - 18K,GOLD SALES ACCOUNT - 18K,GOLD ORNAMENTS 18K,GOLD ORNAMENTS 18K,true,true,true,false
1842,1842,JH/2526/ 181,JH2526181,GOLD SALES ACCOUNT - 18K,GOLD SALES ACCOUNT - 18K,GOLD ORNAMENTS 18K,GOLD ORNAMENTS 18K,true,true,true,false
1843,1843,JH/2526/ 184,JH2526184,GOLD SALES ACCOUNT - 18K,GOLD SALES ACCOUNT - 18K,GOLD ORNAMENTS 18K,GOLD ORNAMENTS 18K,true,true,true,false
1844,1844,JH/2526/ 185,JH2526185,GOLD SALES ACCOUNT - 18K,GOLD SALES ACCOUNT - 18K,GOLD ORNAMENTS 18K,GOLD ORNAMENTS 18K,true,true,true,false
1845,1845,JH/2526/ 188,JH2526188,GOLD SALES ACCOUNT - 18K,GOLD SALES ACCOUNT - 18K,GOLD ORNAMENTS 18K,GOLD ORNAMENTS 18K,true,true,true,false
1846,1846,JH/2526/ 191,JH2526191,GOLD SALES ACCOUNT - 18K,GOLD SALES ACCOUNT - 18K,GOLD ORNAMENTS 18K,GOLD ORNAMENTS 18K,true,true,true,false
1847,1847,JH/2526/ 191,JH2526191,GOLD SALES ACCOUNT - 18K,GOLD SALES ACCOUNT - 18K,GOLD ORNAMENTS 18K,GOLD ORNAMENTS 18K,true,true,true,false
1848,1848,JH/2526/ 192,JH2526192,GOLD SALES ACCOUNT - 18K,GOLD SALES ACCOUNT - 18K,GOLD ORNAMENTS 18K,GOLD ORNAMENTS 18K,true,true,true,false
1849,1849,JH/2526/ 194,JH2526194,GOLD SALES ACCOUNT - 18K,GOLD SALES ACCOUNT - 18K,GOLD ORNAMENTS 18K,GOLD ORNAMENTS 18K,true,true,true,false
1850,1850,JH/2526/ 194,JH2526194,GOLD SALES ACCOUNT - 18K,GOLD SALES ACCOUNT - 18K,GOLD ORNAMENTS 18K,GOLD ORNAMENTS 18K,true,true,true,false
1851,1851,JH/2526/ 194,JH2526194,GOLD SALES ACCOUNT - 18K,GOLD SALES ACCOUNT - 18K,GOLD ORNAMENTS 18K,GOLD ORNAMENTS 18K,true,true,true,false
1852,1852,JH/2526/ 194,JH2526194,GOLD SALES ACCOUNT - 18K,GOLD SALES ACCOUNT - 18K,GOLD ORNAMENTS 18K,GOLD ORNAMENTS 18K,true,true,true,false
1853,1853,JH/2526/ 195,JH2526195,GOLD SALES ACCOUNT - 18K,GOLD SALES ACCOUNT - 18K,GOLD ORNAMENTS 18K,GOLD ORNAMENTS 18K,true,true,true,false
1854,1854,JH/2526/ 195,JH2526195,GOLD SALES ACCOUNT - 18K,GOLD SALES ACCOUNT - 18K,GOLD ORNAMENTS 18K,GOLD ORNAMENTS 18K,true,true,true,false
1855,1855,JH/2526/ 196,JH2526196,GOLD SALES ACCOUNT - 18K,GOLD SALES ACCOUNT - 18K,GOLD ORNAMENTS 18K,GOLD ORNAMENTS 18K,true,true,true,false
1856,1856,JH/2526/ 201,JH2526201,GOLD SALES ACCOUNT - 18K,GOLD SALES ACCOUNT - 18K,GOLD ORNAMENTS 18K,GOLD ORNAMENTS 18K,true,true,true,false
1857,1857,JH/2526/ 203,JH2526203,GOLD SALES ACCOUNT - 18K,GOLD SALES ACCOUNT - 18K,GOLD ORNAMENTS 18K,GOLD ORNAMENTS 18K,true,true,true,false
1858,1858,JH/2526/ 203,JH2526203,GOLD SALES ACCOUNT - 18K,GOLD SALES ACCOUNT - 18K,GOLD ORNAMENTS 18K,GOLD ORNAMENTS 18K,true,true,true,false
1859,1859,JH/2526/ 205,JH2526205,GOLD SALES ACCOUNT - 18K,GOLD SALES ACCOUNT - 18K,GOLD ORNAMENTS 18K,GOLD ORNAMENTS 18K,true,true,true,false
1860,1860,JH/2526/ 207,JH2526207,GOLD SALES ACCOUNT - 18K,GOLD SALES ACCOUNT - 18K,GOLD ORNAMENTS 18K,GOLD ORNAMENTS 18K,true,true,true,false
1861,1861,JH/2526/ 209,JH2526209,GOLD SALES ACCOUNT - 18K,GOLD SALES ACCOUNT - 18K,GOLD ORNAMENTS 18K,GOLD ORNAMENTS 18K,true,true,true,false
1862,1862,JH/2526/ 210,JH2526210,GOLD SALES ACCOUNT - 18K,GOLD SALES ACCOUNT - 18K,GOLD ORNAMENTS 18K,GOLD ORNAMENTS 18K,true,true,true,false
1863,1863,JH/2526/ 213,JH2526213,GOLD SALES ACCOUNT - 18K,GOLD SALES ACCOUNT - 18K,GOLD ORNAMENTS 18K,GOLD ORNAMENTS 18K,true,true,true,false
1864,1864,JH/2526/ 214,JH2526214,GOLD SALES ACCOUNT - 18K,GOLD SALES ACCOUNT - 18K,GOLD ORNAMENTS 18K,GOLD ORNAMENTS 18K,true,true,true,false
1865,1865,JH/2526/ 216,JH2526216,GOLD SALES ACCOUNT - 18K,GOLD SALES ACCOUNT - 18K,GOLD ORNAMENTS 18K,GOLD ORNAMENTS 18K,true,true,true,false
1866,1866,JH/2526/ 219,JH2526219,GOLD SALES ACCOUNT - 18K,GOLD SALES ACCOUNT - 18K,GOLD ORNAMENTS 18K,GOLD ORNAMENTS 18K,true,true,true,false
1867,1867,JH/2526/ 220,JH2526220,GOLD SALES ACCOUNT - 18K,GOLD SALES ACCOUNT - 18K,GOLD ORNAMENTS 18K,GOLD ORNAMENTS 18K,true,true,true,false
1868,1868,JH/2526/ 221,JH2526221,GOLD SALES ACCOUNT - 18K,GOLD SALES ACCOUNT - 18K,GOLD ORNAMENTS 18K,GOLD ORNAMENTS 18K,true,true,true,false
1869,1869,JH/2526/ 229,JH2526229,GOLD SALES ACCOUNT - 18K,GOLD SALES ACCOUNT - 18K,GOLD ORNAMENTS 18K,GOLD ORNAMENTS 18K,true,true,true,false
1870,1870,JH/2526/ 229,JH2526229,GOLD SALES ACCOUNT - 18K,GOLD SALES ACCOUNT - 18K,GOLD ORNAMENTS 18K,GOLD ORNAMENTS 18K,true,true,true,false
1871,1871,JH/2526/ 231,JH2526231,GOLD SALES ACCOUNT - 18K,GOLD SALES ACCOUNT - 18K,GOLD ORNAMENTS 18K,GOLD ORNAMENTS 18K,true,true,true,false
1872,1872,JH/2526/ 234,JH2526234,GOLD SALES ACCOUNT - 18K,GOLD SALES ACCOUNT - 18K,GOLD ORNAMENTS 18K,GOLD ORNAMENTS 18K,true,true,true,false
1873,1873,JH/2526/ 235,JH2526235,GOLD SALES ACCOUNT - 18K,GOLD SALES ACCOUNT - 18K,GOLD ORNAMENTS 18K,GOLD ORNAMENTS 18K,true,true,true,false
1874,1874,JH/2526/ 236,JH2526236,GOLD SALES ACCOUNT - 18K,GOLD SALES ACCOUNT - 18K,GOLD ORNAMENTS 18K,GOLD ORNAMENTS 18K,true,true,true,false
1875,1875,JH/2526/ 239,JH2526239,GOLD SALES ACCOUNT - 18K,GOLD SALES ACCOUNT - 18K,GOLD ORNAMENTS 18K,GOLD ORNAMENTS 18K,true,true,true,false
1876,1876,JH/2526/ 240,JH2526240,GOLD SALES ACCOUNT - 18K,GOLD SALES ACCOUNT - 18K,GOLD ORNAMENTS 18K,GOLD ORNAMENTS 18K,true,true,true,false
1877,1877,JH/2526/ 243,JH2526243,GOLD SALES ACCOUNT - 18K,GOLD SALES ACCOUNT - 18K,GOLD ORNAMENTS 18K,GOLD ORNAMENTS 18K,true,true,true,false
1878,1878,JH/2526/ 244,JH2526244,GOLD SALES ACCOUNT - 18K,GOLD SALES ACCOUNT - 18K,GOLD ORNAMENTS 18K,GOLD ORNAMENTS 18K,true,true,true,false
1879,1879,JH/2526/ 246,JH2526246,GOLD SALES ACCOUNT - 18K,GOLD SALES ACCOUNT - 18K,GOLD ORNAMENTS 18K,GOLD ORNAMENTS 18K,true,true,true,false
1880,1880,JH/2526/ 247,JH2526247,GOLD SALES ACCOUNT - 18K,GOLD SALES ACCOUNT - 18K,GOLD ORNAMENTS 18K,GOLD ORNAMENTS 18K,true,true,true,false
1881,1881,JH/2526/ 250,JH2526250,GOLD SALES ACCOUNT - 18K,GOLD SALES ACCOUNT - 18K,GOLD ORNAMENTS 18K,GOLD ORNAMENTS 18K,true,true,true,false
1882,1882,JH/2526/ 252,JH2526252,GOLD SALES ACCOUNT - 18K,GOLD SALES ACCOUNT - 18K,GOLD ORNAMENTS 18K,GOLD ORNAMENTS 18K,true,true,true,false
1883,1883,JH/2526/ 253,JH2526253,GOLD SALES ACCOUNT - 18K,GOLD SALES ACCOUNT - 18K,GOLD ORNAMENTS 18K,GOLD ORNAMENTS 18K,true,true,true,false
1884,1884,JH/2526/ 253,JH2526253,GOLD SALES ACCOUNT - 18K,GOLD SALES ACCOUNT - 18K,GOLD ORNAMENTS 18K,GOLD ORNAMENTS 18K,true,true,true,false
1885,1885,JH/2526/ 257,JH2526257,GOLD SALES ACCOUNT - 18K,GOLD SALES ACCOUNT - 18K,GOLD ORNAMENTS 18K,GOLD ORNAMENTS 18K,true,true,true,false
1886,1886,JH/2526/ 260,JH2526260,GOLD SALES ACCOUNT - 18K,GOLD SALES ACCOUNT - 18K,GOLD ORNAMENTS 18K,GOLD ORNAMENTS 18K,true,true,true,false
1887,1887,JH/2526/ 261,JH2526261,GOLD SALES ACCOUNT - 18K,GOLD SALES ACCOUNT - 18K,GOLD ORNAMENTS 18K,GOLD ORNAMENTS 18K,true,true,true,false
1888,1888,JH/2526/ 265,JH2526265,GOLD SALES ACCOUNT - 18K,GOLD SALES ACCOUNT - 18K,GOLD ORNAMENTS 18K,GOLD ORNAMENTS 18K,true,true,true,false
1889,1889,JH/2526/ 268,JH2526268,GOLD SALES ACCOUNT - 18K,GOLD SALES ACCOUNT - 18K,GOLD ORNAMENTS 18K,GOLD ORNAMENTS 18K,true,true,true,false
1890,1890,JH/2526/ 270,JH2526270,GOLD SALES ACCOUNT - 18K,GOLD SALES ACCOUNT - 18K,GOLD ORNAMENTS 18K,GOLD ORNAMENTS 18K,true,true,true,false
1891,1891,JH/2526/ 270,JH2526270,GOLD SALES ACCOUNT - 18K,GOLD SALES ACCOUNT - 18K,GOLD ORNAMENTS 18K,GOLD ORNAMENTS 18K,true,true,true,false
1892,1892,JH/2526/ 271,JH2526271,GOLD SALES ACCOUNT - 18K,GOLD SALES ACCOUNT - 18K,GOLD ORNAMENTS 18K,GOLD ORNAMENTS 18K,true,true,true,false
1893,1893,JH/2526/ 272,JH2526272,GOLD SALES ACCOUNT - 18K,GOLD SALES ACCOUNT - 18K,GOLD ORNAMENTS 18K,GOLD ORNAMENTS 18K,true,true,true,false
1894,1894,JH/2526/ 272,JH2526272,GOLD SALES ACCOUNT - 18K,GOLD SALES ACCOUNT - 18K,GOLD ORNAMENTS 18K,GOLD ORNAMENTS 18K,true,true,true,false
1895,1895,JH/2526/ 274,JH2526274,GOLD SALES ACCOUNT - 18K,GOLD SALES ACCOUNT - 18K,GOLD ORNAMENTS 18K,GOLD ORNAMENTS 18K,true,true,true,false
1896,1896,JH/2526/ 274,JH2526274,GOLD SALES ACCOUNT - 18K,GOLD SALES ACCOUNT - 18K,GOLD ORNAMENTS 18K,GOLD ORNAMENTS 18K,true,true,true,false
1897,1897,JH/2526/ 275,JH2526275,GOLD SALES ACCOUNT - 18K,GOLD SALES ACCOUNT - 18K,GOLD ORNAMENTS 18K,GOLD ORNAMENTS 18K,true,true,true,false
1898,1898,JH/2526/ 275,JH2526275,GOLD SALES ACCOUNT - 18K,GOLD SALES ACCOUNT - 18K,GOLD ORNAMENTS 18K,GOLD ORNAMENTS 18K,true,true,true,false
1899,1899,JH/2526/ 280,JH2526280,GOLD SALES ACCOUNT - 18K,GOLD SALES ACCOUNT - 18K,GOLD ORNAMENTS 18K,GOLD ORNAMENTS 18K,true,true,true,false
1900,1900,JH/2526/ 283,JH2526283,GOLD SALES ACCOUNT - 18K,GOLD SALES ACCOUNT - 18K,GOLD ORNAMENTS 18K,GOLD ORNAMENTS 18K,true,true,true,false
1901,1901,JH/2526/ 283,JH2526283,GOLD SALES ACCOUNT - 18K,GOLD SALES ACCOUNT - 18K,GOLD ORNAMENTS 18K,GOLD ORNAMENTS 18K,true,true,true,false
1902,1902,JH/2526/ 284,JH2526284,GOLD SALES ACCOUNT - 18K,GOLD SALES ACCOUNT - 18K,GOLD ORNAMENTS 18K,GOLD ORNAMENTS 18K,true,true,true,false
1903,1903,JH/2526/ 286,JH2526286,GOLD SALES ACCOUNT - 18K,GOLD SALES ACCOUNT - 18K,GOLD ORNAMENTS 18K,GOLD ORNAMENTS 18K,true,true,true,false
1904,1904,JH/2526/ 286,JH2526286,GOLD SALES ACCOUNT - 18K,GOLD SALES ACCOUNT - 18K,GOLD ORNAMENTS 18K,GOLD ORNAMENTS 18K,true,true,true,false
1905,1905,JH/2526/ 286,JH2526286,GOLD SALES ACCOUNT - 18K,GOLD SALES ACCOUNT - 18K,GOLD ORNAMENTS 18K,GOLD ORNAMENTS 18K,true,true,true,false
1906,1906,JH/2526/ 287,JH2526287,GOLD SALES ACCOUNT - 18K,GOLD SALES ACCOUNT - 18K,GOLD ORNAMENTS 18K,GOLD ORNAMENTS 18K,true,true,true,false
1907,1907,JH/2526/ 287,JH2526287,GOLD SALES ACCOUNT - 18K,GOLD SALES ACCOUNT - 18K,GOLD ORNAMENTS 18K,GOLD ORNAMENTS 18K,true,true,true,false
1908,1908,JH/2526/ 287,JH2526287,GOLD SALES ACCOUNT - 18K,GOLD SALES ACCOUNT - 18K,GOLD ORNAMENTS 18K,GOLD ORNAMENTS 18K,true,true,true,false
1909,1909,JH/2526/ 288,JH2526288,GOLD SALES ACCOUNT - 18K,GOLD SALES ACCOUNT - 18K,GOLD ORNAMENTS 18K,GOLD ORNAMENTS 18K,true,true,true,false
1910,1910,JH/2526/ 290,JH2526290,GOLD SALES ACCOUNT - 18K,GOLD SALES ACCOUNT - 18K,GOLD ORNAMENTS 18K,GOLD ORNAMENTS 18K,true,true,true,false
1911,1911,JH/2526/ 290,JH2526290,GOLD SALES ACCOUNT - 18K,GOLD SALES ACCOUNT - 18K,GOLD ORNAMENTS 18K,GOLD ORNAMENTS 18K,true,true,true,false
1912,1912,JH/2526/ 290,JH2526290,GOLD SALES ACCOUNT - 18K,GOLD SALES ACCOUNT - 18K,GOLD ORNAMENTS 18K,GOLD ORNAMENTS 18K,true,true,true,false
1913,1913,JH/2526/ 290,JH2526290,GOLD SALES ACCOUNT - 18K,GOLD SALES ACCOUNT - 18K,GOLD ORNAMENTS 18K,GOLD ORNAMENTS 18K,true,true,true,false
1914,1914,JH/2526/ 292,JH2526292,GOLD SALES ACCOUNT - 18K,GOLD SALES ACCOUNT - 18K,GOLD ORNAMENTS 18K,GOLD ORNAMENTS 18K,true,true,true,false
1915,1915,JH/2526/ 293,JH2526293,GOLD SALES ACCOUNT - 18K,GOLD SALES ACCOUNT - 18K,GOLD ORNAMENTS 18K,GOLD ORNAMENTS 18K,true,true,true,false
1916,1916,JH/2526/ 296,JH2526296,GOLD SALES ACCOUNT - 18K,GOLD SALES ACCOUNT - 18K,GOLD ORNAMENTS 18K,GOLD ORNAMENTS 18K,true,true,true,false
1917,1917,JH/2526/ 297,JH2526297,GOLD SALES ACCOUNT - 18K,GOLD SALES ACCOUNT - 18K,GOLD ORNAMENTS 18K,GOLD ORNAMENTS 18K,true,true,true,false
1918,1918,JH/2526/ 298,JH2526298,GOLD SALES ACCOUNT - 18K,GOLD SALES ACCOUNT - 18K,GOLD ORNAMENTS 18K,GOLD ORNAMENTS 18K,true,true,true,false
1919,1919,JH/2526/ 298,JH2526298,GOLD SALES ACCOUNT - 18K,GOLD SALES ACCOUNT - 18K,GOLD ORNAMENTS 18K,GOLD ORNAMENTS 18K,true,true,true,false
1920,1920,JH/2526/ 300,JH2526300,GOLD SALES ACCOUNT - 18K,GOLD SALES ACCOUNT - 18K,GOLD ORNAMENTS 18K,GOLD ORNAMENTS 18K,true,true,true,false
1921,1921,JH/2526/ 301,JH2526301,GOLD SALES ACCOUNT - 18K,GOLD SALES ACCOUNT - 18K,GOLD ORNAMENTS 18K,GOLD ORNAMENTS 18K,true,true,true,false
1922,1922,JH/2526/ 303,JH2526303,GOLD SALES ACCOUNT - 18K,GOLD SALES ACCOUNT - 18K,GOLD ORNAMENTS 18K,GOLD ORNAMENTS 18K,true,true,true,false
1923,1923,JH/2526/ 304,JH2526304,GOLD SALES ACCOUNT - 18K,GOLD SALES ACCOUNT - 18K,GOLD ORNAMENTS 18K,GOLD ORNAMENTS 18K,true,true,true,false
1924,1924,JH/2526/ 304,JH2526304,GOLD SALES ACCOUNT - 18K,GOLD SALES ACCOUNT - 18K,GOLD ORNAMENTS 18K,GOLD ORNAMENTS 18K,true,true,true,false
1925,1925,JH/2526/ 305,JH2526305,GOLD SALES ACCOUNT - 18K,GOLD SALES ACCOUNT - 18K,GOLD ORNAMENTS 18K,GOLD ORNAMENTS 18K,true,true,true,false
1926,1926,JH/2526/ 309,JH2526309,GOLD SALES ACCOUNT - 18K,GOLD SALES ACCOUNT - 18K,GOLD ORNAMENTS 18K,GOLD ORNAMENTS 18K,true,true,true,false
1927,1927,JH/2526/ 310,JH2526310,GOLD SALES ACCOUNT - 18K,GOLD SALES ACCOUNT - 18K,GOLD ORNAMENTS 18K,GOLD ORNAMENTS 18K,true,true,true,false
1928,1928,JH/2526/ 312,JH2526312,GOLD SALES ACCOUNT - 18K,GOLD SALES ACCOUNT - 18K,GOLD ORNAMENTS 18K,GOLD ORNAMENTS 18K,true,true,true,false
1929,1929,JH/2526/ 316,JH2526316,GOLD SALES ACCOUNT - 18K,GOLD SALES ACCOUNT - 18K,GOLD ORNAMENTS 18K,GOLD ORNAMENTS 18K,true,true,true,false
1930,1930,JH/2526/ 317,JH2526317,GOLD SALES ACCOUNT - 18K,GOLD SALES ACCOUNT - 18K,GOLD ORNAMENTS 18K,GOLD ORNAMENTS 18K,true,true,true,false
1931,1931,JH/2526/ 317,JH2526317,GOLD SALES ACCOUNT - 18K,GOLD SALES ACCOUNT - 18K,GOLD ORNAMENTS 18K,GOLD ORNAMENTS 18K,true,true,true,false
1932,1932,JH/2526/ 317,JH2526317,GOLD SALES ACCOUNT - 18K,GOLD SALES ACCOUNT - 18K,GOLD ORNAMENTS 18K,GOLD ORNAMENTS 18K,true,true,true,false
1933,1933,JH/2526/ 320,JH2526320,GOLD SALES ACCOUNT - 18K,GOLD SALES ACCOUNT - 18K,GOLD ORNAMENTS 18K,GOLD ORNAMENTS 18K,true,true,true,false
1934,1934,JH/2526/ 322,JH2526322,GOLD SALES ACCOUNT - 18K,GOLD SALES ACCOUNT - 18K,GOLD ORNAMENTS 18K,GOLD ORNAMENTS 18K,true,true,true,false
1935,1935,JH/2526/ 322,JH2526322,GOLD SALES ACCOUNT - 18K,GOLD SALES ACCOUNT - 18K,GOLD ORNAMENTS 18K,GOLD ORNAMENTS 18K,true,true,true,false
1936,1936,JH/2526/ 324,JH2526324,GOLD SALES ACCOUNT - 18K,GOLD SALES ACCOUNT - 18K,GOLD ORNAMENTS 18K,GOLD ORNAMENTS 18K,true,true,true,false
1937,1937,JH/2526/ 324,JH2526324,GOLD SALES ACCOUNT - 18K,GOLD SALES ACCOUNT - 18K,GOLD ORNAMENTS 18K,GOLD ORNAMENTS 18K,true,true,true,false
1938,1938,JH/2526/ 324,JH2526324,GOLD SALES ACCOUNT - 18K,GOLD SALES ACCOUNT - 18K,GOLD ORNAMENTS 18K,GOLD ORNAMENTS 18K,true,true,true,false
1939,1939,JH/2526/ 329,JH2526329,GOLD SALES ACCOUNT - 18K,GOLD SALES ACCOUNT - 18K,GOLD ORNAMENTS 18K,GOLD ORNAMENTS 18K,true,true,true,false
1940,1940,JH/2526/ 330,JH2526330,GOLD SALES ACCOUNT - 18K,GOLD SALES ACCOUNT - 18K,GOLD ORNAMENTS 18K,GOLD ORNAMENTS 18K,true,true,true,false
1941,1941,JH/2526/ 333,JH2526333,GOLD SALES ACCOUNT - 18K,GOLD SALES ACCOUNT - 18K,GOLD ORNAMENTS 18K,GOLD ORNAMENTS 18K,true,true,true,false
1942,1942,JH/2526/ 336,JH2526336,GOLD SALES ACCOUNT - 18K,GOLD SALES ACCOUNT - 18K,GOLD ORNAMENTS 18K,GOLD ORNAMENTS 18K,true,true,true,false
1943,1943,JH/2526/ 337,JH2526337,GOLD SALES ACCOUNT - 18K,GOLD SALES ACCOUNT - 18K,GOLD ORNAMENTS 18K,GOLD ORNAMENTS 18K,true,true,true,false
1944,1944,JH/2526/ 339,JH2526339,GOLD SALES ACCOUNT - 18K,GOLD SALES ACCOUNT - 18K,GOLD ORNAMENTS 18K,GOLD ORNAMENTS 18K,true,true,true,false
1945,1945,JH/2526/ 343,JH2526343,GOLD SALES ACCOUNT - 18K,GOLD SALES ACCOUNT - 18K,GOLD ORNAMENTS 18K,GOLD ORNAMENTS 18K,true,true,true,false
1946,1946,JH/2526/ 345,JH2526345,GOLD SALES ACCOUNT - 18K,GOLD SALES ACCOUNT - 18K,GOLD ORNAMENTS 18K,GOLD ORNAMENTS 18K,true,true,true,false
1947,1947,JH/2526/ 346,JH2526346,GOLD SALES ACCOUNT - 18K,GOLD SALES ACCOUNT - 18K,GOLD ORNAMENTS 18K,GOLD ORNAMENTS 18K,true,true,true,false
1948,1948,JH/2526/ 349,JH2526349,GOLD SALES ACCOUNT - 18K,GOLD SALES ACCOUNT - 18K,GOLD ORNAMENTS 18K,GOLD ORNAMENTS 18K,true,true,true,false
1949,1949,JH/2526/ 350,JH2526350,GOLD SALES ACCOUNT - 18K,GOLD SALES ACCOUNT - 18K,GOLD ORNAMENTS 18K,GOLD ORNAMENTS 18K,true,true,true,false
1950,1950,JH/2526/ 352,JH2526352,GOLD SALES ACCOUNT - 18K,GOLD SALES ACCOUNT - 18K,GOLD ORNAMENTS 18K,GOLD ORNAMENTS 18K,true,true,true,false
1951,1951,JH/2526/ 355,JH2526355,GOLD SALES ACCOUNT - 18K,GOLD SALES ACCOUNT - 18K,GOLD ORNAMENTS 18K,GOLD ORNAMENTS 18K,true,true,true,false
1952,1952,JH/2526/ 357,JH2526357,GOLD SALES ACCOUNT - 18K,GOLD SALES ACCOUNT - 18K,GOLD ORNAMENTS 18K,GOLD ORNAMENTS 18K,true,true,true,false
1953,1953,JH/2526/ 358,JH2526358,GOLD SALES ACCOUNT - 18K,GOLD SALES ACCOUNT - 18K,GOLD ORNAMENTS 18K,GOLD ORNAMENTS 18K,true,true,true,false
1954,1954,JH/2526/ 360,JH2526360,GOLD SALES ACCOUNT - 18K,GOLD SALES ACCOUNT - 18K,GOLD ORNAMENTS 18K,GOLD ORNAMENTS 18K,true,true,true,false
1955,1955,JH/2526/ 362,JH2526362,GOLD SALES ACCOUNT - 18K,GOLD SALES ACCOUNT - 18K,GOLD ORNAMENTS 18K,GOLD ORNAMENTS 18K,true,true,true,false
1956,1956,JH/2526/ 363,JH2526363,GOLD SALES ACCOUNT - 18K,GOLD SALES ACCOUNT - 18K,GOLD ORNAMENTS 18K,GOLD ORNAMENTS 18K,true,true,true,false
1957,1957,JH/2526/ 364,JH2526364,GOLD SALES ACCOUNT - 18K,GOLD SALES ACCOUNT - 18K,GOLD ORNAMENTS 18K,GOLD ORNAMENTS 18K,true,true,true,false
1958,1958,JH/2526/ 366,JH2526366,GOLD SALES ACCOUNT - 18K,GOLD SALES ACCOUNT - 18K,GOLD ORNAMENTS 18K,GOLD ORNAMENTS 18K,true,true,true,false
1959,1959,JH/2526/ 366,JH2526366,GOLD SALES ACCOUNT - 18K,GOLD SALES ACCOUNT - 18K,GOLD ORNAMENTS 18K,GOLD ORNAMENTS 18K,true,true,true,false
1960,1960,JH/2526/ 368,JH2526368,GOLD SALES ACCOUNT - 18K,GOLD SALES ACCOUNT - 18K,GOLD ORNAMENTS 18K,GOLD ORNAMENTS 18K,true,true,true,false
1961,1961,JH/2526/ 369,JH2526369,GOLD SALES ACCOUNT - 18K,GOLD SALES ACCOUNT - 18K,GOLD ORNAMENTS 18K,GOLD ORNAMENTS 18K,true,true,true,false
1962,1962,JH/2526/ 370,JH2526370,GOLD SALES ACCOUNT - 18K,GOLD SALES ACCOUNT - 18K,GOLD ORNAMENTS 18K,GOLD ORNAMENTS 18K,true,true,true,false
1963,1963,JH/2526/ 371,JH2526371,GOLD SALES ACCOUNT - 18K,GOLD SALES ACCOUNT - 18K,GOLD ORNAMENTS 18K,GOLD ORNAMENTS 18K,true,true,true,false
1964,1964,JH/2526/ 372,JH2526372,GOLD SALES ACCOUNT - 18K,GOLD SALES ACCOUNT - 18K,GOLD ORNAMENTS 18K,GOLD ORNAMENTS 18K,true,true,true,false
1965,1965,JH/2526/ 375,JH2526375,GOLD SALES ACCOUNT - 18K,GOLD SALES ACCOUNT - 18K,GOLD ORNAMENTS 18K,GOLD ORNAMENTS 18K,true,true,true,false
1966,1966,JH/2526/ 376,JH2526376,GOLD SALES ACCOUNT - 18K,GOLD SALES ACCOUNT - 18K,GOLD ORNAMENTS 18K,GOLD ORNAMENTS 18K,true,true,true,false
1967,1967,JH/2526/ 376,JH2526376,GOLD SALES ACCOUNT - 18K,GOLD SALES ACCOUNT - 18K,GOLD ORNAMENTS 18K,GOLD ORNAMENTS 18K,true,true,true,false
1968,1968,JH/2526/ 377,JH2526377,GOLD SALES ACCOUNT - 18K,GOLD SALES ACCOUNT - 18K,GOLD ORNAMENTS 18K,GOLD ORNAMENTS 18K,true,true,true,false
1969,1969,JH/2526/ 378,JH2526378,GOLD SALES ACCOUNT - 18K,GOLD SALES ACCOUNT - 18K,GOLD ORNAMENTS 18K,GOLD ORNAMENTS 18K,true,true,true,false
1970,1970,JH/2526/ 379,JH2526379,GOLD SALES ACCOUNT - 18K,GOLD SALES ACCOUNT - 18K,GOLD ORNAMENTS 18K,GOLD ORNAMENTS 18K,true,true,true,false
1971,1971,JH/2526/ 382,JH2526382,GOLD SALES ACCOUNT - 18K,GOLD SALES ACCOUNT - 18K,GOLD ORNAMENTS 18K,GOLD ORNAMENTS 18K,true,true,true,false
1972,1972,JH/2526/ 385,JH2526385,GOLD SALES ACCOUNT - 18K,GOLD SALES ACCOUNT - 18K,GOLD ORNAMENTS 18K,GOLD ORNAMENTS 18K,true,true,true,false
1973,1973,JH/2526/ 388,JH2526388,GOLD SALES ACCOUNT - 18K,GOLD SALES ACCOUNT - 18K,GOLD ORNAMENTS 18K,GOLD ORNAMENTS 18K,true,true,true,false
1974,1974,JH/2526/ 389,JH2526389,GOLD SALES ACCOUNT - 18K,GOLD SALES ACCOUNT - 18K,GOLD ORNAMENTS 18K,GOLD ORNAMENTS 18K,true,true,true,false
1975,1975,JH/2526/ 390,JH2526390,GOLD SALES ACCOUNT - 18K,GOLD SALES ACCOUNT - 18K,GOLD ORNAMENTS 18K,GOLD ORNAMENTS 18K,true,true,true,false
1976,1976,JH/2526/ 392,JH2526392,GOLD SALES ACCOUNT - 18K,GOLD SALES ACCOUNT - 18K,GOLD ORNAMENTS 18K,GOLD ORNAMENTS 18K,true,true,true,false
1977,1977,JH/2526/ 394,JH2526394,GOLD SALES ACCOUNT - 18K,GOLD SALES ACCOUNT - 18K,GOLD ORNAMENTS 18K,GOLD ORNAMENTS 18K,true,true,true,false
1978,1978,JH/2526/ 395,JH2526395,GOLD SALES ACCOUNT - 18K,GOLD SALES ACCOUNT - 18K,GOLD ORNAMENTS 18K,GOLD ORNAMENTS 18K,true,true,true,false
1979,1979,JH/2526/ 396,JH2526396,GOLD SALES ACCOUNT - 18K,GOLD SALES ACCOUNT - 18K,GOLD ORNAMENTS 18K,GOLD ORNAMENTS 18K,true,true,true,false
1980,1980,JH/2526/ 397,JH2526397,GOLD SALES ACCOUNT - 18K,GOLD SALES ACCOUNT - 18K,GOLD ORNAMENTS 18K,GOLD ORNAMENTS 18K,true,true,true,false
1981,1981,JH/2526/ 398,JH2526398,GOLD SALES ACCOUNT - 18K,GOLD SALES ACCOUNT - 18K,GOLD ORNAMENTS 18K,GOLD ORNAMENTS 18K,true,true,true,false
1982,1982,JH/2526/ 398,JH2526398,GOLD SALES ACCOUNT - 18K,GOLD SALES ACCOUNT - 18K,GOLD ORNAMENTS 18K,GOLD ORNAMENTS 18K,true,true,true,false
1983,1983,JH/2526/ 399,JH2526399,GOLD SALES ACCOUNT - 18K,GOLD SALES ACCOUNT - 18K,GOLD ORNAMENTS 18K,GOLD ORNAMENTS 18K,true,true,true,false
1984,1984,JH/2526/ 400,JH2526400,GOLD SALES ACCOUNT - 18K,GOLD SALES ACCOUNT - 18K,GOLD ORNAMENTS 18K,GOLD ORNAMENTS 18K,true,true,true,false
1985,1985,JH/2526/ 406,JH2526406,GOLD SALES ACCOUNT - 18K,GOLD SALES ACCOUNT - 18K,GOLD ORNAMENTS 18K,GOLD ORNAMENTS 18K,true,true,true,false
1986,1986,JH/2526/ 406,JH2526406,GOLD SALES ACCOUNT - 18K,GOLD SALES ACCOUNT - 18K,GOLD ORNAMENTS 18K,GOLD ORNAMENTS 18K,true,true,true,false
1987,1987,JH/2526/ 408,JH2526408,GOLD SALES ACCOUNT - 18K,GOLD SALES ACCOUNT - 18K,GOLD ORNAMENTS 18K,GOLD ORNAMENTS 18K,true,true,true,false
1988,1988,JH/2526/ 410,JH2526410,GOLD SALES ACCOUNT - 18K,GOLD SALES ACCOUNT - 18K,GOLD ORNAMENTS 18K,GOLD ORNAMENTS 18K,true,true,true,false
1989,1989,JH/2526/ 411,JH2526411,GOLD SALES ACCOUNT - 18K,GOLD SALES ACCOUNT - 18K,GOLD ORNAMENTS 18K,GOLD ORNAMENTS 18K,true,true,true,false
1990,1990,JH/2526/ 412,JH2526412,GOLD SALES ACCOUNT - 18K,GOLD SALES ACCOUNT - 18K,GOLD ORNAMENTS 18K,GOLD ORNAMENTS 18K,true,true,true,false
1991,1991,JH/2526/ 413,JH2526413,GOLD SALES ACCOUNT - 18K,GOLD SALES ACCOUNT - 18K,GOLD ORNAMENTS 18K,GOLD ORNAMENTS 18K,true,true,true,false
1992,1992,JH/2526/ 414,JH2526414,GOLD SALES ACCOUNT - 18K,GOLD SALES ACCOUNT - 18K,GOLD ORNAMENTS 18K,GOLD ORNAMENTS 18K,true,true,true,false
1993,1993,JH/2526/ 415,JH2526415,GOLD SALES ACCOUNT - 18K,GOLD SALES ACCOUNT - 18K,GOLD ORNAMENTS 18K,GOLD ORNAMENTS 18K,true,true,true,false
1994,1994,JH/2526/ 415,JH2526415,GOLD SALES ACCOUNT - 18K,GOLD SALES ACCOUNT - 18K,GOLD ORNAMENTS 18K,GOLD ORNAMENTS 18K,true,true,true,false
1995,1995,JH/2526/ 416,JH2526416,GOLD SALES ACCOUNT - 18K,GOLD SALES ACCOUNT - 18K,GOLD ORNAMENTS 18K,GOLD ORNAMENTS 18K,true,true,true,false
1996,1996,JH/2526/ 418,JH2526418,GOLD SALES ACCOUNT - 18K,GOLD SALES ACCOUNT - 18K,GOLD ORNAMENTS 18K,GOLD ORNAMENTS 18K,true,true,true,false
1997,1997,JH/2526/ 418,JH2526418,GOLD SALES ACCOUNT - 18K,GOLD SALES ACCOUNT - 18K,GOLD ORNAMENTS 18K,GOLD ORNAMENTS 18K,true,true,true,false
1998,1998,JH/2526/ 420,JH2526420,GOLD SALES ACCOUNT - 18K,GOLD SALES ACCOUNT - 18K,GOLD ORNAMENTS 18K,GOLD ORNAMENTS 18K,true,true,true,false
1999,1999,JH/2526/ 422,JH2526422,GOLD SALES ACCOUNT - 18K,GOLD SALES ACCOUNT - 18K,GOLD ORNAMENTS 18K,GOLD ORNAMENTS 18K,true,true,true,false
2000,2000,JH/2526/ 423,JH2526423,GOLD SALES ACCOUNT - 18K,GOLD SALES ACCOUNT - 18K,GOLD ORNAMENTS 18K,GOLD ORNAMENTS 18K,true,true,true,false
2001,2001,JH/2526/ 426,JH2526426,GOLD SALES ACCOUNT - 18K,GOLD SALES ACCOUNT - 18K,GOLD ORNAMENTS 18K,GOLD ORNAMENTS 18K,true,true,true,false
2002,2002,JH/2526/ 429,JH2526429,GOLD SALES ACCOUNT - 18K,GOLD SALES ACCOUNT - 18K,GOLD ORNAMENTS 18K,GOLD ORNAMENTS 18K,true,true,true,false
2003,2003,JH/2526/ 432,JH2526432,GOLD SALES ACCOUNT - 18K,GOLD SALES ACCOUNT - 18K,GOLD ORNAMENTS 18K,GOLD ORNAMENTS 18K,true,true,true,false
2004,2004,JH/2526/ 432,JH2526432,GOLD SALES ACCOUNT - 18K,GOLD SALES ACCOUNT - 18K,GOLD ORNAMENTS 18K,GOLD ORNAMENTS 18K,true,true,true,false
2005,2005,JH/2526/ 437,JH2526437,GOLD SALES ACCOUNT - 18K,GOLD SALES ACCOUNT - 18K,GOLD ORNAMENTS 18K,GOLD ORNAMENTS 18K,true,true,true,false
2006,2006,JH/2526/ 439,JH2526439,GOLD SALES ACCOUNT - 18K,GOLD SALES ACCOUNT - 18K,GOLD ORNAMENTS 18K,GOLD ORNAMENTS 18K,true,true,true,false
2007,2007,JH/2526/ 445,JH2526445,GOLD SALES ACCOUNT - 18K,GOLD SALES ACCOUNT - 18K,GOLD ORNAMENTS 18K,GOLD ORNAMENTS 18K,true,true,true,false
2008,2008,JH/2526/ 448,JH2526448,GOLD SALES ACCOUNT - 18K,GOLD SALES ACCOUNT - 18K,GOLD ORNAMENTS 18K,GOLD ORNAMENTS 18K,true,true,true,false
2009,2009,JH/2526/ 449,JH2526449,GOLD SALES ACCOUNT - 18K,GOLD SALES ACCOUNT - 18K,GOLD ORNAMENTS 18K,GOLD ORNAMENTS 18K,true,true,true,false
2010,2010,JH/2526/ 450,JH2526450,GOLD SALES ACCOUNT - 18K,GOLD SALES ACCOUNT - 18K,GOLD ORNAMENTS 18K,GOLD ORNAMENTS 18K,true,true,true,false
2011,2011,JH/2526/ 450,JH2526450,GOLD SALES ACCOUNT - 18K,GOLD SALES ACCOUNT - 18K,GOLD ORNAMENTS 18K,GOLD ORNAMENTS 18K,true,true,true,false
2012,2012,JH/2526/ 453,JH2526453,GOLD SALES ACCOUNT - 18K,GOLD SALES ACCOUNT - 18K,GOLD ORNAMENTS 18K,GOLD ORNAMENTS 18K,true,true,true,false
2013,2013,JH/2526/ 456,JH2526456,GOLD SALES ACCOUNT - 18K,GOLD SALES ACCOUNT - 18K,GOLD ORNAMENTS 18K,GOLD ORNAMENTS 18K,true,true,true,false
2014,2014,JH/2526/ 458,JH2526458,GOLD SALES ACCOUNT - 18K,GOLD SALES ACCOUNT - 18K,GOLD ORNAMENTS 18K,GOLD ORNAMENTS 18K,true,true,true,false
2015,2015,JH/2526/ 459,JH2526459,GOLD SALES ACCOUNT - 18K,GOLD SALES ACCOUNT - 18K,GOLD ORNAMENTS 18K,GOLD ORNAMENTS 18K,true,true,true,false
2016,2016,JH/2526/ 460,JH2526460,GOLD SALES ACCOUNT - 18K,GOLD SALES ACCOUNT - 18K,GOLD ORNAMENTS 18K,GOLD ORNAMENTS 18K,true,true,true,false
2017,2017,JH/2526/ 463,JH2526463,GOLD SALES ACCOUNT - 18K,GOLD SALES ACCOUNT - 18K,GOLD ORNAMENTS 18K,GOLD ORNAMENTS 18K,true,true,true,false
2018,2018,JH/2526/ 466,JH2526466,GOLD SALES ACCOUNT - 18K,GOLD SALES ACCOUNT - 18K,GOLD ORNAMENTS 18K,GOLD ORNAMENTS 18K,true,true,true,false
2019,2019,JH/2526/ 467,JH2526467,GOLD SALES ACCOUNT - 18K,GOLD SALES ACCOUNT - 18K,GOLD ORNAMENTS 18K,GOLD ORNAMENTS 18K,true,true,true,false
2020,2020,JH/2526/ 469,JH2526469,GOLD SALES ACCOUNT - 18K,GOLD SALES ACCOUNT - 18K,GOLD ORNAMENTS 18K,GOLD ORNAMENTS 18K,true,true,true,false
2021,2021,JH/2526/ 470,JH2526470,GOLD SALES ACCOUNT - 18K,GOLD SALES ACCOUNT - 18K,GOLD ORNAMENTS 18K,GOLD ORNAMENTS 18K,true,true,true,false
2022,2022,JH/2526/ 472,JH2526472,GOLD SALES ACCOUNT - 18K,GOLD SALES ACCOUNT - 18K,GOLD ORNAMENTS 18K,GOLD ORNAMENTS 18K,true,true,true,false
2023,2023,JH/2526/ 473,JH2526473,GOLD SALES ACCOUNT - 18K,GOLD SALES ACCOUNT - 18K,GOLD ORNAMENTS 18K,GOLD ORNAMENTS 18K,true,true,true,false
2024,2024,JH/2526/ 474,JH2526474,GOLD SALES ACCOUNT - 18K,GOLD SALES ACCOUNT - 18K,GOLD ORNAMENTS 18K,GOLD ORNAMENTS 18K,true,true,true,false
2025,2025,JH/2526/ 477,JH2526477,GOLD SALES ACCOUNT - 18K,GOLD SALES ACCOUNT - 18K,GOLD ORNAMENTS 18K,GOLD ORNAMENTS 18K,true,true,true,false
2026,2026,JH/2526/ 479,JH2526479,GOLD SALES ACCOUNT - 18K,GOLD SALES ACCOUNT - 18K,GOLD ORNAMENTS 18K,GOLD ORNAMENTS 18K,true,true,true,false
2027,2027,JH/2526/ 479,JH2526479,GOLD SALES ACCOUNT - 18K,GOLD SALES ACCOUNT - 18K,GOLD ORNAMENTS 18K,GOLD ORNAMENTS 18K,true,true,true,false
2028,2028,JH/2526/ 480,JH2526480,GOLD SALES ACCOUNT - 18K,GOLD SALES ACCOUNT - 18K,GOLD ORNAMENTS 18K,GOLD ORNAMENTS 18K,true,true,true,false
2029,2029,JH/2526/ 481,JH2526481,GOLD SALES ACCOUNT - 18K,GOLD SALES ACCOUNT - 18K,GOLD ORNAMENTS 18K,GOLD ORNAMENTS 18K,true,true,true,false
2030,2030,JH/2526/ 481,JH2526481,GOLD SALES ACCOUNT - 18K,GOLD SALES ACCOUNT - 18K,GOLD ORNAMENTS 18K,GOLD ORNAMENTS 18K,true,true,true,false
2031,2031,JH/2526/ 484,JH2526484,GOLD SALES ACCOUNT - 18K,GOLD SALES ACCOUNT - 18K,GOLD ORNAMENTS 18K,GOLD ORNAMENTS 18K,true,true,true,false
2032,2032,JH/2526/ 487,JH2526487,GOLD SALES ACCOUNT - 18K,GOLD SALES ACCOUNT - 18K,GOLD ORNAMENTS 18K,GOLD ORNAMENTS 18K,true,true,true,false
2033,2033,JH/2526/ 490,JH2526490,GOLD SALES ACCOUNT - 18K,GOLD SALES ACCOUNT - 18K,GOLD ORNAMENTS 18K,GOLD ORNAMENTS 18K,true,true,true,false
2034,2034,JH/2526/ 492,JH2526492,GOLD SALES ACCOUNT - 18K,GOLD SALES ACCOUNT - 18K,GOLD ORNAMENTS 18K,GOLD ORNAMENTS 18K,true,true,true,false
2035,2035,JH/2526/ 494,JH2526494,GOLD SALES ACCOUNT - 18K,GOLD SALES ACCOUNT - 18K,GOLD ORNAMENTS 18K,GOLD ORNAMENTS 18K,true,true,true,false
2036,2036,JH/2526/ 495,JH2526495,GOLD SALES ACCOUNT - 18K,GOLD SALES ACCOUNT - 18K,GOLD ORNAMENTS 18K,GOLD ORNAMENTS 18K,true,true,true,false
2037,2037,JH/2526/ 496,JH2526496,GOLD SALES ACCOUNT - 18K,GOLD SALES ACCOUNT - 18K,GOLD ORNAMENTS 18K,GOLD ORNAMENTS 18K,true,true,true,false
2038,2038,JH/2526/ 496,JH2526496,GOLD SALES ACCOUNT - 18K,GOLD SALES ACCOUNT - 18K,GOLD ORNAMENTS 18K,GOLD ORNAMENTS 18K,true,true,true,false
2039,2039,JH/2526/ 497,JH2526497,GOLD SALES ACCOUNT - 18K,GOLD SALES ACCOUNT - 18K,GOLD ORNAMENTS 18K,GOLD ORNAMENTS 18K,true,true,true,false
2040,2040,JH/2526/ 503,JH2526503,GOLD SALES ACCOUNT - 18K,GOLD SALES ACCOUNT - 18K,GOLD ORNAMENTS 18K,GOLD ORNAMENTS 18K,true,true,true,false
2041,2041,JH/2526/ 504,JH2526504,GOLD SALES ACCOUNT - 18K,GOLD SALES ACCOUNT - 18K,GOLD ORNAMENTS 18K,GOLD ORNAMENTS 18K,true,true,true,false
2042,2042,JH/2526/ 505,JH2526505,GOLD SALES ACCOUNT - 18K,GOLD SALES ACCOUNT - 18K,GOLD ORNAMENTS 18K,GOLD ORNAMENTS 18K,true,true,true,false
2043,2043,JH/2526/ 506,JH2526506,GOLD SALES ACCOUNT - 18K,GOLD SALES ACCOUNT - 18K,GOLD ORNAMENTS 18K,GOLD ORNAMENTS 18K,true,true,true,false
2044,2044,JH/2526/ 507,JH2526507,GOLD SALES ACCOUNT - 18K,GOLD SALES ACCOUNT - 18K,GOLD ORNAMENTS 18K,GOLD ORNAMENTS 18K,true,true,true,false
2045,2045,JH/2526/ 509,JH2526509,GOLD SALES ACCOUNT - 18K,GOLD SALES ACCOUNT - 18K,GOLD ORNAMENTS 18K,GOLD ORNAMENTS 18K,true,true,true,false
2046,2046,JH/2526/ 511,JH2526511,GOLD SALES ACCOUNT - 18K,GOLD SALES ACCOUNT - 18K,GOLD ORNAMENTS 18K,GOLD ORNAMENTS 18K,true,true,true,false
2047,2047,JH/2526/ 513,JH2526513,GOLD SALES ACCOUNT - 18K,GOLD SALES ACCOUNT - 18K,GOLD ORNAMENTS 18K,GOLD ORNAMENTS 18K,true,true,true,false
2048,2048,JH/2526/ 514,JH2526514,GOLD SALES ACCOUNT - 18K,GOLD SALES ACCOUNT - 18K,GOLD ORNAMENTS 18K,GOLD ORNAMENTS 18K,true,true,true,false
2049,2049,JH/2526/ 516,JH2526516,GOLD SALES ACCOUNT - 18K,GOLD SALES ACCOUNT - 18K,GOLD ORNAMENTS 18K,GOLD ORNAMENTS 18K,true,true,true,false
2050,2050,JH/2526/ 519,JH2526519,GOLD SALES ACCOUNT - 18K,GOLD SALES ACCOUNT - 18K,GOLD ORNAMENTS 18K,GOLD ORNAMENTS 18K,true,true,true,false
2051,2051,JH/2526/ 520,JH2526520,GOLD SALES ACCOUNT - 18K,GOLD SALES ACCOUNT - 18K,GOLD ORNAMENTS 18K,GOLD ORNAMENTS 18K,true,true,true,false
2052,2052,JH/2526/ 520,JH2526520,GOLD SALES ACCOUNT - 18K,GOLD SALES ACCOUNT - 18K,GOLD ORNAMENTS 18K,GOLD ORNAMENTS 18K,true,true,true,false
2053,2053,JH/2526/ 521,JH2526521,GOLD SALES ACCOUNT - 18K,GOLD SALES ACCOUNT - 18K,GOLD ORNAMENTS 18K,GOLD ORNAMENTS 18K,true,true,true,false
2054,2054,JH/2526/ 523,JH2526523,GOLD SALES ACCOUNT - 18K,GOLD SALES ACCOUNT - 18K,GOLD ORNAMENTS 18K,GOLD ORNAMENTS 18K,true,true,true,false
2055,2055,JH/2526/ 527,JH2526527,GOLD SALES ACCOUNT - 18K,GOLD SALES ACCOUNT - 18K,GOLD ORNAMENTS 18K,GOLD ORNAMENTS 18K,true,true,true,false
2056,2056,JH/2526/ 529,JH2526529,GOLD SALES ACCOUNT - 18K,GOLD SALES ACCOUNT - 18K,GOLD ORNAMENTS 18K,GOLD ORNAMENTS 18K,true,true,true,false
2057,2057,JH/2526/ 531,JH2526531,GOLD SALES ACCOUNT - 18K,GOLD SALES ACCOUNT - 18K,GOLD ORNAMENTS 18K,GOLD ORNAMENTS 18K,true,true,true,false
2058,2058,JH/2526/ 534,JH2526534,GOLD SALES ACCOUNT - 18K,GOLD SALES ACCOUNT - 18K,GOLD ORNAMENTS 18K,GOLD ORNAMENTS 18K,true,true,true,false
2059,2059,JH/2526/ 535,JH2526535,GOLD SALES ACCOUNT - 18K,GOLD SALES ACCOUNT - 18K,GOLD ORNAMENTS 18K,GOLD ORNAMENTS 18K,true,true,true,false
2060,2060,JH/2526/ 537,JH2526537,GOLD SALES ACCOUNT - 18K,GOLD SALES ACCOUNT - 18K,GOLD ORNAMENTS 18K,GOLD ORNAMENTS 18K,true,true,true,false
2061,2061,JH/2526/ 541,JH2526541,GOLD SALES ACCOUNT - 18K,GOLD SALES ACCOUNT - 18K,GOLD ORNAMENTS 18K,GOLD ORNAMENTS 18K,true,true,true,false
2062,2062,JH/2526/ 544,JH2526544,GOLD SALES ACCOUNT - 18K,GOLD SALES ACCOUNT - 18K,GOLD ORNAMENTS 18K,GOLD ORNAMENTS 18K,true,true,true,false
2063,2063,JH/2526/ 547,JH2526547,GOLD SALES ACCOUNT - 18K,GOLD SALES ACCOUNT - 18K,GOLD ORNAMENTS 18K,GOLD ORNAMENTS 18K,true,true,true,false
2064,2064,JH/2526/ 548,JH2526548,GOLD SALES ACCOUNT - 18K,GOLD SALES ACCOUNT - 18K,GOLD ORNAMENTS 18K,GOLD ORNAMENTS 18K,true,true,true,false
2065,2065,JH/2526/ 549,JH2526549,GOLD SALES ACCOUNT - 18K,GOLD SALES ACCOUNT - 18K,GOLD ORNAMENTS 18K,GOLD ORNAMENTS 18K,true,true,true,false
2066,2066,JH/2526/ 552,JH2526552,GOLD SALES ACCOUNT - 18K,GOLD SALES ACCOUNT - 18K,GOLD ORNAMENTS 18K,GOLD ORNAMENTS 18K,true,true,true,false
2067,2067,JH/2526/ 553,JH2526553,GOLD SALES ACCOUNT - 18K,GOLD SALES ACCOUNT - 18K,GOLD ORNAMENTS 18K,GOLD ORNAMENTS 18K,true,true,true,false
2068,2068,JH/2526/ 554,JH2526554,GOLD SALES ACCOUNT - 18K,GOLD SALES ACCOUNT - 18K,GOLD ORNAMENTS 18K,GOLD ORNAMENTS 18K,true,true,true,false
2069,2069,JH/2526/ 557,JH2526557,GOLD SALES ACCOUNT - 18K,GOLD SALES ACCOUNT - 18K,GOLD ORNAMENTS 18K,GOLD ORNAMENTS 18K,true,true,true,false
2070,2070,JH/2526/ 558,JH2526558,GOLD SALES ACCOUNT - 18K,GOLD SALES ACCOUNT - 18K,GOLD ORNAMENTS 18K,GOLD ORNAMENTS 18K,true,true,true,false
2071,2071,JH/2526/ 559,JH2526559,GOLD SALES ACCOUNT - 18K,GOLD SALES ACCOUNT - 18K,GOLD ORNAMENTS 18K,GOLD ORNAMENTS 18K,true,true,true,false
2072,2072,JH/2526/ 561,JH2526561,GOLD SALES ACCOUNT - 18K,GOLD SALES ACCOUNT - 18K,GOLD ORNAMENTS 18K,GOLD ORNAMENTS 18K,true,true,true,false
2073,2073,JH/2526/ 562,JH2526562,GOLD SALES ACCOUNT - 18K,GOLD SALES ACCOUNT - 18K,GOLD ORNAMENTS 18K,GOLD ORNAMENTS 18K,true,true,true,false
2074,2074,JH/2526/ 563,JH2526563,GOLD SALES ACCOUNT - 18K,GOLD SALES ACCOUNT - 18K,GOLD ORNAMENTS 18K,GOLD ORNAMENTS 18K,true,true,true,false
2075,2075,JH/2526/ 563,JH2526563,GOLD SALES ACCOUNT - 18K,GOLD SALES ACCOUNT - 18K,GOLD ORNAMENTS 18K,GOLD ORNAMENTS 18K,true,true,true,false
2076,2076,JH/2526/ 563,JH2526563,GOLD SALES ACCOUNT - 18K,GOLD SALES ACCOUNT - 18K,GOLD ORNAMENTS 18K,GOLD ORNAMENTS 18K,true,true,true,false
2077,2077,JH/2526/ 564,JH2526564,GOLD SALES ACCOUNT - 18K,GOLD SALES ACCOUNT - 18K,GOLD ORNAMENTS 18K,GOLD ORNAMENTS 18K,true,true,true,false
2078,2078,JH/2526/ 566,JH2526566,GOLD SALES ACCOUNT - 18K,GOLD SALES ACCOUNT - 18K,GOLD ORNAMENTS 18K,GOLD ORNAMENTS 18K,true,true,true,false
2079,2079,JH/2526/ 567,JH2526567,GOLD SALES ACCOUNT - 18K,GOLD SALES ACCOUNT - 18K,GOLD ORNAMENTS 18K,GOLD ORNAMENTS 18K,true,true,true,false
2080,2080,JH/2526/ 569,JH2526569,GOLD SALES ACCOUNT - 18K,GOLD SALES ACCOUNT - 18K,GOLD ORNAMENTS 18K,GOLD ORNAMENTS 18K,true,true,true,false
2081,2081,JH/2526/ 573,JH2526573,GOLD SALES ACCOUNT - 18K,GOLD SALES ACCOUNT - 18K,GOLD ORNAMENTS 18K,GOLD ORNAMENTS 18K,true,true,true,false
2082,2082,JH/2526/ 574,JH2526574,GOLD SALES ACCOUNT - 18K,GOLD SALES ACCOUNT - 18K,GOLD ORNAMENTS 18K,GOLD ORNAMENTS 18K,true,true,true,false
2083,2083,JH/2526/ 575,JH2526575,GOLD SALES ACCOUNT - 18K,GOLD SALES ACCOUNT - 18K,GOLD ORNAMENTS 18K,GOLD ORNAMENTS 18K,true,true,true,false
2084,2084,JH/2526/ 575,JH2526575,GOLD SALES ACCOUNT - 18K,GOLD SALES ACCOUNT - 18K,GOLD ORNAMENTS 18K,GOLD ORNAMENTS 18K,true,true,true,false
2085,2085,JH/2526/ 575,JH2526575,GOLD SALES ACCOUNT - 18K,GOLD SALES ACCOUNT - 18K,GOLD ORNAMENTS 18K,GOLD ORNAMENTS 18K,true,true,true,false
2086,2086,JH/2526/ 575,JH2526575,GOLD SALES ACCOUNT - 18K,GOLD SALES ACCOUNT - 18K,GOLD ORNAMENTS 18K,GOLD ORNAMENTS 18K,true,true,true,false
2087,2087,JH/2526/ 576,JH2526576,GOLD SALES ACCOUNT - 18K,GOLD SALES ACCOUNT - 18K,GOLD ORNAMENTS 18K,GOLD ORNAMENTS 18K,true,true,true,false
2088,2088,JH/2526/ 577,JH2526577,GOLD SALES ACCOUNT - 18K,GOLD SALES ACCOUNT - 18K,GOLD ORNAMENTS 18K,GOLD ORNAMENTS 18K,true,true,true,false
2089,2089,JH/2526/ 578,JH2526578,GOLD SALES ACCOUNT - 18K,GOLD SALES ACCOUNT - 18K,GOLD ORNAMENTS 18K,GOLD ORNAMENTS 18K,true,true,true,false
2090,2090,JH/2526/ 580,JH2526580,GOLD SALES ACCOUNT - 18K,GOLD SALES ACCOUNT - 18K,GOLD ORNAMENTS 18K,GOLD ORNAMENTS 18K,true,true,true,false
2091,2091,JH/2526/ 581,JH2526581,GOLD SALES ACCOUNT - 18K,GOLD SALES ACCOUNT - 18K,GOLD ORNAMENTS 18K,GOLD ORNAMENTS 18K,true,true,true,false
2092,2092,JH/2526/ 582,JH2526582,GOLD SALES ACCOUNT - 18K,GOLD SALES ACCOUNT - 18K,GOLD ORNAMENTS 18K,GOLD ORNAMENTS 18K,true,true,true,false
2093,2093,JH/2526/ 583,JH2526583,GOLD SALES ACCOUNT - 18K,GOLD SALES ACCOUNT - 18K,GOLD ORNAMENTS 18K,GOLD ORNAMENTS 18K,true,true,true,false
2094,2094,JH/2526/ 584,JH2526584,GOLD SALES ACCOUNT - 18K,GOLD SALES ACCOUNT - 18K,GOLD ORNAMENTS 18K,GOLD ORNAMENTS 18K,true,true,true,false
2095,2095,JH/2526/ 588,JH2526588,GOLD SALES ACCOUNT - 18K,GOLD SALES ACCOUNT - 18K,GOLD ORNAMENTS 18K,GOLD ORNAMENTS 18K,true,true,true,false
2096,2096,JH/2526/ 589,JH2526589,GOLD SALES ACCOUNT - 18K,GOLD SALES ACCOUNT - 18K,GOLD ORNAMENTS 18K,GOLD ORNAMENTS 18K,true,true,true,false
2097,2097,JH/2526/ 590,JH2526590,GOLD SALES ACCOUNT - 18K,GOLD SALES ACCOUNT - 18K,GOLD ORNAMENTS 18K,GOLD ORNAMENTS 18K,true,true,true,false
2098,2098,JH/2526/ 592,JH2526592,GOLD SALES ACCOUNT - 18K,GOLD SALES ACCOUNT - 18K,GOLD ORNAMENTS 18K,GOLD ORNAMENTS 18K,true,true,true,false
2099,2099,JH/2526/ 597,JH2526597,GOLD SALES ACCOUNT - 18K,GOLD SALES ACCOUNT - 18K,GOLD ORNAMENTS 18K,GOLD ORNAMENTS 18K,true,true,true,false
2100,2100,JH/2526/ 598,JH2526598,GOLD SALES ACCOUNT - 18K,GOLD SALES ACCOUNT - 18K,GOLD ORNAMENTS 18K,GOLD ORNAMENTS 18K,true,true,true,false
2101,2101,JH/2526/ 600,JH2526600,GOLD SALES ACCOUNT - 18K,GOLD SALES ACCOUNT - 18K,GOLD ORNAMENTS 18K,GOLD ORNAMENTS 18K,true,true,true,false
2102,2102,JH/2526/ 601,JH2526601,GOLD SALES ACCOUNT - 18K,GOLD SALES ACCOUNT - 18K,GOLD ORNAMENTS 18K,GOLD ORNAMENTS 18K,true,true,true,false
2103,2103,JH/2526/ 604,JH2526604,GOLD SALES ACCOUNT - 18K,GOLD SALES ACCOUNT - 18K,GOLD ORNAMENTS 18K,GOLD ORNAMENTS 18K,true,true,true,false
2104,2104,JH/2526/ 605,JH2526605,GOLD SALES ACCOUNT - 18K,GOLD SALES ACCOUNT - 18K,GOLD ORNAMENTS 18K,GOLD ORNAMENTS 18K,true,true,true,false
2105,2105,JH/2526/ 609,JH2526609,GOLD SALES ACCOUNT - 18K,GOLD SALES ACCOUNT - 18K,GOLD ORNAMENTS 18K,GOLD ORNAMENTS 18K,true,true,true,false
2106,2106,JH/2526/ 610,JH2526610,GOLD SALES ACCOUNT - 18K,GOLD SALES ACCOUNT - 18K,GOLD ORNAMENTS 18K,GOLD ORNAMENTS 18K,true,true,true,false
2107,2107,JH/2526/ 614,JH2526614,GOLD SALES ACCOUNT - 18K,GOLD SALES ACCOUNT - 18K,GOLD ORNAMENTS 18K,GOLD ORNAMENTS 18K,true,true,true,false
2108,2108,JH/2526/ 616,JH2526616,GOLD SALES ACCOUNT - 18K,GOLD SALES ACCOUNT - 18K,GOLD ORNAMENTS 18K,GOLD ORNAMENTS 18K,true,true,true,false
2109,2109,JH/2526/ 619,JH2526619,GOLD SALES ACCOUNT - 18K,GOLD SALES ACCOUNT - 18K,GOLD ORNAMENTS 18K,GOLD ORNAMENTS 18K,true,true,true,false
2110,2110,JH/2526/ 620,JH2526620,GOLD SALES ACCOUNT - 18K,GOLD SALES ACCOUNT - 18K,GOLD ORNAMENTS 18K,GOLD ORNAMENTS 18K,true,true,true,false
2111,2111,JH/2526/ 620,JH2526620,GOLD SALES ACCOUNT - 18K,GOLD SALES ACCOUNT - 18K,GOLD ORNAMENTS 18K,GOLD ORNAMENTS 18K,true,true,true,false
2112,2112,JH/2526/ 620,JH2526620,GOLD SALES ACCOUNT - 18K,GOLD SALES ACCOUNT - 18K,GOLD ORNAMENTS 18K,GOLD ORNAMENTS 18K,true,true,true,false
2113,2113,JH/2526/ 620,JH2526620,GOLD SALES ACCOUNT - 18K,GOLD SALES ACCOUNT - 18K,GOLD ORNAMENTS 18K,GOLD ORNAMENTS 18K,true,true,true,false
2114,2114,JH/2526/ 621,JH2526621,GOLD SALES ACCOUNT - 18K,GOLD SALES ACCOUNT - 18K,GOLD ORNAMENTS 18K,GOLD ORNAMENTS 18K,true,true,true,false
2115,2115,JH/2526/ 624,JH2526624,GOLD SALES ACCOUNT - 18K,GOLD SALES ACCOUNT - 18K,GOLD ORNAMENTS 18K,GOLD ORNAMENTS 18K,true,true,true,false
2116,2116,JH/2526/ 626,JH2526626,GOLD SALES ACCOUNT - 18K,GOLD SALES ACCOUNT - 18K,GOLD ORNAMENTS 18K,GOLD ORNAMENTS 18K,true,true,true,false
2117,2117,JH/2526/ 628,JH2526628,GOLD SALES ACCOUNT - 18K,GOLD SALES ACCOUNT - 18K,GOLD ORNAMENTS 18K,GOLD ORNAMENTS 18K,true,true,true,false
2118,2118,JH/2526/ 630,JH2526630,GOLD SALES ACCOUNT - 18K,GOLD SALES ACCOUNT - 18K,GOLD ORNAMENTS 18K,GOLD ORNAMENTS 18K,true,true,true,false
2119,2119,JH/2526/ 630,JH2526630,GOLD SALES ACCOUNT - 18K,GOLD SALES ACCOUNT - 18K,GOLD ORNAMENTS 18K,GOLD ORNAMENTS 18K,true,true,true,false
2120,2120,JH/2526/ 633,JH2526633,GOLD SALES ACCOUNT - 18K,GOLD SALES ACCOUNT - 18K,GOLD ORNAMENTS 18K,GOLD ORNAMENTS 18K,true,true,true,false
2121,2121,JH/2526/ 634,JH2526634,GOLD SALES ACCOUNT - 18K,GOLD SALES ACCOUNT - 18K,GOLD ORNAMENTS 18K,GOLD ORNAMENTS 18K,true,true,true,false
2122,2122,JH/2526/ 636,JH2526636,GOLD SALES ACCOUNT - 18K,GOLD SALES ACCOUNT - 18K,GOLD ORNAMENTS 18K,GOLD ORNAMENTS 18K,true,true,true,false
2123,2123,JH/2526/ 639,JH2526639,GOLD SALES ACCOUNT - 18K,GOLD SALES ACCOUNT - 18K,GOLD ORNAMENTS 18K,GOLD ORNAMENTS 18K,true,true,true,false
2124,2124,JH/2526/ 639,JH2526639,GOLD SALES ACCOUNT - 18K,GOLD SALES ACCOUNT - 18K,GOLD ORNAMENTS 18K,GOLD ORNAMENTS 18K,true,true,true,false
2125,2125,JH/2526/ 639,JH2526639,GOLD SALES ACCOUNT - 18K,GOLD SALES ACCOUNT - 18K,GOLD ORNAMENTS 18K,GOLD ORNAMENTS 18K,true,true,true,false
2126,2126,JH/2526/ 641,JH2526641,GOLD SALES ACCOUNT - 18K,GOLD SALES ACCOUNT - 18K,GOLD ORNAMENTS 18K,GOLD ORNAMENTS 18K,true,true,true,false
2127,2127,JH/2526/ 642,JH2526642,GOLD SALES ACCOUNT - 18K,GOLD SALES ACCOUNT - 18K,GOLD ORNAMENTS 18K,GOLD ORNAMENTS 18K,true,true,true,false
2128,2128,JH/2526/ 646,JH2526646,GOLD SALES ACCOUNT - 18K,GOLD SALES ACCOUNT - 18K,GOLD ORNAMENTS 18K,GOLD ORNAMENTS 18K,true,true,true,false
2129,2129,JH/2526/ 647,JH2526647,GOLD SALES ACCOUNT - 18K,GOLD SALES ACCOUNT - 18K,GOLD ORNAMENTS 18K,GOLD ORNAMENTS 18K,true,true,true,false
2130,2130,JH/2526/ 648,JH2526648,GOLD SALES ACCOUNT - 18K,GOLD SALES ACCOUNT - 18K,GOLD ORNAMENTS 18K,GOLD ORNAMENTS 18K,true,true,true,false
2131,2131,JH/2526/ 650,JH2526650,GOLD SALES ACCOUNT - 18K,GOLD SALES ACCOUNT - 18K,GOLD ORNAMENTS 18K,GOLD ORNAMENTS 18K,true,true,true,false
2132,2132,JH/2526/ 651,JH2526651,GOLD SALES ACCOUNT - 18K,GOLD SALES ACCOUNT - 18K,GOLD ORNAMENTS 18K,GOLD ORNAMENTS 18K,true,true,true,false
2133,2133,JH/2526/ 652,JH2526652,GOLD SALES ACCOUNT - 18K,GOLD SALES ACCOUNT - 18K,GOLD ORNAMENTS 18K,GOLD ORNAMENTS 18K,true,true,true,false
2134,2134,JH/2526/ 654,JH2526654,GOLD SALES ACCOUNT - 18K,GOLD SALES ACCOUNT - 18K,GOLD ORNAMENTS 18K,GOLD ORNAMENTS 18K,true,true,true,false
2135,2135,JH/2526/ 657,JH2526657,GOLD SALES ACCOUNT - 18K,GOLD SALES ACCOUNT - 18K,GOLD ORNAMENTS 18K,GOLD ORNAMENTS 18K,true,true,true,false
2136,2136,JH/2526/ 659,JH2526659,GOLD SALES ACCOUNT - 18K,GOLD SALES ACCOUNT - 18K,GOLD ORNAMENTS 18K,GOLD ORNAMENTS 18K,true,true,true,false
2137,2137,JH/2526/ 661,JH2526661,GOLD SALES ACCOUNT - 18K,GOLD SALES ACCOUNT - 18K,GOLD ORNAMENTS 18K,GOLD ORNAMENTS 18K,true,true,true,false
2138,2138,JH/2526/ 662,JH2526662,GOLD SALES ACCOUNT - 18K,GOLD SALES ACCOUNT - 18K,GOLD ORNAMENTS 18K,GOLD ORNAMENTS 18K,true,true,true,false
2139,2139,JH/2526/ 663,JH2526663,GOLD SALES ACCOUNT - 18K,GOLD SALES ACCOUNT - 18K,GOLD ORNAMENTS 18K,GOLD ORNAMENTS 18K,true,true,true,false
2140,2140,JH/2526/ 669,JH2526669,GOLD SALES ACCOUNT - 18K,GOLD SALES ACCOUNT - 18K,GOLD ORNAMENTS 18K,GOLD ORNAMENTS 18K,true,true,true,false
2141,2141,JH/2526/ 670,JH2526670,GOLD SALES ACCOUNT - 18K,GOLD SALES ACCOUNT - 18K,GOLD ORNAMENTS 18K,GOLD ORNAMENTS 18K,true,true,true,false
2142,2142,JH/2526/ 671,JH2526671,GOLD SALES ACCOUNT - 18K,GOLD SALES ACCOUNT - 18K,GOLD ORNAMENTS 18K,GOLD ORNAMENTS 18K,true,true,true,false
2143,2143,JH/2526/ 674,JH2526674,GOLD SALES ACCOUNT - 18K,GOLD SALES ACCOUNT - 18K,GOLD ORNAMENTS 18K,GOLD ORNAMENTS 18K,true,true,true,false
2144,2144,JH/2526/ 675,JH2526675,GOLD SALES ACCOUNT - 18K,GOLD SALES ACCOUNT - 18K,GOLD ORNAMENTS 18K,GOLD ORNAMENTS 18K,true,true,true,false
2145,2145,JH/2526/ 678,JH2526678,GOLD SALES ACCOUNT - 18K,GOLD SALES ACCOUNT - 18K,GOLD ORNAMENTS 18K,GOLD ORNAMENTS 18K,true,true,true,false
2146,2146,JH/2526/ 680,JH2526680,GOLD SALES ACCOUNT - 18K,GOLD SALES ACCOUNT - 18K,GOLD ORNAMENTS 18K,GOLD ORNAMENTS 18K,true,true,true,false
2147,2147,JH/2526/ 682,JH2526682,GOLD SALES ACCOUNT - 18K,GOLD SALES ACCOUNT - 18K,GOLD ORNAMENTS 18K,GOLD ORNAMENTS 18K,true,true,true,false
2148,2148,JH/2526/ 683,JH2526683,GOLD SALES ACCOUNT - 18K,GOLD SALES ACCOUNT - 18K,GOLD ORNAMENTS 18K,GOLD ORNAMENTS 18K,true,true,true,false
2149,2149,JH/2526/ 684,JH2526684,GOLD SALES ACCOUNT - 18K,GOLD SALES ACCOUNT - 18K,GOLD ORNAMENTS 18K,GOLD ORNAMENTS 18K,true,true,true,false
2150,2150,JH/2526/ 685,JH2526685,GOLD SALES ACCOUNT - 18K,GOLD SALES ACCOUNT - 18K,GOLD ORNAMENTS 18K,GOLD ORNAMENTS 18K,true,true,true,false
2151,2151,JH/2526/ 686,JH2526686,GOLD SALES ACCOUNT - 18K,GOLD SALES ACCOUNT - 18K,GOLD ORNAMENTS 18K,GOLD ORNAMENTS 18K,true,true,true,false
2152,2152,JH/2526/ 687,JH2526687,GOLD SALES ACCOUNT - 18K,GOLD SALES ACCOUNT - 18K,GOLD ORNAMENTS 18K,GOLD ORNAMENTS 18K,true,true,true,false
2153,2153,JH/2526/ 688,JH2526688,GOLD SALES ACCOUNT - 18K,GOLD SALES ACCOUNT - 18K,GOLD ORNAMENTS 18K,GOLD ORNAMENTS 18K,true,true,true,false
2154,2154,JH/2526/ 689,JH2526689,GOLD SALES ACCOUNT - 18K,GOLD SALES ACCOUNT - 18K,GOLD ORNAMENTS 18K,GOLD ORNAMENTS 18K,true,true,true,false
2155,2155,JH/2526/ 689,JH2526689,GOLD SALES ACCOUNT - 18K,GOLD SALES ACCOUNT - 18K,GOLD ORNAMENTS 18K,GOLD ORNAMENTS 18K,true,true,true,false
2156,2156,JH/2526/ 694,JH2526694,GOLD SALES ACCOUNT - 18K,GOLD SALES ACCOUNT - 18K,GOLD ORNAMENTS 18K,GOLD ORNAMENTS 18K,true,true,true,false
2157,2157,JH/2526/ 697,JH2526697,GOLD SALES ACCOUNT - 18K,GOLD SALES ACCOUNT - 18K,GOLD ORNAMENTS 18K,GOLD ORNAMENTS 18K,true,true,true,false
2158,2158,JH/2526/ 697,JH2526697,GOLD SALES ACCOUNT - 18K,GOLD SALES ACCOUNT - 18K,GOLD ORNAMENTS 18K,GOLD ORNAMENTS 18K,true,true,true,false
2159,2159,JH/2526/ 697,JH2526697,GOLD SALES ACCOUNT - 18K,GOLD SALES ACCOUNT - 18K,GOLD ORNAMENTS 18K,GOLD ORNAMENTS 18K,true,true,true,false
2160,2160,JH/2526/ 698,JH2526698,GOLD SALES ACCOUNT - 18K,GOLD SALES ACCOUNT - 18K,GOLD ORNAMENTS 18K,GOLD ORNAMENTS 18K,true,true,true,false
2161,2161,JH/2526/ 699,JH2526699,GOLD SALES ACCOUNT - 18K,GOLD SALES ACCOUNT - 18K,GOLD ORNAMENTS 18K,GOLD ORNAMENTS 18K,true,true,true,false
2162,2162,JH/2526/ 702,JH2526702,GOLD SALES ACCOUNT - 18K,GOLD SALES ACCOUNT - 18K,GOLD ORNAMENTS 18K,GOLD ORNAMENTS 18K,true,true,true,false
2163,2163,JH/2526/ 706,JH2526706,GOLD SALES ACCOUNT - 18K,GOLD SALES ACCOUNT - 18K,GOLD ORNAMENTS 18K,GOLD ORNAMENTS 18K,true,true,true,false
2164,2164,JH/2526/ 709,JH2526709,GOLD SALES ACCOUNT - 18K,GOLD SALES ACCOUNT - 18K,GOLD ORNAMENTS 18K,GOLD ORNAMENTS 18K,true,true,true,false
2165,2165,JH/2526/ 711,JH2526711,GOLD SALES ACCOUNT - 18K,GOLD SALES ACCOUNT - 18K,GOLD ORNAMENTS 18K,GOLD ORNAMENTS 18K,true,true,true,false
2166,2166,JH/2526/ 711,JH2526711,GOLD SALES ACCOUNT - 18K,GOLD SALES ACCOUNT - 18K,GOLD ORNAMENTS 18K,GOLD ORNAMENTS 18K,true,true,true,false
2167,2167,JH/2526/ 711,JH2526711,GOLD SALES ACCOUNT - 18K,GOLD SALES ACCOUNT - 18K,GOLD ORNAMENTS 18K,GOLD ORNAMENTS 18K,true,true,true,false
2168,2168,JH/2526/ 712,JH2526712,GOLD SALES ACCOUNT - 18K,GOLD SALES ACCOUNT - 18K,GOLD ORNAMENTS 18K,GOLD ORNAMENTS 18K,true,true,true,false
2169,2169,JH/2526/ 718,JH2526718,GOLD SALES ACCOUNT - 18K,GOLD SALES ACCOUNT - 18K,GOLD ORNAMENTS 18K,GOLD ORNAMENTS 18K,true,true,true,false
2170,2170,JH/2526/ 720,JH2526720,GOLD SALES ACCOUNT - 18K,GOLD SALES ACCOUNT - 18K,GOLD ORNAMENTS 18K,GOLD ORNAMENTS 18K,true,true,true,false
2171,2171,JH/2526/ 722,JH2526722,GOLD SALES ACCOUNT - 18K,GOLD SALES ACCOUNT - 18K,GOLD ORNAMENTS 18K,GOLD ORNAMENTS 18K,true,true,true,false
2172,2172,JH/2526/ 724,JH2526724,GOLD SALES ACCOUNT - 18K,GOLD SALES ACCOUNT - 18K,GOLD ORNAMENTS 18K,GOLD ORNAMENTS 18K,true,true,true,false
2173,2173,JH/2526/ 726,JH2526726,GOLD SALES ACCOUNT - 18K,GOLD SALES ACCOUNT - 18K,GOLD ORNAMENTS 18K,GOLD ORNAMENTS 18K,true,true,true,false
2174,2174,JH/2526/ 730,JH2526730,GOLD SALES ACCOUNT - 18K,GOLD SALES ACCOUNT - 18K,GOLD ORNAMENTS 18K,GOLD ORNAMENTS 18K,true,true,true,false
2175,2175,JH/2526/ 732,JH2526732,GOLD SALES ACCOUNT - 18K,GOLD SALES ACCOUNT - 18K,GOLD ORNAMENTS 18K,GOLD ORNAMENTS 18K,true,true,true,false
2176,2176,JH/2526/ 733,JH2526733,GOLD SALES ACCOUNT - 18K,GOLD SALES ACCOUNT - 18K,GOLD ORNAMENTS 18K,GOLD ORNAMENTS 18K,true,true,true,false
2177,2177,JH/2526/ 734,JH2526734,GOLD SALES ACCOUNT - 18K,GOLD SALES ACCOUNT - 18K,GOLD ORNAMENTS 18K,GOLD ORNAMENTS 18K,true,true,true,false
2178,2178,JH/2526/ 734,JH2526734,GOLD SALES ACCOUNT - 18K,GOLD SALES ACCOUNT - 18K,GOLD ORNAMENTS 18K,GOLD ORNAMENTS 18K,true,true,true,false
2179,2179,JH/2526/ 736,JH2526736,GOLD SALES ACCOUNT - 18K,GOLD SALES ACCOUNT - 18K,GOLD ORNAMENTS 18K,GOLD ORNAMENTS 18K,true,true,true,false
2180,2180,JH/2526/ 739,JH2526739,GOLD SALES ACCOUNT - 18K,GOLD SALES ACCOUNT - 18K,GOLD ORNAMENTS 18K,GOLD ORNAMENTS 18K,true,true,true,false
2181,2181,JH/2526/ 740,JH2526740,GOLD SALES ACCOUNT - 18K,GOLD SALES ACCOUNT - 18K,GOLD ORNAMENTS 18K,GOLD ORNAMENTS 18K,true,true,true,false
2182,2182,JH/2526/ 744,JH2526744,GOLD SALES ACCOUNT - 18K,GOLD SALES ACCOUNT - 18K,GOLD ORNAMENTS 18K,GOLD ORNAMENTS 18K,true,true,true,false
2183,2183,JH/2526/ 746,JH2526746,GOLD SALES ACCOUNT - 18K,GOLD SALES ACCOUNT - 18K,GOLD ORNAMENTS 18K,GOLD ORNAMENTS 18K,true,true,true,false
2184,2184,JH/2526/ 748,JH2526748,GOLD SALES ACCOUNT - 18K,GOLD SALES ACCOUNT - 18K,GOLD ORNAMENTS 18K,GOLD ORNAMENTS 18K,true,true,true,false
2185,2185,JH/2526/ 750,JH2526750,GOLD SALES ACCOUNT - 18K,GOLD SALES ACCOUNT - 18K,GOLD ORNAMENTS 18K,GOLD ORNAMENTS 18K,true,true,true,false
2186,2186,JH/2526/ 752,JH2526752,GOLD SALES ACCOUNT - 18K,GOLD SALES ACCOUNT - 18K,GOLD ORNAMENTS 18K,GOLD ORNAMENTS 18K,true,true,true,false
2187,2187,JH/2526/ 753,JH2526753,GOLD SALES ACCOUNT - 18K,GOLD SALES ACCOUNT - 18K,GOLD ORNAMENTS 18K,GOLD ORNAMENTS 18K,true,true,true,false
2188,2188,JH/2526/ 753,JH2526753,GOLD SALES ACCOUNT - 18K,GOLD SALES ACCOUNT - 18K,GOLD ORNAMENTS 18K,GOLD ORNAMENTS 18K,true,true,true,false
2189,2189,JH/2526/ 753,JH2526753,GOLD SALES ACCOUNT - 18K,GOLD SALES ACCOUNT - 18K,GOLD ORNAMENTS 18K,GOLD ORNAMENTS 18K,true,true,true,false
2190,2190,JH/2526/ 754,JH2526754,GOLD SALES ACCOUNT - 18K,GOLD SALES ACCOUNT - 18K,GOLD ORNAMENTS 18K,GOLD ORNAMENTS 18K,true,true,true,false
2191,2191,JH/2526/ 756,JH2526756,GOLD SALES ACCOUNT - 18K,GOLD SALES ACCOUNT - 18K,GOLD ORNAMENTS 18K,GOLD ORNAMENTS 18K,true,true,true,false
2192,2192,JH/2526/ 757,JH2526757,GOLD SALES ACCOUNT - 18K,GOLD SALES ACCOUNT - 18K,GOLD ORNAMENTS 18K,GOLD ORNAMENTS 18K,true,true,true,false
2193,2193,JH/2526/ 759,JH2526759,GOLD SALES ACCOUNT - 18K,GOLD SALES ACCOUNT - 18K,GOLD ORNAMENTS 18K,GOLD ORNAMENTS 18K,true,true,true,false
2194,2194,JH/2526/ 761,JH2526761,GOLD SALES ACCOUNT - 18K,GOLD SALES ACCOUNT - 18K,GOLD ORNAMENTS 18K,GOLD ORNAMENTS 18K,true,true,true,false
2195,2195,JH/2526/ 761,JH2526761,GOLD SALES ACCOUNT - 18K,GOLD SALES ACCOUNT - 18K,GOLD ORNAMENTS 18K,GOLD ORNAMENTS 18K,true,true,true,false
2196,2196,JH/2526/ 761,JH2526761,GOLD SALES ACCOUNT - 18K,GOLD SALES ACCOUNT - 18K,GOLD ORNAMENTS 18K,GOLD ORNAMENTS 18K,true,true,true,false
2197,2197,JH/2526/ 761,JH2526761,GOLD SALES ACCOUNT - 18K,GOLD SALES ACCOUNT - 18K,GOLD ORNAMENTS 18K,GOLD ORNAMENTS 18K,true,true,true,false
2198,2198,JH/2526/ 762,JH2526762,GOLD SALES ACCOUNT - 18K,GOLD SALES ACCOUNT - 18K,GOLD ORNAMENTS 18K,GOLD ORNAMENTS 18K,true,true,true,false
2199,2199,JH/2526/ 764,JH2526764,GOLD SALES ACCOUNT - 18K,GOLD SALES ACCOUNT - 18K,GOLD ORNAMENTS 18K,GOLD ORNAMENTS 18K,true,true,true,false
2200,2200,JH/2526/ 767,JH2526767,GOLD SALES ACCOUNT - 18K,GOLD SALES ACCOUNT - 18K,GOLD ORNAMENTS 18K,GOLD ORNAMENTS 18K,true,true,true,false
2201,2201,JH/2526/ 768,JH2526768,GOLD SALES ACCOUNT - 18K,GOLD SALES ACCOUNT - 18K,GOLD ORNAMENTS 18K,GOLD ORNAMENTS 18K,true,true,true,false
2202,2202,JH/2526/ 768,JH2526768,GOLD SALES ACCOUNT - 18K,GOLD SALES ACCOUNT - 18K,GOLD ORNAMENTS 18K,GOLD ORNAMENTS 18K,true,true,true,false
2203,2203,JH/2526/ 769,JH2526769,GOLD SALES ACCOUNT - 18K,GOLD SALES ACCOUNT - 18K,GOLD ORNAMENTS 18K,GOLD ORNAMENTS 18K,true,true,true,false
2204,2204,JH/2526/ 770,JH2526770,GOLD SALES ACCOUNT - 18K,GOLD SALES ACCOUNT - 18K,GOLD ORNAMENTS 18K,GOLD ORNAMENTS 18K,true,true,true,false
2205,2205,JH/B/2526/ 3,JHB25263,GOLD SALES ACCOUNT - 18K,GOLD SALES ACCOUNT - 18K,GOLD ORNAMENTS 18K,GOLD ORNAMENTS 18K,true,true,true,false
2206,2206,JH/B/2526/ 4,JHB25264,GOLD SALES ACCOUNT - 18K,GOLD SALES ACCOUNT - 18K,GOLD ORNAMENTS 18K,GOLD ORNAMENTS 18K,true,true,true,false
2207,2207,JH/2526/ 772,JH2526772,GOLD SALES ACCOUNT - 18K,GOLD SALES ACCOUNT - 18K,GOLD ORNAMENTS 18K,GOLD ORNAMENTS 18K,true,true,true,false
2208,2208,JH/2526/ 775,JH2526775,GOLD SALES ACCOUNT - 18K,GOLD SALES ACCOUNT - 18K,GOLD ORNAMENTS 18K,GOLD ORNAMENTS 18K,true,true,true,false
2209,2209,JH/2526/ 777,JH2526777,GOLD SALES ACCOUNT - 18K,GOLD SALES ACCOUNT - 18K,GOLD ORNAMENTS 18K,GOLD ORNAMENTS 18K,true,true,true,false
2210,2210,JH/2526/ 779,JH2526779,GOLD SALES ACCOUNT - 18K,GOLD SALES ACCOUNT - 18K,GOLD ORNAMENTS 18K,GOLD ORNAMENTS 18K,true,true,true,false
2211,2211,JH/2526/ 783,JH2526783,GOLD SALES ACCOUNT - 18K,GOLD SALES ACCOUNT - 18K,GOLD ORNAMENTS 18K,GOLD ORNAMENTS 18K,true,true,true,false
2212,2212,JH/2526/ 784,JH2526784,GOLD SALES ACCOUNT - 18K,GOLD SALES ACCOUNT - 18K,GOLD ORNAMENTS 18K,GOLD ORNAMENTS 18K,true,true,true,false
2213,2213,JH/2526/ 785,JH2526785,GOLD SALES ACCOUNT - 18K,GOLD SALES ACCOUNT - 18K,GOLD ORNAMENTS 18K,GOLD ORNAMENTS 18K,true,true,true,false
2214,2214,JH/2526/ 786,JH2526786,GOLD SALES ACCOUNT - 18K,GOLD SALES ACCOUNT - 18K,GOLD ORNAMENTS 18K,GOLD ORNAMENTS 18K,true,true,true,false
2215,2215,JH/2526/ 787,JH2526787,GOLD SALES ACCOUNT - 18K,GOLD SALES ACCOUNT - 18K,GOLD ORNAMENTS 18K,GOLD ORNAMENTS 18K,true,true,true,false
2216,2216,JH/2526/ 790,JH2526790,GOLD SALES ACCOUNT - 18K,GOLD SALES ACCOUNT - 18K,GOLD ORNAMENTS 18K,GOLD ORNAMENTS 18K,true,true,true,false
2217,2217,JH/2526/ 795,JH2526795,GOLD SALES ACCOUNT - 18K,GOLD SALES ACCOUNT - 18K,GOLD ORNAMENTS 18K,GOLD ORNAMENTS 18K,true,true,true,false
2218,2218,JH/2526/ 796,JH2526796,GOLD SALES ACCOUNT - 18K,GOLD SALES ACCOUNT - 18K,GOLD ORNAMENTS 18K,GOLD ORNAMENTS 18K,true,true,true,false
2219,2219,JH/2526/ 797,JH2526797,GOLD SALES ACCOUNT - 18K,GOLD SALES ACCOUNT - 18K,GOLD ORNAMENTS 18K,GOLD ORNAMENTS 18K,true,true,true,false
2220,2220,JH/2526/ 800,JH2526800,GOLD SALES ACCOUNT - 18K,GOLD SALES ACCOUNT - 18K,GOLD ORNAMENTS 18K,GOLD ORNAMENTS 18K,true,true,true,false
2221,2221,JH/2526/ 805,JH2526805,GOLD SALES ACCOUNT - 18K,GOLD SALES ACCOUNT - 18K,GOLD ORNAMENTS 18K,GOLD ORNAMENTS 18K,true,true,true,false
2222,2222,JH/2526/ 806,JH2526806,GOLD SALES ACCOUNT - 18K,GOLD SALES ACCOUNT - 18K,GOLD ORNAMENTS 18K,GOLD ORNAMENTS 18K,true,true,true,false
2223,2223,JH/2526/ 807,JH2526807,GOLD SALES ACCOUNT - 18K,GOLD SALES ACCOUNT - 18K,GOLD ORNAMENTS 18K,GOLD ORNAMENTS 18K,true,true,true,false
2224,2224,JH/2526/ 809,JH2526809,GOLD SALES ACCOUNT - 18K,GOLD SALES ACCOUNT - 18K,GOLD ORNAMENTS 18K,GOLD ORNAMENTS 18K,true,true,true,false
2225,2225,JH/2526/ 810,JH2526810,GOLD SALES ACCOUNT - 18K,GOLD SALES ACCOUNT - 18K,GOLD ORNAMENTS 18K,GOLD ORNAMENTS 18K,true,true,true,false
2226,2226,JH/2526/ 811,JH2526811,GOLD SALES ACCOUNT - 18K,GOLD SALES ACCOUNT - 18K,GOLD ORNAMENTS 18K,GOLD ORNAMENTS 18K,true,true,true,false
2227,2227,JH/2526/ 812,JH2526812,GOLD SALES ACCOUNT - 18K,GOLD SALES ACCOUNT - 18K,GOLD ORNAMENTS 18K,GOLD ORNAMENTS 18K,true,true,true,false
2228,2228,JH/2526/ 813,JH2526813,GOLD SALES ACCOUNT - 18K,GOLD SALES ACCOUNT - 18K,GOLD ORNAMENTS 18K,GOLD ORNAMENTS 18K,true,true,true,false
2229,2229,JH/2526/ 813,JH2526813,GOLD SALES ACCOUNT - 18K,GOLD SALES ACCOUNT - 18K,GOLD ORNAMENTS 18K,GOLD ORNAMENTS 18K,true,true,true,false
2230,2230,JH/2526/ 813,JH2526813,GOLD SALES ACCOUNT - 18K,GOLD SALES ACCOUNT - 18K,GOLD ORNAMENTS 18K,GOLD ORNAMENTS 18K,true,true,true,false
2231,2231,JH/2526/ 813,JH2526813,GOLD SALES ACCOUNT - 18K,GOLD SALES ACCOUNT - 18K,GOLD ORNAMENTS 18K,GOLD ORNAMENTS 18K,true,true,true,false
2232,2232,JH/2526/ 813,JH2526813,GOLD SALES ACCOUNT - 18K,GOLD SALES ACCOUNT - 18K,GOLD ORNAMENTS 18K,GOLD ORNAMENTS 18K,true,true,true,false
2233,2233,JH/2526/ 814,JH2526814,GOLD SALES ACCOUNT - 18K,GOLD SALES ACCOUNT - 18K,GOLD ORNAMENTS 18K,GOLD ORNAMENTS 18K,true,true,true,false
2234,2234,JH/2526/ 814,JH2526814,GOLD SALES ACCOUNT - 18K,GOLD SALES ACCOUNT - 18K,GOLD ORNAMENTS 18K,GOLD ORNAMENTS 18K,true,true,true,false
2235,2235,JH/2526/ 816,JH2526816,GOLD SALES ACCOUNT - 18K,GOLD SALES ACCOUNT - 18K,GOLD ORNAMENTS 18K,GOLD ORNAMENTS 18K,true,true,true,false
2236,2236,JH/2526/ 816,JH2526816,GOLD SALES ACCOUNT - 18K,GOLD SALES ACCOUNT - 18K,GOLD ORNAMENTS 18K,GOLD ORNAMENTS 18K,true,true,true,false
2237,2237,JH/2526/ 817,JH2526817,GOLD SALES ACCOUNT - 18K,GOLD SALES ACCOUNT - 18K,GOLD ORNAMENTS 18K,GOLD ORNAMENTS 18K,true,true,true,false
2238,2238,JH/2526/ 818,JH2526818,GOLD SALES ACCOUNT - 18K,GOLD SALES ACCOUNT - 18K,GOLD ORNAMENTS 18K,GOLD ORNAMENTS 18K,true,true,true,false
2239,2239,JH/2526/ 818,JH2526818,GOLD SALES ACCOUNT - 18K,GOLD SALES ACCOUNT - 18K,GOLD ORNAMENTS 18K,GOLD ORNAMENTS 18K,true,true,true,false
2240,2240,JH/2526/ 821,JH2526821,GOLD SALES ACCOUNT - 18K,GOLD SALES ACCOUNT - 18K,GOLD ORNAMENTS 18K,GOLD ORNAMENTS 18K,true,true,true,false
2241,2241,JH/2526/ 823,JH2526823,GOLD SALES ACCOUNT - 18K,GOLD SALES ACCOUNT - 18K,GOLD ORNAMENTS 18K,GOLD ORNAMENTS 18K,true,true,true,false
2242,2242,JH/2526/ 823,JH2526823,GOLD SALES ACCOUNT - 18K,GOLD SALES ACCOUNT - 18K,GOLD ORNAMENTS 18K,GOLD ORNAMENTS 18K,true,true,true,false
2243,2243,JH/2526/ 826,JH2526826,GOLD SALES ACCOUNT - 18K,GOLD SALES ACCOUNT - 18K,GOLD ORNAMENTS 18K,GOLD ORNAMENTS 18K,true,true,true,false
2244,2244,JH/2526/ 827,JH2526827,GOLD SALES ACCOUNT - 18K,GOLD SALES ACCOUNT - 18K,GOLD ORNAMENTS 18K,GOLD ORNAMENTS 18K,true,true,true,false
2245,2245,JH/2526/ 828,JH2526828,GOLD SALES ACCOUNT - 18K,GOLD SALES ACCOUNT - 18K,GOLD ORNAMENTS 18K,GOLD ORNAMENTS 18K,true,true,true,false
2246,2246,JH/2526/ 829,JH2526829,GOLD SALES ACCOUNT - 18K,GOLD SALES ACCOUNT - 18K,GOLD ORNAMENTS 18K,GOLD ORNAMENTS 18K,true,true,true,false
2247,2247,JH/2526/ 832,JH2526832,GOLD SALES ACCOUNT - 18K,GOLD SALES ACCOUNT - 18K,GOLD ORNAMENTS 18K,GOLD ORNAMENTS 18K,true,true,true,false
2248,2248,JH/2526/ 835,JH2526835,GOLD SALES ACCOUNT - 18K,GOLD SALES ACCOUNT - 18K,GOLD ORNAMENTS 18K,GOLD ORNAMENTS 18K,true,true,true,false
2249,2249,JH/2526/ 838,JH2526838,GOLD SALES ACCOUNT - 18K,GOLD SALES ACCOUNT - 18K,GOLD ORNAMENTS 18K,GOLD ORNAMENTS 18K,true,true,true,false
2250,2250,JH/2526/ 843,JH2526843,GOLD SALES ACCOUNT - 18K,GOLD SALES ACCOUNT - 18K,GOLD ORNAMENTS 18K,GOLD ORNAMENTS 18K,true,true,true,false
2251,2251,JH/2526/ 845,JH2526845,GOLD SALES ACCOUNT - 18K,GOLD SALES ACCOUNT - 18K,GOLD ORNAMENTS 18K,GOLD ORNAMENTS 18K,true,true,true,false
2252,2252,JH/2526/ 850,JH2526850,GOLD SALES ACCOUNT - 18K,GOLD SALES ACCOUNT - 18K,GOLD ORNAMENTS 18K,GOLD ORNAMENTS 18K,true,true,true,false
2253,2253,JH/2526/ 850,JH2526850,GOLD SALES ACCOUNT - 18K,GOLD SALES ACCOUNT - 18K,GOLD ORNAMENTS 18K,GOLD ORNAMENTS 18K,true,true,true,false
2254,2254,JH/2526/ 851,JH2526851,GOLD SALES ACCOUNT - 18K,GOLD SALES ACCOUNT - 18K,GOLD ORNAMENTS 18K,GOLD ORNAMENTS 18K,true,true,true,false
2255,2255,JH/2526/ 852,JH2526852,GOLD SALES ACCOUNT - 18K,GOLD SALES ACCOUNT - 18K,GOLD ORNAMENTS 18K,GOLD ORNAMENTS 18K,true,true,true,false
2256,2256,JH/2526/ 853,JH2526853,GOLD SALES ACCOUNT - 18K,GOLD SALES ACCOUNT - 18K,GOLD ORNAMENTS 18K,GOLD ORNAMENTS 18K,true,true,true,false
2257,2257,JH/2526/ 858,JH2526858,GOLD SALES ACCOUNT - 18K,GOLD SALES ACCOUNT - 18K,GOLD ORNAMENTS 18K,GOLD ORNAMENTS 18K,true,true,true,false
2258,2258,JH/2526/ 860,JH2526860,GOLD SALES ACCOUNT - 18K,GOLD SALES ACCOUNT - 18K,GOLD ORNAMENTS 18K,GOLD ORNAMENTS 18K,true,true,true,false
2259,2259,JH/2526/ 863,JH2526863,GOLD SALES ACCOUNT - 18K,GOLD SALES ACCOUNT - 18K,GOLD ORNAMENTS 18K,GOLD ORNAMENTS 18K,true,true,true,false
2260,2260,JH/2526/ 865,JH2526865,GOLD SALES ACCOUNT - 18K,GOLD SALES ACCOUNT - 18K,GOLD ORNAMENTS 18K,GOLD ORNAMENTS 18K,true,true,true,false
2261,2261,JH/2526/ 866,JH2526866,GOLD SALES ACCOUNT - 18K,GOLD SALES ACCOUNT - 18K,GOLD ORNAMENTS 18K,GOLD ORNAMENTS 18K,true,true,true,false
2262,2262,JH/2526/ 868,JH2526868,GOLD SALES ACCOUNT - 18K,GOLD SALES ACCOUNT - 18K,GOLD ORNAMENTS 18K,GOLD ORNAMENTS 18K,true,true,true,false
2263,2263,JH/2526/ 868,JH2526868,GOLD SALES ACCOUNT - 18K,GOLD SALES ACCOUNT - 18K,GOLD ORNAMENTS 18K,GOLD ORNAMENTS 18K,true,true,true,false
2264,2264,JH/2526/ 871,JH2526871,GOLD SALES ACCOUNT - 18K,GOLD SALES ACCOUNT - 18K,GOLD ORNAMENTS 18K,GOLD ORNAMENTS 18K,true,true,true,false
2265,2265,JH/2526/ 872,JH2526872,GOLD SALES ACCOUNT - 18K,GOLD SALES ACCOUNT - 18K,GOLD ORNAMENTS 18K,GOLD ORNAMENTS 18K,true,true,true,false
2266,2266,JH/2526/ 874,JH2526874,GOLD SALES ACCOUNT - 18K,GOLD SALES ACCOUNT - 18K,GOLD ORNAMENTS 18K,GOLD ORNAMENTS 18K,true,true,true,false
2267,2267,JH/2526/ 875,JH2526875,GOLD SALES ACCOUNT - 18K,GOLD SALES ACCOUNT - 18K,GOLD ORNAMENTS 18K,GOLD ORNAMENTS 18K,true,true,true,false
2268,2268,JH/2526/ 879,JH2526879,GOLD SALES ACCOUNT - 18K,GOLD SALES ACCOUNT - 18K,GOLD ORNAMENTS 18K,GOLD ORNAMENTS 18K,true,true,true,false
2269,2269,JH/2526/ 879,JH2526879,GOLD SALES ACCOUNT - 18K,GOLD SALES ACCOUNT - 18K,GOLD ORNAMENTS 18K,GOLD ORNAMENTS 18K,true,true,true,false
2270,2270,JH/2526/ 880,JH2526880,GOLD SALES ACCOUNT - 18K,GOLD SALES ACCOUNT - 18K,GOLD ORNAMENTS 18K,GOLD ORNAMENTS 18K,true,true,true,false
2271,2271,JH/2526/ 883,JH2526883,GOLD SALES ACCOUNT - 18K,GOLD SALES ACCOUNT - 18K,GOLD ORNAMENTS 18K,GOLD ORNAMENTS 18K,true,true,true,false
2272,2272,JH/2526/ 886,JH2526886,GOLD SALES ACCOUNT - 18K,GOLD SALES ACCOUNT - 18K,GOLD ORNAMENTS 18K,GOLD ORNAMENTS 18K,true,true,true,false
2273,2273,JH/2526/ 888,JH2526888,GOLD SALES ACCOUNT - 18K,GOLD SALES ACCOUNT - 18K,GOLD ORNAMENTS 18K,GOLD ORNAMENTS 18K,true,true,true,false
2274,2274,JH/2526/ 891,JH2526891,GOLD SALES ACCOUNT - 18K,GOLD SALES ACCOUNT - 18K,GOLD ORNAMENTS 18K,GOLD ORNAMENTS 18K,true,true,true,false
2275,2275,JH/2526/ 892,JH2526892,GOLD SALES ACCOUNT - 18K,GOLD SALES ACCOUNT - 18K,GOLD ORNAMENTS 18K,GOLD ORNAMENTS 18K,true,true,true,false
2276,2276,JH/2526/ 895,JH2526895,GOLD SALES ACCOUNT - 18K,GOLD SALES ACCOUNT - 18K,GOLD ORNAMENTS 18K,GOLD ORNAMENTS 18K,true,true,true,false
2277,2277,JH/2526/ 898,JH2526898,GOLD SALES ACCOUNT - 18K,GOLD SALES ACCOUNT - 18K,GOLD ORNAMENTS 18K,GOLD ORNAMENTS 18K,true,true,true,false
2278,2278,JH/2526/ 900,JH2526900,GOLD SALES ACCOUNT - 18K,GOLD SALES ACCOUNT - 18K,GOLD ORNAMENTS 18K,GOLD ORNAMENTS 18K,true,true,true,false
2279,2279,JH/2526/ 902,JH2526902,GOLD SALES ACCOUNT - 18K,GOLD SALES ACCOUNT - 18K,GOLD ORNAMENTS 18K,GOLD ORNAMENTS 18K,true,true,true,false
2280,2280,JH/2526/ 905,JH2526905,GOLD SALES ACCOUNT - 18K,GOLD SALES ACCOUNT - 18K,GOLD ORNAMENTS 18K,GOLD ORNAMENTS 18K,true,true,true,false
2281,2281,JH/2526/ 908,JH2526908,GOLD SALES ACCOUNT - 18K,GOLD SALES ACCOUNT - 18K,GOLD ORNAMENTS 18K,GOLD ORNAMENTS 18K,true,true,true,false
2282,2282,JH/2526/ 909,JH2526909,GOLD SALES ACCOUNT - 18K,GOLD SALES ACCOUNT - 18K,GOLD ORNAMENTS 18K,GOLD ORNAMENTS 18K,true,true,true,false
2283,2283,JH/2526/ 910,JH2526910,GOLD SALES ACCOUNT - 18K,GOLD SALES ACCOUNT - 18K,GOLD ORNAMENTS 18K,GOLD ORNAMENTS 18K,true,true,true,false
2284,2284,JH/2526/ 910,JH2526910,GOLD SALES ACCOUNT - 18K,GOLD SALES ACCOUNT - 18K,GOLD ORNAMENTS 18K,GOLD ORNAMENTS 18K,true,true,true,false
2285,2285,JH/2526/ 910,JH2526910,GOLD SALES ACCOUNT - 18K,GOLD SALES ACCOUNT - 18K,GOLD ORNAMENTS 18K,GOLD ORNAMENTS 18K,true,true,true,false
2286,2286,JH/2526/ 913,JH2526913,GOLD SALES ACCOUNT - 18K,GOLD SALES ACCOUNT - 18K,GOLD ORNAMENTS 18K,GOLD ORNAMENTS 18K,true,true,true,false
2287,2287,JH/2526/ 913,JH2526913,GOLD SALES ACCOUNT - 18K,GOLD SALES ACCOUNT - 18K,GOLD ORNAMENTS 18K,GOLD ORNAMENTS 18K,true,true,true,false
2288,2288,JH/2526/ 915,JH2526915,GOLD SALES ACCOUNT - 18K,GOLD SALES ACCOUNT - 18K,GOLD ORNAMENTS 18K,GOLD ORNAMENTS 18K,true,true,true,false
2289,2289,JH/2526/ 916,JH2526916,GOLD SALES ACCOUNT - 18K,GOLD SALES ACCOUNT - 18K,GOLD ORNAMENTS 18K,GOLD ORNAMENTS 18K,true,true,true,false
2290,2290,JH/2526/ 916,JH2526916,GOLD SALES ACCOUNT - 18K,GOLD SALES ACCOUNT - 18K,GOLD ORNAMENTS 18K,GOLD ORNAMENTS 18K,true,true,true,false
2291,2291,JH/2526/ 917,JH2526917,GOLD SALES ACCOUNT - 18K,GOLD SALES ACCOUNT - 18K,GOLD ORNAMENTS 18K,GOLD ORNAMENTS 18K,true,true,true,false
2292,2292,JH/2526/ 917,JH2526917,GOLD SALES ACCOUNT - 18K,GOLD SALES ACCOUNT - 18K,GOLD ORNAMENTS 18K,GOLD ORNAMENTS 18K,true,true,true,false
2293,2293,JH/2526/ 918,JH2526918,GOLD SALES ACCOUNT - 18K,GOLD SALES ACCOUNT - 18K,GOLD ORNAMENTS 18K,GOLD ORNAMENTS 18K,true,true,true,false
2294,2294,JH/2526/ 919,JH2526919,GOLD SALES ACCOUNT - 18K,GOLD SALES ACCOUNT - 18K,GOLD ORNAMENTS 18K,GOLD ORNAMENTS 18K,true,true,true,false
2295,2295,JH/2526/ 921,JH2526921,GOLD SALES ACCOUNT - 18K,GOLD SALES ACCOUNT - 18K,GOLD ORNAMENTS 18K,GOLD ORNAMENTS 18K,true,true,true,false
2296,2296,JH/2526/ 921,JH2526921,GOLD SALES ACCOUNT - 18K,GOLD SALES ACCOUNT - 18K,GOLD ORNAMENTS 18K,GOLD ORNAMENTS 18K,true,true,true,false
2297,2297,JH/2526/ 922,JH2526922,GOLD SALES ACCOUNT - 18K,GOLD SALES ACCOUNT - 18K,GOLD ORNAMENTS 18K,GOLD ORNAMENTS 18K,true,true,true,false
2298,2298,JH/2526/ 922,JH2526922,GOLD SALES ACCOUNT - 18K,GOLD SALES ACCOUNT - 18K,GOLD ORNAMENTS 18K,GOLD ORNAMENTS 18K,true,true,true,false
2299,2299,JH/2526/ 925,JH2526925,GOLD SALES ACCOUNT - 18K,GOLD SALES ACCOUNT - 18K,GOLD ORNAMENTS 18K,GOLD ORNAMENTS 18K,true,true,true,false
2300,2300,JH/2526/ 928,JH2526928,GOLD SALES ACCOUNT - 18K,GOLD SALES ACCOUNT - 18K,GOLD ORNAMENTS 18K,GOLD ORNAMENTS 18K,true,true,true,false
2301,2301,JH/2526/ 928,JH2526928,GOLD SALES ACCOUNT - 18K,GOLD SALES ACCOUNT - 18K,GOLD ORNAMENTS 18K,GOLD ORNAMENTS 18K,true,true,true,false
2302,2302,JH/2526/ 929,JH2526929,GOLD SALES ACCOUNT - 18K,GOLD SALES ACCOUNT - 18K,GOLD ORNAMENTS 18K,GOLD ORNAMENTS 18K,true,true,true,false
2303,2303,JH/2526/ 930,JH2526930,GOLD SALES ACCOUNT - 18K,GOLD SALES ACCOUNT - 18K,GOLD ORNAMENTS 18K,GOLD ORNAMENTS 18K,true,true,true,false
2304,2304,JH/2526/ 933,JH2526933,GOLD SALES ACCOUNT - 18K,GOLD SALES ACCOUNT - 18K,GOLD ORNAMENTS 18K,GOLD ORNAMENTS 18K,true,true,true,false
2305,2305,JH/2526/ 934,JH2526934,GOLD SALES ACCOUNT - 18K,GOLD SALES ACCOUNT - 18K,GOLD ORNAMENTS 18K,GOLD ORNAMENTS 18K,true,true,true,false
2306,2306,JH/2526/ 935,JH2526935,GOLD SALES ACCOUNT - 18K,GOLD SALES ACCOUNT - 18K,GOLD ORNAMENTS 18K,GOLD ORNAMENTS 18K,true,true,true,false
2307,2307,JH/2526/ 936,JH2526936,GOLD SALES ACCOUNT - 18K,GOLD SALES ACCOUNT - 18K,GOLD ORNAMENTS 18K,GOLD ORNAMENTS 18K,true,true,true,false
2308,2308,JH/2526/ 936,JH2526936,GOLD SALES ACCOUNT - 18K,GOLD SALES ACCOUNT - 18K,GOLD ORNAMENTS 18K,GOLD ORNAMENTS 18K,true,true,true,false
2309,2309,JH/2526/ 936,JH2526936,GOLD SALES ACCOUNT - 18K,GOLD SALES ACCOUNT - 18K,GOLD ORNAMENTS 18K,GOLD ORNAMENTS 18K,true,true,true,false
2310,2310,JH/2526/ 936,JH2526936,GOLD SALES ACCOUNT - 18K,GOLD SALES ACCOUNT - 18K,GOLD ORNAMENTS 18K,GOLD ORNAMENTS 18K,true,true,true,false
2311,2311,JH/2526/ 937,JH2526937,GOLD SALES ACCOUNT - 18K,GOLD SALES ACCOUNT - 18K,GOLD ORNAMENTS 18K,GOLD ORNAMENTS 18K,true,true,true,false
2312,2312,JH/2526/ 938,JH2526938,GOLD SALES ACCOUNT - 18K,GOLD SALES ACCOUNT - 18K,GOLD ORNAMENTS 18K,GOLD ORNAMENTS 18K,true,true,true,false
2313,2313,JH/2526/ 939,JH2526939,GOLD SALES ACCOUNT - 18K,GOLD SALES ACCOUNT - 18K,GOLD ORNAMENTS 18K,GOLD ORNAMENTS 18K,true,true,true,false
2314,2314,JH/2526/ 940,JH2526940,GOLD SALES ACCOUNT - 18K,GOLD SALES ACCOUNT - 18K,GOLD ORNAMENTS 18K,GOLD ORNAMENTS 18K,true,true,true,false
2315,2315,JH/2526/ 940,JH2526940,GOLD SALES ACCOUNT - 18K,GOLD SALES ACCOUNT - 18K,GOLD ORNAMENTS 18K,GOLD ORNAMENTS 18K,true,true,true,false
2316,2316,JH/2526/ 940,JH2526940,GOLD SALES ACCOUNT - 18K,GOLD SALES ACCOUNT - 18K,GOLD ORNAMENTS 18K,GOLD ORNAMENTS 18K,true,true,true,false
2317,2317,JH/2526/ 940,JH2526940,GOLD SALES ACCOUNT - 18K,GOLD SALES ACCOUNT - 18K,GOLD ORNAMENTS 18K,GOLD ORNAMENTS 18K,true,true,true,false
2318,2318,JH/2526/ 941,JH2526941,GOLD SALES ACCOUNT - 18K,GOLD SALES ACCOUNT - 18K,GOLD ORNAMENTS 18K,GOLD ORNAMENTS 18K,true,true,true,false
2319,2319,JH/2526/ 942,JH2526942,GOLD SALES ACCOUNT - 18K,GOLD SALES ACCOUNT - 18K,GOLD ORNAMENTS 18K,GOLD ORNAMENTS 18K,true,true,true,false
2320,2320,JH/2526/ 944,JH2526944,GOLD SALES ACCOUNT - 18K,GOLD SALES ACCOUNT - 18K,GOLD ORNAMENTS 18K,GOLD ORNAMENTS 18K,true,true,true,false
2321,2321,JH/2526/ 948,JH2526948,GOLD SALES ACCOUNT - 18K,GOLD SALES ACCOUNT - 18K,GOLD ORNAMENTS 18K,GOLD ORNAMENTS 18K,true,true,true,false
2322,2322,JH/2526/ 950,JH2526950,GOLD SALES ACCOUNT - 18K,GOLD SALES ACCOUNT - 18K,GOLD ORNAMENTS 18K,GOLD ORNAMENTS 18K,true,true,true,false
2323,2323,JH/2526/ 951,JH2526951,GOLD SALES ACCOUNT - 18K,GOLD SALES ACCOUNT - 18K,GOLD ORNAMENTS 18K,GOLD ORNAMENTS 18K,true,true,true,false
2324,2324,JH/2526/ 953,JH2526953,GOLD SALES ACCOUNT - 18K,GOLD SALES ACCOUNT - 18K,GOLD ORNAMENTS 18K,GOLD ORNAMENTS 18K,true,true,true,false
2325,2325,JH/2526/ 956,JH2526956,GOLD SALES ACCOUNT - 18K,GOLD SALES ACCOUNT - 18K,GOLD ORNAMENTS 18K,GOLD ORNAMENTS 18K,true,true,true,false
2326,2326,JH/2526/ 959,JH2526959,GOLD SALES ACCOUNT - 18K,GOLD SALES ACCOUNT - 18K,GOLD ORNAMENTS 18K,GOLD ORNAMENTS 18K,true,true,true,false
2327,2327,JH/2526/ 960,JH2526960,GOLD SALES ACCOUNT - 18K,GOLD SALES ACCOUNT - 18K,GOLD ORNAMENTS 18K,GOLD ORNAMENTS 18K,true,true,true,false
2328,2328,JH/2526/ 963,JH2526963,GOLD SALES ACCOUNT - 18K,GOLD SALES ACCOUNT - 18K,GOLD ORNAMENTS 18K,GOLD ORNAMENTS 18K,true,true,true,false
2329,2329,JH/2526/ 966,JH2526966,GOLD SALES ACCOUNT - 18K,GOLD SALES ACCOUNT - 18K,GOLD ORNAMENTS 18K,GOLD ORNAMENTS 18K,true,true,true,false
2330,2330,JH/2526/ 969,JH2526969,GOLD SALES ACCOUNT - 18K,GOLD SALES ACCOUNT - 18K,GOLD ORNAMENTS 18K,GOLD ORNAMENTS 18K,true,true,true,false
2331,2331,JH/2526/ 971,JH2526971,GOLD SALES ACCOUNT - 18K,GOLD SALES ACCOUNT - 18K,GOLD ORNAMENTS 18K,GOLD ORNAMENTS 18K,true,true,true,false
2332,2332,JH/2526/ 972,JH2526972,GOLD SALES ACCOUNT - 18K,GOLD SALES ACCOUNT - 18K,GOLD ORNAMENTS 18K,GOLD ORNAMENTS 18K,true,true,true,false
2333,2333,JH/2526/ 975,JH2526975,GOLD SALES ACCOUNT - 18K,GOLD SALES ACCOUNT - 18K,GOLD ORNAMENTS 18K,GOLD ORNAMENTS 18K,true,true,true,false
2334,2334,JH/2526/ 975,JH2526975,GOLD SALES ACCOUNT - 18K,GOLD SALES ACCOUNT - 18K,GOLD ORNAMENTS 18K,GOLD ORNAMENTS 18K,true,true,true,false
2335,2335,JH/2526/ 978,JH2526978,GOLD SALES ACCOUNT - 18K,GOLD SALES ACCOUNT - 18K,GOLD ORNAMENTS 18K,GOLD ORNAMENTS 18K,true,true,true,false
2336,2336,JH/2526/ 983,JH2526983,GOLD SALES ACCOUNT - 18K,GOLD SALES ACCOUNT - 18K,GOLD ORNAMENTS 18K,GOLD ORNAMENTS 18K,true,true,true,false
2337,2337,JH/2526/ 984,JH2526984,GOLD SALES ACCOUNT - 18K,GOLD SALES ACCOUNT - 18K,GOLD ORNAMENTS 18K,GOLD ORNAMENTS 18K,true,true,true,false
2338,2338,JH/2526/ 985,JH2526985,GOLD SALES ACCOUNT - 18K,GOLD SALES ACCOUNT - 18K,GOLD ORNAMENTS 18K,GOLD ORNAMENTS 18K,true,true,true,false
2339,2339,JH/2526/ 987,JH2526987,GOLD SALES ACCOUNT - 18K,GOLD SALES ACCOUNT - 18K,GOLD ORNAMENTS 18K,GOLD ORNAMENTS 18K,true,true,true,false
2340,2340,JH/2526/ 990,JH2526990,GOLD SALES ACCOUNT - 18K,GOLD SALES ACCOUNT - 18K,GOLD ORNAMENTS 18K,GOLD ORNAMENTS 18K,true,true,true,false
2341,2341,JH/2526/ 991,JH2526991,GOLD SALES ACCOUNT - 18K,GOLD SALES ACCOUNT - 18K,GOLD ORNAMENTS 18K,GOLD ORNAMENTS 18K,true,true,true,false
2342,2342,JH/2526/ 992,JH2526992,GOLD SALES ACCOUNT - 18K,GOLD SALES ACCOUNT - 18K,GOLD ORNAMENTS 18K,GOLD ORNAMENTS 18K,true,true,true,false
2343,2343,JH/2526/ 994,JH2526994,GOLD SALES ACCOUNT - 18K,GOLD SALES ACCOUNT - 18K,GOLD ORNAMENTS 18K,GOLD ORNAMENTS 18K,true,true,true,false
2344,2344,JH/2526/ 995,JH2526995,GOLD SALES ACCOUNT - 18K,GOLD SALES ACCOUNT - 18K,GOLD ORNAMENTS 18K,GOLD ORNAMENTS 18K,true,true,true,false
2345,2345,JH/2526/ 997,JH2526997,GOLD SALES ACCOUNT - 18K,GOLD SALES ACCOUNT - 18K,GOLD ORNAMENTS 18K,GOLD ORNAMENTS 18K,true,true,true,false
2346,2346,JH/2526/ 997,JH2526997,GOLD SALES ACCOUNT - 18K,GOLD SALES ACCOUNT - 18K,GOLD ORNAMENTS 18K,GOLD ORNAMENTS 18K,true,true,true,false
2347,2347,JH/2526/ 998,JH2526998,GOLD SALES ACCOUNT - 18K,GOLD SALES ACCOUNT - 18K,GOLD ORNAMENTS 18K,GOLD ORNAMENTS 18K,true,true,true,false
2348,2348,JH/2526/ 998,JH2526998,GOLD SALES ACCOUNT - 18K,GOLD SALES ACCOUNT - 18K,GOLD ORNAMENTS 18K,GOLD ORNAMENTS 18K,true,true,true,false
2349,2349,JH/2526/ 1001,JH25261001,GOLD SALES ACCOUNT - 18K,GOLD SALES ACCOUNT - 18K,GOLD ORNAMENTS 18K,GOLD ORNAMENTS 18K,true,true,true,false
2350,2350,JH/2526/ 1003,JH25261003,GOLD SALES ACCOUNT - 18K,GOLD SALES ACCOUNT - 18K,GOLD ORNAMENTS 18K,GOLD ORNAMENTS 18K,true,true,true,false
2351,2351,JH/2526/ 1005,JH25261005,GOLD SALES ACCOUNT - 18K,GOLD SALES ACCOUNT - 18K,GOLD ORNAMENTS 18K,GOLD ORNAMENTS 18K,true,true,true,false
2352,2352,JH/2526/ 1008,JH25261008,GOLD SALES ACCOUNT - 18K,GOLD SALES ACCOUNT - 18K,GOLD ORNAMENTS 18K,GOLD ORNAMENTS 18K,true,true,true,false
2353,2353,JH/2526/ 1011,JH25261011,GOLD SALES ACCOUNT - 18K,GOLD SALES ACCOUNT - 18K,GOLD ORNAMENTS 18K,GOLD ORNAMENTS 18K,true,true,true,false
2354,2354,JH/2526/ 1014,JH25261014,GOLD SALES ACCOUNT - 18K,GOLD SALES ACCOUNT - 18K,GOLD ORNAMENTS 18K,GOLD ORNAMENTS 18K,true,true,true,false
2355,2355,JH/2526/ 1017,JH25261017,GOLD SALES ACCOUNT - 18K,GOLD SALES ACCOUNT - 18K,GOLD ORNAMENTS 18K,GOLD ORNAMENTS 18K,true,true,true,false
2356,2356,JH/2526/ 1019,JH25261019,GOLD SALES ACCOUNT - 18K,GOLD SALES ACCOUNT - 18K,GOLD ORNAMENTS 18K,GOLD ORNAMENTS 18K,true,true,true,false
2357,2357,JH/2526/ 1022,JH25261022,GOLD SALES ACCOUNT - 18K,GOLD SALES ACCOUNT - 18K,GOLD ORNAMENTS 18K,GOLD ORNAMENTS 18K,true,true,true,false
2358,2358,JH/2526/ 1023,JH25261023,GOLD SALES ACCOUNT - 18K,GOLD SALES ACCOUNT - 18K,GOLD ORNAMENTS 18K,GOLD ORNAMENTS 18K,true,true,true,false
2359,2359,JH/2526/ 1025,JH25261025,GOLD SALES ACCOUNT - 18K,GOLD SALES ACCOUNT - 18K,GOLD ORNAMENTS 18K,GOLD ORNAMENTS 18K,true,true,true,false
2360,2360,JH/2526/ 1029,JH25261029,GOLD SALES ACCOUNT - 18K,GOLD SALES ACCOUNT - 18K,GOLD ORNAMENTS 18K,GOLD ORNAMENTS 18K,true,true,true,false
2361,2361,JH/2526/ 1032,JH25261032,GOLD SALES ACCOUNT - 18K,GOLD SALES ACCOUNT - 18K,GOLD ORNAMENTS 18K,GOLD ORNAMENTS 18K,true,true,true,false
2362,2362,JH/2526/ 1033,JH25261033,GOLD SALES ACCOUNT - 18K,GOLD SALES ACCOUNT - 18K,GOLD ORNAMENTS 18K,GOLD ORNAMENTS 18K,true,true,true,false
2363,2363,JH/2526/ 1034,JH25261034,GOLD SALES ACCOUNT - 18K,GOLD SALES ACCOUNT - 18K,GOLD ORNAMENTS 18K,GOLD ORNAMENTS 18K,true,true,true,false
2364,2364,JH/2526/ 1038,JH25261038,GOLD SALES ACCOUNT - 18K,GOLD SALES ACCOUNT - 18K,GOLD ORNAMENTS 18K,GOLD ORNAMENTS 18K,true,true,true,false
2365,2365,JH/2526/ 1039,JH25261039,GOLD SALES ACCOUNT - 18K,GOLD SALES ACCOUNT - 18K,GOLD ORNAMENTS 18K,GOLD ORNAMENTS 18K,true,true,true,false
2366,2366,JH/2526/ 1040,JH25261040,GOLD SALES ACCOUNT - 18K,GOLD SALES ACCOUNT - 18K,GOLD ORNAMENTS 18K,GOLD ORNAMENTS 18K,true,true,true,false
2367,2367,JH/2526/ 1042,JH25261042,GOLD SALES ACCOUNT - 18K,GOLD SALES ACCOUNT - 18K,GOLD ORNAMENTS 18K,GOLD ORNAMENTS 18K,true,true,true,false
2368,2368,JH/2526/ 1048,JH25261048,GOLD SALES ACCOUNT - 18K,GOLD SALES ACCOUNT - 18K,GOLD ORNAMENTS 18K,GOLD ORNAMENTS 18K,true,true,true,false
2369,2369,JH/2526/ 1048,JH25261048,GOLD SALES ACCOUNT - 18K,GOLD SALES ACCOUNT - 18K,GOLD ORNAMENTS 18K,GOLD ORNAMENTS 18K,true,true,true,false
2370,2370,JH/2526/ 1048,JH25261048,GOLD SALES ACCOUNT - 18K,GOLD SALES ACCOUNT - 18K,GOLD ORNAMENTS 18K,GOLD ORNAMENTS 18K,true,true,true,false
2371,2371,JH/2526/ 1048,JH25261048,GOLD SALES ACCOUNT - 18K,GOLD SALES ACCOUNT - 18K,GOLD ORNAMENTS 18K,GOLD ORNAMENTS 18K,true,true,true,false
2372,2372,JH/2526/ 1049,JH25261049,GOLD SALES ACCOUNT - 18K,GOLD SALES ACCOUNT - 18K,GOLD ORNAMENTS 18K,GOLD ORNAMENTS 18K,true,true,true,false
2373,2373,JH/2526/ 1049,JH25261049,GOLD SALES ACCOUNT - 18K,GOLD SALES ACCOUNT - 18K,GOLD ORNAMENTS 18K,GOLD ORNAMENTS 18K,true,true,true,false
2374,2374,JH/B/2526/ 8,JHB25268,GOLD SALES ACCOUNT - 18K,GOLD SALES ACCOUNT - 18K,GOLD ORNAMENTS 18K,GOLD ORNAMENTS 18K,true,true,true,false
2375,2375,JH/B/2526/ 9,JHB25269,GOLD SALES ACCOUNT - 18K,GOLD SALES ACCOUNT - 18K,GOLD ORNAMENTS 18K,GOLD ORNAMENTS 18K,true,true,true,false
2376,2376,JH/B/2526/ 10,JHB252610,GOLD SALES ACCOUNT - 18K,GOLD SALES ACCOUNT - 18K,GOLD ORNAMENTS 18K,GOLD ORNAMENTS 18K,true,true,true,false
2377,2377,JH/B/2526/ 11,JHB252611,GOLD SALES ACCOUNT - 18K,GOLD SALES ACCOUNT - 18K,GOLD ORNAMENTS 18K,GOLD ORNAMENTS 18K,true,true,true,false
2378,2378,JH/B/2526/ 12,JHB252612,GOLD SALES ACCOUNT - 18K,GOLD SALES ACCOUNT - 18K,GOLD ORNAMENTS 18K,GOLD ORNAMENTS 18K,true,true,true,false
2379,2379,JH/B/2526/ 13,JHB252613,GOLD SALES ACCOUNT - 18K,GOLD SALES ACCOUNT - 18K,GOLD ORNAMENTS 18K,GOLD ORNAMENTS 18K,true,true,true,false
2380,2380,JH/2526/ 1050,JH25261050,GOLD SALES ACCOUNT - 18K,GOLD SALES ACCOUNT - 18K,GOLD ORNAMENTS 18K,GOLD ORNAMENTS 18K,true,true,true,false
2381,2381,JH/2526/ 1053,JH25261053,GOLD SALES ACCOUNT - 18K,GOLD SALES ACCOUNT - 18K,GOLD ORNAMENTS 18K,GOLD ORNAMENTS 18K,true,true,true,false
2382,2382,JH/2526/ 1056,JH25261056,GOLD SALES ACCOUNT - 18K,GOLD SALES ACCOUNT - 18K,GOLD ORNAMENTS 18K,GOLD ORNAMENTS 18K,true,true,true,false
2383,2383,JH/2526/ 1059,JH25261059,GOLD SALES ACCOUNT - 18K,GOLD SALES ACCOUNT - 18K,GOLD ORNAMENTS 18K,GOLD ORNAMENTS 18K,true,true,true,false
2384,2384,JH/2526/ 1061,JH25261061,GOLD SALES ACCOUNT - 18K,GOLD SALES ACCOUNT - 18K,GOLD ORNAMENTS 18K,GOLD ORNAMENTS 18K,true,true,true,false
2385,2385,JH/2526/ 1064,JH25261064,GOLD SALES ACCOUNT - 18K,GOLD SALES ACCOUNT - 18K,GOLD ORNAMENTS 18K,GOLD ORNAMENTS 18K,true,true,true,false
2386,2386,JH/2526/ 1065,JH25261065,GOLD SALES ACCOUNT - 18K,GOLD SALES ACCOUNT - 18K,GOLD ORNAMENTS 18K,GOLD ORNAMENTS 18K,true,true,true,false
2387,2387,JH/2526/ 1066,JH25261066,GOLD SALES ACCOUNT - 18K,GOLD SALES ACCOUNT - 18K,GOLD ORNAMENTS 18K,GOLD ORNAMENTS 18K,true,true,true,false
2388,2388,JH/2526/ 1067,JH25261067,GOLD SALES ACCOUNT - 18K,GOLD SALES ACCOUNT - 18K,GOLD ORNAMENTS 18K,GOLD ORNAMENTS 18K,true,true,true,false
2389,2389,JH/2526/ 1067,JH25261067,GOLD SALES ACCOUNT - 18K,GOLD SALES ACCOUNT - 18K,GOLD ORNAMENTS 18K,GOLD ORNAMENTS 18K,true,true,true,false
2390,2390,JH/2526/ 1068,JH25261068,GOLD SALES ACCOUNT - 18K,GOLD SALES ACCOUNT - 18K,GOLD ORNAMENTS 18K,GOLD ORNAMENTS 18K,true,true,true,false
2391,2391,JH/2526/ 1069,JH25261069,GOLD SALES ACCOUNT - 18K,GOLD SALES ACCOUNT - 18K,GOLD ORNAMENTS 18K,GOLD ORNAMENTS 18K,true,true,true,false
2392,2392,JH/2526/ 1070,JH25261070,GOLD SALES ACCOUNT - 18K,GOLD SALES ACCOUNT - 18K,GOLD ORNAMENTS 18K,GOLD ORNAMENTS 18K,true,true,true,false
2393,2393,JH/2526/ 1072,JH25261072,GOLD SALES ACCOUNT - 18K,GOLD SALES ACCOUNT - 18K,GOLD ORNAMENTS 18K,GOLD ORNAMENTS 18K,true,true,true,false
2394,2394,JH/2526/ 1076,JH25261076,GOLD SALES ACCOUNT - 18K,GOLD SALES ACCOUNT - 18K,GOLD ORNAMENTS 18K,GOLD ORNAMENTS 18K,true,true,true,false
2395,2395,JH/2526/ 1077,JH25261077,GOLD SALES ACCOUNT - 18K,GOLD SALES ACCOUNT - 18K,GOLD ORNAMENTS 18K,GOLD ORNAMENTS 18K,true,true,true,false
2396,2396,JH/2526/ 1078,JH25261078,GOLD SALES ACCOUNT - 18K,GOLD SALES ACCOUNT - 18K,GOLD ORNAMENTS 18K,GOLD ORNAMENTS 18K,true,true,true,false
2397,2397,JH/2526/ 1079,JH25261079,GOLD SALES ACCOUNT - 18K,GOLD SALES ACCOUNT - 18K,GOLD ORNAMENTS 18K,GOLD ORNAMENTS 18K,true,true,true,false
2398,2398,JH/2526/ 1079,JH25261079,GOLD SALES ACCOUNT - 18K,GOLD SALES ACCOUNT - 18K,GOLD ORNAMENTS 18K,GOLD ORNAMENTS 18K,true,true,true,false
2399,2399,JH/2526/ 1080,JH25261080,GOLD SALES ACCOUNT - 18K,GOLD SALES ACCOUNT - 18K,GOLD ORNAMENTS 18K,GOLD ORNAMENTS 18K,true,true,true,false
2400,2400,JH/2526/ 1081,JH25261081,GOLD SALES ACCOUNT - 18K,GOLD SALES ACCOUNT - 18K,GOLD ORNAMENTS 18K,GOLD ORNAMENTS 18K,true,true,true,false
2401,2401,JH/2526/ 1081,JH25261081,GOLD SALES ACCOUNT - 18K,GOLD SALES ACCOUNT - 18K,GOLD ORNAMENTS 18K,GOLD ORNAMENTS 18K,true,true,true,false
2402,2402,JH/2526/ 1083,JH25261083,GOLD SALES ACCOUNT - 18K,GOLD SALES ACCOUNT - 18K,GOLD ORNAMENTS 18K,GOLD ORNAMENTS 18K,true,true,true,false
2403,2403,JH/2526/ 1083,JH25261083,GOLD SALES ACCOUNT - 18K,GOLD SALES ACCOUNT - 18K,GOLD ORNAMENTS 18K,GOLD ORNAMENTS 18K,true,true,true,false
2404,2404,JH/2526/ 1083,JH25261083,GOLD SALES ACCOUNT - 18K,GOLD SALES ACCOUNT - 18K,GOLD ORNAMENTS 18K,GOLD ORNAMENTS 18K,true,true,true,false
2405,2405,JH/2526/ 1083,JH25261083,GOLD SALES ACCOUNT - 18K,GOLD SALES ACCOUNT - 18K,GOLD ORNAMENTS 18K,GOLD ORNAMENTS 18K,true,true,true,false
2406,2406,JH/2526/ 1083,JH25261083,GOLD SALES ACCOUNT - 18K,GOLD SALES ACCOUNT - 18K,GOLD ORNAMENTS 18K,GOLD ORNAMENTS 18K,true,true,true,false
2407,2407,JH/2526/ 1083,JH25261083,GOLD SALES ACCOUNT - 18K,GOLD SALES ACCOUNT - 18K,GOLD ORNAMENTS 18K,GOLD ORNAMENTS 18K,true,true,true,false
2408,2408,JH/2526/ 1084,JH25261084,GOLD SALES ACCOUNT - 18K,GOLD SALES ACCOUNT - 18K,GOLD ORNAMENTS 18K,GOLD ORNAMENTS 18K,true,true,true,false
2409,2409,JH/2526/ 1085,JH25261085,GOLD SALES ACCOUNT - 18K,GOLD SALES ACCOUNT - 18K,GOLD ORNAMENTS 18K,GOLD ORNAMENTS 18K,true,true,true,false
2410,2410,JH/2526/ 1087,JH25261087,GOLD SALES ACCOUNT - 18K,GOLD SALES ACCOUNT - 18K,GOLD ORNAMENTS 18K,GOLD ORNAMENTS 18K,true,true,true,false
2411,2411,JH/2526/ 1087,JH25261087,GOLD SALES ACCOUNT - 18K,GOLD SALES ACCOUNT - 18K,GOLD ORNAMENTS 18K,GOLD ORNAMENTS 18K,true,true,true,false
2412,2412,JH/2526/ 1089,JH25261089,GOLD SALES ACCOUNT - 18K,GOLD SALES ACCOUNT - 18K,GOLD ORNAMENTS 18K,GOLD ORNAMENTS 18K,true,true,true,false
2413,2413,JH/2526/ 1089,JH25261089,GOLD SALES ACCOUNT - 18K,GOLD SALES ACCOUNT - 18K,GOLD ORNAMENTS 18K,GOLD ORNAMENTS 18K,true,true,true,false
2414,2414,JH/2526/ 1090,JH25261090,GOLD SALES ACCOUNT - 18K,GOLD SALES ACCOUNT - 18K,GOLD ORNAMENTS 18K,GOLD ORNAMENTS 18K,true,true,true,false
2415,2415,JH/2526/ 1094,JH25261094,GOLD SALES ACCOUNT - 18K,GOLD SALES ACCOUNT - 18K,GOLD ORNAMENTS 18K,GOLD ORNAMENTS 18K,true,true,true,false
2416,2416,JH/2526/ 1101,JH25261101,GOLD SALES ACCOUNT - 18K,GOLD SALES ACCOUNT - 18K,GOLD ORNAMENTS 18K,GOLD ORNAMENTS 18K,true,true,true,false
2417,2417,JH/2526/ 1102,JH25261102,GOLD SALES ACCOUNT - 18K,GOLD SALES ACCOUNT - 18K,GOLD ORNAMENTS 18K,GOLD ORNAMENTS 18K,true,true,true,false
2418,2418,JH/2526/ 2,JH25262,GOLD SALES ACCOUNT - 22K,GOLD SALES ACCOUNT - 22K,GOLD ORNAMENTS 22K,GOLD ORNAMENTS 22K,true,true,true,false
2419,2419,JH/2526/ 4,JH25264,GOLD SALES ACCOUNT - 22K,GOLD SALES ACCOUNT - 22K,GOLD ORNAMENTS 22K,GOLD ORNAMENTS 22K,true,true,true,false
2420,2420,JH/2526/ 5,JH25265,GOLD SALES ACCOUNT - 22K,GOLD SALES ACCOUNT - 22K,GOLD ORNAMENTS 22K,GOLD ORNAMENTS 22K,true,true,true,false
2421,2421,JH/2526/ 8,JH25268,GOLD SALES ACCOUNT - 22K,GOLD SALES ACCOUNT - 22K,GOLD ORNAMENTS 22K,GOLD ORNAMENTS 22K,true,true,true,false
2422,2422,JH/2526/ 9,JH25269,GOLD SALES ACCOUNT - 22K,GOLD SALES ACCOUNT - 22K,GOLD ORNAMENTS 22K,GOLD ORNAMENTS 22K,true,true,true,false
2423,2423,JH/2526/ 10,JH252610,GOLD SALES ACCOUNT - 22K,GOLD SALES ACCOUNT - 22K,GOLD ORNAMENTS 22K,GOLD ORNAMENTS 22K,true,true,true,false
2424,2424,JH/2526/ 11,JH252611,GOLD SALES ACCOUNT - 22K,GOLD SALES ACCOUNT - 22K,GOLD ORNAMENTS 22K,GOLD ORNAMENTS 22K,true,true,true,false
2425,2425,JH/2526/ 14,JH252614,GOLD SALES ACCOUNT - 22K,GOLD SALES ACCOUNT - 22K,GOLD ORNAMENTS 22K,GOLD ORNAMENTS 22K,true,true,true,false
2426,2426,JH/2526/ 15,JH252615,GOLD SALES ACCOUNT - 22K,GOLD SALES ACCOUNT - 22K,GOLD ORNAMENTS 22K,GOLD ORNAMENTS 22K,true,true,true,false
2427,2427,JH/2526/ 16,JH252616,GOLD SALES ACCOUNT - 22K,GOLD SALES ACCOUNT - 22K,GOLD ORNAMENTS 22K,GOLD ORNAMENTS 22K,true,true,true,false
2428,2428,JH/2526/ 16,JH252616,GOLD SALES ACCOUNT - 22K,GOLD SALES ACCOUNT - 22K,GOLD ORNAMENTS 22K,GOLD ORNAMENTS 22K,true,true,true,false
2429,2429,JH/2526/ 16,JH252616,GOLD SALES ACCOUNT - 22K,GOLD SALES ACCOUNT - 22K,GOLD ORNAMENTS 22K,GOLD ORNAMENTS 22K,true,true,true,false
2430,2430,JH/2526/ 16,JH252616,GOLD SALES ACCOUNT - 22K,GOLD SALES ACCOUNT - 22K,GOLD ORNAMENTS 22K,GOLD ORNAMENTS 22K,true,true,true,false
2431,2431,JH/2526/ 18,JH252618,GOLD SALES ACCOUNT - 22K,GOLD SALES ACCOUNT - 22K,GOLD ORNAMENTS 22K,GOLD ORNAMENTS 22K,true,true,true,false
2432,2432,JH/2526/ 21,JH252621,GOLD SALES ACCOUNT - 22K,GOLD SALES ACCOUNT - 22K,GOLD ORNAMENTS 22K,GOLD ORNAMENTS 22K,true,true,true,false
2433,2433,JH/2526/ 23,JH252623,GOLD SALES ACCOUNT - 22K,GOLD SALES ACCOUNT - 22K,GOLD ORNAMENTS 22K,GOLD ORNAMENTS 22K,true,true,true,false
2434,2434,JH/2526/ 24,JH252624,GOLD SALES ACCOUNT - 22K,GOLD SALES ACCOUNT - 22K,GOLD ORNAMENTS 22K,GOLD ORNAMENTS 22K,true,true,true,false
2435,2435,JH/2526/ 24,JH252624,GOLD SALES ACCOUNT - 22K,GOLD SALES ACCOUNT - 22K,GOLD ORNAMENTS 22K,GOLD ORNAMENTS 22K,true,true,true,false
2436,2436,JH/2526/ 24,JH252624,GOLD SALES ACCOUNT - 22K,GOLD SALES ACCOUNT - 22K,GOLD ORNAMENTS 22K,GOLD ORNAMENTS 22K,true,true,true,false
2437,2437,JH/2526/ 25,JH252625,GOLD SALES ACCOUNT - 22K,GOLD SALES ACCOUNT - 22K,GOLD ORNAMENTS 22K,GOLD ORNAMENTS 22K,true,true,true,false
2438,2438,JH/2526/ 26,JH252626,GOLD SALES ACCOUNT - 22K,GOLD SALES ACCOUNT - 22K,GOLD ORNAMENTS 22K,GOLD ORNAMENTS 22K,true,true,true,false
2439,2439,JH/2526/ 28,JH252628,GOLD SALES ACCOUNT - 22K,GOLD SALES ACCOUNT - 22K,GOLD ORNAMENTS 22K,GOLD ORNAMENTS 22K,true,true,true,false
2440,2440,JH/2526/ 29,JH252629,GOLD SALES ACCOUNT - 22K,GOLD SALES ACCOUNT - 22K,GOLD ORNAMENTS 22K,GOLD ORNAMENTS 22K,true,true,true,false
2441,2441,JH/2526/ 32,JH252632,GOLD SALES ACCOUNT - 22K,GOLD SALES ACCOUNT - 22K,GOLD ORNAMENTS 22K,GOLD ORNAMENTS 22K,true,true,true,false
2442,2442,JH/2526/ 34,JH252634,GOLD SALES ACCOUNT - 22K,GOLD SALES ACCOUNT - 22K,GOLD ORNAMENTS 22K,GOLD ORNAMENTS 22K,true,true,true,false
2443,2443,JH/2526/ 35,JH252635,GOLD SALES ACCOUNT - 22K,GOLD SALES ACCOUNT - 22K,GOLD ORNAMENTS 22K,GOLD ORNAMENTS 22K,true,true,true,false
2444,2444,JH/2526/ 39,JH252639,GOLD SALES ACCOUNT - 22K,GOLD SALES ACCOUNT - 22K,GOLD ORNAMENTS 22K,GOLD ORNAMENTS 22K,true,true,true,false
2445,2445,JH/2526/ 46,JH252646,GOLD SALES ACCOUNT - 22K,GOLD SALES ACCOUNT - 22K,GOLD ORNAMENTS 22K,GOLD ORNAMENTS 22K,true,true,true,false
2446,2446,JH/2526/ 49,JH252649,GOLD SALES ACCOUNT - 22K,GOLD SALES ACCOUNT - 22K,GOLD ORNAMENTS 22K,GOLD ORNAMENTS 22K,true,true,true,false
2447,2447,JH/2526/ 51,JH252651,GOLD SALES ACCOUNT - 22K,GOLD SALES ACCOUNT - 22K,GOLD ORNAMENTS 22K,GOLD ORNAMENTS 22K,true,true,true,false
2448,2448,JH/2526/ 54,JH252654,GOLD SALES ACCOUNT - 22K,GOLD SALES ACCOUNT - 22K,GOLD ORNAMENTS 22K,GOLD ORNAMENTS 22K,true,true,true,false
2449,2449,JH/2526/ 57,JH252657,GOLD SALES ACCOUNT - 22K,GOLD SALES ACCOUNT - 22K,GOLD ORNAMENTS 22K,GOLD ORNAMENTS 22K,true,true,true,false
2450,2450,JH/2526/ 60,JH252660,GOLD SALES ACCOUNT - 22K,GOLD SALES ACCOUNT - 22K,GOLD ORNAMENTS 22K,GOLD ORNAMENTS 22K,true,true,true,false
2451,2451,JH/2526/ 62,JH252662,GOLD SALES ACCOUNT - 22K,GOLD SALES ACCOUNT - 22K,GOLD ORNAMENTS 22K,GOLD ORNAMENTS 22K,true,true,true,false
2452,2452,JH/2526/ 64,JH252664,GOLD SALES ACCOUNT - 22K,GOLD SALES ACCOUNT - 22K,GOLD ORNAMENTS 22K,GOLD ORNAMENTS 22K,true,true,true,false
2453,2453,JH/2526/ 69,JH252669,GOLD SALES ACCOUNT - 22K,GOLD SALES ACCOUNT - 22K,GOLD ORNAMENTS 22K,GOLD ORNAMENTS 22K,true,true,true,false
2454,2454,JH/2526/ 75,JH252675,GOLD SALES ACCOUNT - 22K,GOLD SALES ACCOUNT - 22K,GOLD ORNAMENTS 22K,GOLD ORNAMENTS 22K,true,true,true,false
2455,2455,JH/2526/ 79,JH252679,GOLD SALES ACCOUNT - 22K,GOLD SALES ACCOUNT - 22K,GOLD ORNAMENTS 22K,GOLD ORNAMENTS 22K,true,true,true,false
2456,2456,JH/2526/ 81,JH252681,GOLD SALES ACCOUNT - 22K,GOLD SALES ACCOUNT - 22K,GOLD ORNAMENTS 22K,GOLD ORNAMENTS 22K,true,true,true,false
2457,2457,JH/2526/ 84,JH252684,GOLD SALES ACCOUNT - 22K,GOLD SALES ACCOUNT - 22K,GOLD ORNAMENTS 22K,GOLD ORNAMENTS 22K,true,true,true,false
2458,2458,JH/2526/ 87,JH252687,GOLD SALES ACCOUNT - 22K,GOLD SALES ACCOUNT - 22K,GOLD ORNAMENTS 22K,GOLD ORNAMENTS 22K,true,true,true,false
2459,2459,JH/2526/ 88,JH252688,GOLD SALES ACCOUNT - 22K,GOLD SALES ACCOUNT - 22K,GOLD ORNAMENTS 22K,GOLD ORNAMENTS 22K,true,true,true,false
2460,2460,JH/2526/ 89,JH252689,GOLD SALES ACCOUNT - 22K,GOLD SALES ACCOUNT - 22K,GOLD ORNAMENTS 22K,GOLD ORNAMENTS 22K,true,true,true,false
2461,2461,JH/2526/ 89,JH252689,GOLD SALES ACCOUNT - 22K,GOLD SALES ACCOUNT - 22K,GOLD ORNAMENTS 22K,GOLD ORNAMENTS 22K,true,true,true,false
2462,2462,JH/2526/ 89,JH252689,GOLD SALES ACCOUNT - 22K,GOLD SALES ACCOUNT - 22K,GOLD ORNAMENTS 22K,GOLD ORNAMENTS 22K,true,true,true,false
2463,2463,JH/2526/ 89,JH252689,GOLD SALES ACCOUNT - 22K,GOLD SALES ACCOUNT - 22K,GOLD ORNAMENTS 22K,GOLD ORNAMENTS 22K,true,true,true,false
2464,2464,JH/2526/ 91,JH252691,GOLD SALES ACCOUNT - 22K,GOLD SALES ACCOUNT - 22K,GOLD ORNAMENTS 22K,GOLD ORNAMENTS 22K,true,true,true,false
2465,2465,JH/2526/ 91,JH252691,GOLD SALES ACCOUNT - 22K,GOLD SALES ACCOUNT - 22K,GOLD ORNAMENTS 22K,GOLD ORNAMENTS 22K,true,true,true,false
2466,2466,JH/2526/ 91,JH252691,GOLD SALES ACCOUNT - 22K,GOLD SALES ACCOUNT - 22K,GOLD ORNAMENTS 22K,GOLD ORNAMENTS 22K,true,true,true,false
2467,2467,JH/2526/ 94,JH252694,GOLD SALES ACCOUNT - 22K,GOLD SALES ACCOUNT - 22K,GOLD ORNAMENTS 22K,GOLD ORNAMENTS 22K,true,true,true,false
2468,2468,JH/2526/ 97,JH252697,GOLD SALES ACCOUNT - 22K,GOLD SALES ACCOUNT - 22K,GOLD ORNAMENTS 22K,GOLD ORNAMENTS 22K,true,true,true,false
2469,2469,JH/2526/ 98,JH252698,GOLD SALES ACCOUNT - 22K,GOLD SALES ACCOUNT - 22K,GOLD ORNAMENTS 22K,GOLD ORNAMENTS 22K,true,true,true,false
2470,2470,JH/2526/ 100,JH2526100,GOLD SALES ACCOUNT - 22K,GOLD SALES ACCOUNT - 22K,GOLD ORNAMENTS 22K,GOLD ORNAMENTS 22K,true,true,true,false
2471,2471,JH/2526/ 102,JH2526102,GOLD SALES ACCOUNT - 22K,GOLD SALES ACCOUNT - 22K,GOLD ORNAMENTS 22K,GOLD ORNAMENTS 22K,true,true,true,false
2472,2472,JH/2526/ 103,JH2526103,GOLD SALES ACCOUNT - 22K,GOLD SALES ACCOUNT - 22K,GOLD ORNAMENTS 22K,GOLD ORNAMENTS 22K,true,true,true,false
2473,2473,JH/2526/ 107,JH2526107,GOLD SALES ACCOUNT - 22K,GOLD SALES ACCOUNT - 22K,GOLD ORNAMENTS 22K,GOLD ORNAMENTS 22K,true,true,true,false
2474,2474,JH/2526/ 109,JH2526109,GOLD SALES ACCOUNT - 22K,GOLD SALES ACCOUNT - 22K,GOLD ORNAMENTS 22K,GOLD ORNAMENTS 22K,true,true,true,false
2475,2475,JH/2526/ 112,JH2526112,GOLD SALES ACCOUNT - 22K,GOLD SALES ACCOUNT - 22K,GOLD ORNAMENTS 22K,GOLD ORNAMENTS 22K,true,true,true,false
2476,2476,JH/2526/ 113,JH2526113,GOLD SALES ACCOUNT - 22K,GOLD SALES ACCOUNT - 22K,GOLD ORNAMENTS 22K,GOLD ORNAMENTS 22K,true,true,true,false
2477,2477,JH/2526/ 116,JH2526116,GOLD SALES ACCOUNT - 22K,GOLD SALES ACCOUNT - 22K,GOLD ORNAMENTS 22K,GOLD ORNAMENTS 22K,true,true,true,false
2478,2478,JH/2526/ 117,JH2526117,GOLD SALES ACCOUNT - 22K,GOLD SALES ACCOUNT - 22K,GOLD ORNAMENTS 22K,GOLD ORNAMENTS 22K,true,true,true,false
2479,2479,JH/2526/ 118,JH2526118,GOLD SALES ACCOUNT - 22K,GOLD SALES ACCOUNT - 22K,GOLD ORNAMENTS 22K,GOLD ORNAMENTS 22K,true,true,true,false
2480,2480,JH/2526/ 119,JH2526119,GOLD SALES ACCOUNT - 22K,GOLD SALES ACCOUNT - 22K,GOLD ORNAMENTS 22K,GOLD ORNAMENTS 22K,true,true,true,false
2481,2481,JH/2526/ 124,JH2526124,GOLD SALES ACCOUNT - 22K,GOLD SALES ACCOUNT - 22K,GOLD ORNAMENTS 22K,GOLD ORNAMENTS 22K,true,true,true,false
2482,2482,JH/2526/ 125,JH2526125,GOLD SALES ACCOUNT - 22K,GOLD SALES ACCOUNT - 22K,GOLD ORNAMENTS 22K,GOLD ORNAMENTS 22K,true,true,true,false
2483,2483,JH/2526/ 128,JH2526128,GOLD SALES ACCOUNT - 22K,GOLD SALES ACCOUNT - 22K,GOLD ORNAMENTS 22K,GOLD ORNAMENTS 22K,true,true,true,false
2484,2484,JH/2526/ 128,JH2526128,GOLD SALES ACCOUNT - 22K,GOLD SALES ACCOUNT - 22K,GOLD ORNAMENTS 22K,GOLD ORNAMENTS 22K,true,true,true,false
2485,2485,JH/2526/ 128,JH2526128,GOLD SALES ACCOUNT - 22K,GOLD SALES ACCOUNT - 22K,GOLD ORNAMENTS 22K,GOLD ORNAMENTS 22K,true,true,true,false
2486,2486,JH/2526/ 130,JH2526130,GOLD SALES ACCOUNT - 22K,GOLD SALES ACCOUNT - 22K,GOLD ORNAMENTS 22K,GOLD ORNAMENTS 22K,true,true,true,false
2487,2487,JH/2526/ 133,JH2526133,GOLD SALES ACCOUNT - 22K,GOLD SALES ACCOUNT - 22K,GOLD ORNAMENTS 22K,GOLD ORNAMENTS 22K,true,true,true,false
2488,2488,JH/2526/ 134,JH2526134,GOLD SALES ACCOUNT - 22K,GOLD SALES ACCOUNT - 22K,GOLD ORNAMENTS 22K,GOLD ORNAMENTS 22K,true,true,true,false
2489,2489,JH/2526/ 137,JH2526137,GOLD SALES ACCOUNT - 22K,GOLD SALES ACCOUNT - 22K,GOLD ORNAMENTS 22K,GOLD ORNAMENTS 22K,true,true,true,false
2490,2490,JH/2526/ 138,JH2526138,GOLD SALES ACCOUNT - 22K,GOLD SALES ACCOUNT - 22K,GOLD ORNAMENTS 22K,GOLD ORNAMENTS 22K,true,true,true,false
2491,2491,JH/2526/ 142,JH2526142,GOLD SALES ACCOUNT - 22K,GOLD SALES ACCOUNT - 22K,GOLD ORNAMENTS 22K,GOLD ORNAMENTS 22K,true,true,true,false
2492,2492,JH/2526/ 146,JH2526146,GOLD SALES ACCOUNT - 22K,GOLD SALES ACCOUNT - 22K,GOLD ORNAMENTS 22K,GOLD ORNAMENTS 22K,true,true,true,false
2493,2493,JH/2526/ 150,JH2526150,GOLD SALES ACCOUNT - 22K,GOLD SALES ACCOUNT - 22K,GOLD ORNAMENTS 22K,GOLD ORNAMENTS 22K,true,true,true,false
2494,2494,JH/2526/ 151,JH2526151,GOLD SALES ACCOUNT - 22K,GOLD SALES ACCOUNT - 22K,GOLD ORNAMENTS 22K,GOLD ORNAMENTS 22K,true,true,true,false
2495,2495,JH/2526/ 152,JH2526152,GOLD SALES ACCOUNT - 22K,GOLD SALES ACCOUNT - 22K,GOLD ORNAMENTS 22K,GOLD ORNAMENTS 22K,true,true,true,false
2496,2496,JH/2526/ 157,JH2526157,GOLD SALES ACCOUNT - 22K,GOLD SALES ACCOUNT - 22K,GOLD ORNAMENTS 22K,GOLD ORNAMENTS 22K,true,true,true,false
2497,2497,JH/2526/ 158,JH2526158,GOLD SALES ACCOUNT - 22K,GOLD SALES ACCOUNT - 22K,GOLD ORNAMENTS 22K,GOLD ORNAMENTS 22K,true,true,true,false
2498,2498,JH/2526/ 161,JH2526161,GOLD SALES ACCOUNT - 22K,GOLD SALES ACCOUNT - 22K,GOLD ORNAMENTS 22K,GOLD ORNAMENTS 22K,true,true,true,false
2499,2499,JH/2526/ 165,JH2526165,GOLD SALES ACCOUNT - 22K,GOLD SALES ACCOUNT - 22K,GOLD ORNAMENTS 22K,GOLD ORNAMENTS 22K,true,true,true,false
2500,2500,JH/2526/ 167,JH2526167,GOLD SALES ACCOUNT - 22K,GOLD SALES ACCOUNT - 22K,GOLD ORNAMENTS 22K,GOLD ORNAMENTS 22K,true,true,true,false
2501,2501,JH/2526/ 171,JH2526171,GOLD SALES ACCOUNT - 22K,GOLD SALES ACCOUNT - 22K,GOLD ORNAMENTS 22K,GOLD ORNAMENTS 22K,true,true,true,false
2502,2502,JH/2526/ 174,JH2526174,GOLD SALES ACCOUNT - 22K,GOLD SALES ACCOUNT - 22K,GOLD ORNAMENTS 22K,GOLD ORNAMENTS 22K,true,true,true,false
2503,2503,JH/2526/ 178,JH2526178,GOLD SALES ACCOUNT - 22K,GOLD SALES ACCOUNT - 22K,GOLD ORNAMENTS 22K,GOLD ORNAMENTS 22K,true,true,true,false
2504,2504,JH/2526/ 179,JH2526179,GOLD SALES ACCOUNT - 22K,GOLD SALES ACCOUNT - 22K,GOLD ORNAMENTS 22K,GOLD ORNAMENTS 22K,true,true,true,false
2505,2505,JH/2526/ 180,JH2526180,GOLD SALES ACCOUNT - 22K,GOLD SALES ACCOUNT - 22K,GOLD ORNAMENTS 22K,GOLD ORNAMENTS 22K,true,true,true,false
2506,2506,JH/2526/ 183,JH2526183,GOLD SALES ACCOUNT - 22K,GOLD SALES ACCOUNT - 22K,GOLD ORNAMENTS 22K,GOLD ORNAMENTS 22K,true,true,true,false
2507,2507,JH/2526/ 186,JH2526186,GOLD SALES ACCOUNT - 22K,GOLD SALES ACCOUNT - 22K,GOLD ORNAMENTS 22K,GOLD ORNAMENTS 22K,true,true,true,false
2508,2508,JH/2526/ 189,JH2526189,GOLD SALES ACCOUNT - 22K,GOLD SALES ACCOUNT - 22K,GOLD ORNAMENTS 22K,GOLD ORNAMENTS 22K,true,true,true,false
2509,2509,JH/2526/ 190,JH2526190,GOLD SALES ACCOUNT - 22K,GOLD SALES ACCOUNT - 22K,GOLD ORNAMENTS 22K,GOLD ORNAMENTS 22K,true,true,true,false
2510,2510,JH/2526/ 193,JH2526193,GOLD SALES ACCOUNT - 22K,GOLD SALES ACCOUNT - 22K,GOLD ORNAMENTS 22K,GOLD ORNAMENTS 22K,true,true,true,false
2511,2511,JH/2526/ 197,JH2526197,GOLD SALES ACCOUNT - 22K,GOLD SALES ACCOUNT - 22K,GOLD ORNAMENTS 22K,GOLD ORNAMENTS 22K,true,true,true,false
2512,2512,JH/2526/ 198,JH2526198,GOLD SALES ACCOUNT - 22K,GOLD SALES ACCOUNT - 22K,GOLD ORNAMENTS 22K,GOLD ORNAMENTS 22K,true,true,true,false
2513,2513,JH/2526/ 198,JH2526198,GOLD SALES ACCOUNT - 22K,GOLD SALES ACCOUNT - 22K,GOLD ORNAMENTS 22K,GOLD ORNAMENTS 22K,true,true,true,false
2514,2514,JH/2526/ 199,JH2526199,GOLD SALES ACCOUNT - 22K,GOLD SALES ACCOUNT - 22K,GOLD ORNAMENTS 22K,GOLD ORNAMENTS 22K,true,true,true,false
2515,2515,JH/2526/ 199,JH2526199,GOLD SALES ACCOUNT - 22K,GOLD SALES ACCOUNT - 22K,GOLD ORNAMENTS 22K,GOLD ORNAMENTS 22K,true,true,true,false
2516,2516,JH/2526/ 200,JH2526200,GOLD SALES ACCOUNT - 22K,GOLD SALES ACCOUNT - 22K,GOLD ORNAMENTS 22K,GOLD ORNAMENTS 22K,true,true,true,false
2517,2517,JH/2526/ 202,JH2526202,GOLD SALES ACCOUNT - 22K,GOLD SALES ACCOUNT - 22K,GOLD ORNAMENTS 22K,GOLD ORNAMENTS 22K,true,true,true,false
2518,2518,JH/2526/ 204,JH2526204,GOLD SALES ACCOUNT - 22K,GOLD SALES ACCOUNT - 22K,GOLD ORNAMENTS 22K,GOLD ORNAMENTS 22K,true,true,true,false
2519,2519,JH/2526/ 208,JH2526208,GOLD SALES ACCOUNT - 22K,GOLD SALES ACCOUNT - 22K,GOLD ORNAMENTS 22K,GOLD ORNAMENTS 22K,true,true,true,false
2520,2520,JH/2526/ 211,JH2526211,GOLD SALES ACCOUNT - 22K,GOLD SALES ACCOUNT - 22K,GOLD ORNAMENTS 22K,GOLD ORNAMENTS 22K,true,true,true,false
2521,2521,JH/2526/ 215,JH2526215,GOLD SALES ACCOUNT - 22K,GOLD SALES ACCOUNT - 22K,GOLD ORNAMENTS 22K,GOLD ORNAMENTS 22K,true,true,true,false
2522,2522,JH/2526/ 218,JH2526218,GOLD SALES ACCOUNT - 22K,GOLD SALES ACCOUNT - 22K,GOLD ORNAMENTS 22K,GOLD ORNAMENTS 22K,true,true,true,false
2523,2523,JH/2526/ 222,JH2526222,GOLD SALES ACCOUNT - 22K,GOLD SALES ACCOUNT - 22K,GOLD ORNAMENTS 22K,GOLD ORNAMENTS 22K,true,true,true,false
2524,2524,JH/2526/ 223,JH2526223,GOLD SALES ACCOUNT - 22K,GOLD SALES ACCOUNT - 22K,GOLD ORNAMENTS 22K,GOLD ORNAMENTS 22K,true,true,true,false
2525,2525,JH/2526/ 224,JH2526224,GOLD SALES ACCOUNT - 22K,GOLD SALES ACCOUNT - 22K,GOLD ORNAMENTS 22K,GOLD ORNAMENTS 22K,true,true,true,false
2526,2526,JH/2526/ 229,JH2526229,GOLD SALES ACCOUNT - 22K,GOLD SALES ACCOUNT - 22K,GOLD ORNAMENTS 22K,GOLD ORNAMENTS 22K,true,true,true,false
2527,2527,JH/2526/ 230,JH2526230,GOLD SALES ACCOUNT - 22K,GOLD SALES ACCOUNT - 22K,GOLD ORNAMENTS 22K,GOLD ORNAMENTS 22K,true,true,true,false
2528,2528,JH/2526/ 233,JH2526233,GOLD SALES ACCOUNT - 22K,GOLD SALES ACCOUNT - 22K,GOLD ORNAMENTS 22K,GOLD ORNAMENTS 22K,true,true,true,false
2529,2529,JH/2526/ 237,JH2526237,GOLD SALES ACCOUNT - 22K,GOLD SALES ACCOUNT - 22K,GOLD ORNAMENTS 22K,GOLD ORNAMENTS 22K,true,true,true,false
2530,2530,JH/2526/ 241,JH2526241,GOLD SALES ACCOUNT - 22K,GOLD SALES ACCOUNT - 22K,GOLD ORNAMENTS 22K,GOLD ORNAMENTS 22K,true,true,true,false
2531,2531,JH/2526/ 242,JH2526242,GOLD SALES ACCOUNT - 22K,GOLD SALES ACCOUNT - 22K,GOLD ORNAMENTS 22K,GOLD ORNAMENTS 22K,true,true,true,false
2532,2532,JH/2526/ 245,JH2526245,GOLD SALES ACCOUNT - 22K,GOLD SALES ACCOUNT - 22K,GOLD ORNAMENTS 22K,GOLD ORNAMENTS 22K,true,true,true,false
2533,2533,JH/2526/ 248,JH2526248,GOLD SALES ACCOUNT - 22K,GOLD SALES ACCOUNT - 22K,GOLD ORNAMENTS 22K,GOLD ORNAMENTS 22K,true,true,true,false
2534,2534,JH/2526/ 249,JH2526249,GOLD SALES ACCOUNT - 22K,GOLD SALES ACCOUNT - 22K,GOLD ORNAMENTS 22K,GOLD ORNAMENTS 22K,true,true,true,false
2535,2535,JH/2526/ 251,JH2526251,GOLD SALES ACCOUNT - 22K,GOLD SALES ACCOUNT - 22K,GOLD ORNAMENTS 22K,GOLD ORNAMENTS 22K,true,true,true,false
2536,2536,JH/2526/ 254,JH2526254,GOLD SALES ACCOUNT - 22K,GOLD SALES ACCOUNT - 22K,GOLD ORNAMENTS 22K,GOLD ORNAMENTS 22K,true,true,true,false
2537,2537,JH/2526/ 255,JH2526255,GOLD SALES ACCOUNT - 22K,GOLD SALES ACCOUNT - 22K,GOLD ORNAMENTS 22K,GOLD ORNAMENTS 22K,true,true,true,false
2538,2538,JH/2526/ 256,JH2526256,GOLD SALES ACCOUNT - 22K,GOLD SALES ACCOUNT - 22K,GOLD ORNAMENTS 22K,GOLD ORNAMENTS 22K,true,true,true,false
2539,2539,JH/2526/ 259,JH2526259,GOLD SALES ACCOUNT - 22K,GOLD SALES ACCOUNT - 22K,GOLD ORNAMENTS 22K,GOLD ORNAMENTS 22K,true,true,true,false
2540,2540,JH/2526/ 262,JH2526262,GOLD SALES ACCOUNT - 22K,GOLD SALES ACCOUNT - 22K,GOLD ORNAMENTS 22K,GOLD ORNAMENTS 22K,true,true,true,false
2541,2541,JH/2526/ 264,JH2526264,GOLD SALES ACCOUNT - 22K,GOLD SALES ACCOUNT - 22K,GOLD ORNAMENTS 22K,GOLD ORNAMENTS 22K,true,true,true,false
2542,2542,JH/2526/ 266,JH2526266,GOLD SALES ACCOUNT - 22K,GOLD SALES ACCOUNT - 22K,GOLD ORNAMENTS 22K,GOLD ORNAMENTS 22K,true,true,true,false
2543,2543,JH/2526/ 269,JH2526269,GOLD SALES ACCOUNT - 22K,GOLD SALES ACCOUNT - 22K,GOLD ORNAMENTS 22K,GOLD ORNAMENTS 22K,true,true,true,false
2544,2544,JH/2526/ 271,JH2526271,GOLD SALES ACCOUNT - 22K,GOLD SALES ACCOUNT - 22K,GOLD ORNAMENTS 22K,GOLD ORNAMENTS 22K,true,true,true,false
2545,2545,JH/2526/ 273,JH2526273,GOLD SALES ACCOUNT - 22K,GOLD SALES ACCOUNT - 22K,GOLD ORNAMENTS 22K,GOLD ORNAMENTS 22K,true,true,true,false
2546,2546,JH/2526/ 274,JH2526274,GOLD SALES ACCOUNT - 22K,GOLD SALES ACCOUNT - 22K,GOLD ORNAMENTS 22K,GOLD ORNAMENTS 22K,true,true,true,false
2547,2547,JH/2526/ 276,JH2526276,GOLD SALES ACCOUNT - 22K,GOLD SALES ACCOUNT - 22K,GOLD ORNAMENTS 22K,GOLD ORNAMENTS 22K,true,true,true,false
2548,2548,JH/2526/ 277,JH2526277,GOLD SALES ACCOUNT - 22K,GOLD SALES ACCOUNT - 22K,GOLD ORNAMENTS 22K,GOLD ORNAMENTS 22K,true,true,true,false
2549,2549,JH/2526/ 277,JH2526277,GOLD SALES ACCOUNT - 22K,GOLD SALES ACCOUNT - 22K,GOLD ORNAMENTS 22K,GOLD ORNAMENTS 22K,true,true,true,false
2550,2550,JH/2526/ 278,JH2526278,GOLD SALES ACCOUNT - 22K,GOLD SALES ACCOUNT - 22K,GOLD ORNAMENTS 22K,GOLD ORNAMENTS 22K,true,true,true,false
2551,2551,JH/2526/ 278,JH2526278,GOLD SALES ACCOUNT - 22K,GOLD SALES ACCOUNT - 22K,GOLD ORNAMENTS 22K,GOLD ORNAMENTS 22K,true,true,true,false
2552,2552,JH/2526/ 279,JH2526279,GOLD SALES ACCOUNT - 22K,GOLD SALES ACCOUNT - 22K,GOLD ORNAMENTS 22K,GOLD ORNAMENTS 22K,true,true,true,false
2553,2553,JH/2526/ 281,JH2526281,GOLD SALES ACCOUNT - 22K,GOLD SALES ACCOUNT - 22K,GOLD ORNAMENTS 22K,GOLD ORNAMENTS 22K,true,true,true,false
2554,2554,JH/2526/ 282,JH2526282,GOLD SALES ACCOUNT - 22K,GOLD SALES ACCOUNT - 22K,GOLD ORNAMENTS 22K,GOLD ORNAMENTS 22K,true,true,true,false
2555,2555,JH/2526/ 285,JH2526285,GOLD SALES ACCOUNT - 22K,GOLD SALES ACCOUNT - 22K,GOLD ORNAMENTS 22K,GOLD ORNAMENTS 22K,true,true,true,false
2556,2556,JH/2526/ 289,JH2526289,GOLD SALES ACCOUNT - 22K,GOLD SALES ACCOUNT - 22K,GOLD ORNAMENTS 22K,GOLD ORNAMENTS 22K,true,true,true,false
2557,2557,JH/2526/ 291,JH2526291,GOLD SALES ACCOUNT - 22K,GOLD SALES ACCOUNT - 22K,GOLD ORNAMENTS 22K,GOLD ORNAMENTS 22K,true,true,true,false
2558,2558,JH/2526/ 295,JH2526295,GOLD SALES ACCOUNT - 22K,GOLD SALES ACCOUNT - 22K,GOLD ORNAMENTS 22K,GOLD ORNAMENTS 22K,true,true,true,false
2559,2559,JH/2526/ 299,JH2526299,GOLD SALES ACCOUNT - 22K,GOLD SALES ACCOUNT - 22K,GOLD ORNAMENTS 22K,GOLD ORNAMENTS 22K,true,true,true,false
2560,2560,JH/2526/ 302,JH2526302,GOLD SALES ACCOUNT - 22K,GOLD SALES ACCOUNT - 22K,GOLD ORNAMENTS 22K,GOLD ORNAMENTS 22K,true,true,true,false
2561,2561,JH/2526/ 307,JH2526307,GOLD SALES ACCOUNT - 22K,GOLD SALES ACCOUNT - 22K,GOLD ORNAMENTS 22K,GOLD ORNAMENTS 22K,true,true,true,false
2562,2562,JH/2526/ 311,JH2526311,GOLD SALES ACCOUNT - 22K,GOLD SALES ACCOUNT - 22K,GOLD ORNAMENTS 22K,GOLD ORNAMENTS 22K,true,true,true,false
2563,2563,JH/2526/ 314,JH2526314,GOLD SALES ACCOUNT - 22K,GOLD SALES ACCOUNT - 22K,GOLD ORNAMENTS 22K,GOLD ORNAMENTS 22K,true,true,true,false
2564,2564,JH/2526/ 318,JH2526318,GOLD SALES ACCOUNT - 22K,GOLD SALES ACCOUNT - 22K,GOLD ORNAMENTS 22K,GOLD ORNAMENTS 22K,true,true,true,false
2565,2565,JH/2526/ 321,JH2526321,GOLD SALES ACCOUNT - 22K,GOLD SALES ACCOUNT - 22K,GOLD ORNAMENTS 22K,GOLD ORNAMENTS 22K,true,true,true,false
2566,2566,JH/2526/ 321,JH2526321,GOLD SALES ACCOUNT - 22K,GOLD SALES ACCOUNT - 22K,GOLD ORNAMENTS 22K,GOLD ORNAMENTS 22K,true,true,true,false
2567,2567,JH/2526/ 323,JH2526323,GOLD SALES ACCOUNT - 22K,GOLD SALES ACCOUNT - 22K,GOLD ORNAMENTS 22K,GOLD ORNAMENTS 22K,true,true,true,false
2568,2568,JH/2526/ 325,JH2526325,GOLD SALES ACCOUNT - 22K,GOLD SALES ACCOUNT - 22K,GOLD ORNAMENTS 22K,GOLD ORNAMENTS 22K,true,true,true,false
2569,2569,JH/2526/ 325,JH2526325,GOLD SALES ACCOUNT - 22K,GOLD SALES ACCOUNT - 22K,GOLD ORNAMENTS 22K,GOLD ORNAMENTS 22K,true,true,true,false
2570,2570,JH/2526/ 326,JH2526326,GOLD SALES ACCOUNT - 22K,GOLD SALES ACCOUNT - 22K,GOLD ORNAMENTS 22K,GOLD ORNAMENTS 22K,true,true,true,false
2571,2571,JH/2526/ 327,JH2526327,GOLD SALES ACCOUNT - 22K,GOLD SALES ACCOUNT - 22K,GOLD ORNAMENTS 22K,GOLD ORNAMENTS 22K,true,true,true,false
2572,2572,JH/2526/ 328,JH2526328,GOLD SALES ACCOUNT - 22K,GOLD SALES ACCOUNT - 22K,GOLD ORNAMENTS 22K,GOLD ORNAMENTS 22K,true,true,true,false
2573,2573,JH/2526/ 329,JH2526329,GOLD SALES ACCOUNT - 22K,GOLD SALES ACCOUNT - 22K,GOLD ORNAMENTS 22K,GOLD ORNAMENTS 22K,true,true,true,false
2574,2574,JH/2526/ 331,JH2526331,GOLD SALES ACCOUNT - 22K,GOLD SALES ACCOUNT - 22K,GOLD ORNAMENTS 22K,GOLD ORNAMENTS 22K,true,true,true,false
2575,2575,JH/2526/ 332,JH2526332,GOLD SALES ACCOUNT - 22K,GOLD SALES ACCOUNT - 22K,GOLD ORNAMENTS 22K,GOLD ORNAMENTS 22K,true,true,true,false
2576,2576,JH/2526/ 335,JH2526335,GOLD SALES ACCOUNT - 22K,GOLD SALES ACCOUNT - 22K,GOLD ORNAMENTS 22K,GOLD ORNAMENTS 22K,true,true,true,false
2577,2577,JH/2526/ 338,JH2526338,GOLD SALES ACCOUNT - 22K,GOLD SALES ACCOUNT - 22K,GOLD ORNAMENTS 22K,GOLD ORNAMENTS 22K,true,true,true,false
2578,2578,JH/2526/ 340,JH2526340,GOLD SALES ACCOUNT - 22K,GOLD SALES ACCOUNT - 22K,GOLD ORNAMENTS 22K,GOLD ORNAMENTS 22K,true,true,true,false
2579,2579,JH/2526/ 341,JH2526341,GOLD SALES ACCOUNT - 22K,GOLD SALES ACCOUNT - 22K,GOLD ORNAMENTS 22K,GOLD ORNAMENTS 22K,true,true,true,false
2580,2580,JH/2526/ 344,JH2526344,GOLD SALES ACCOUNT - 22K,GOLD SALES ACCOUNT - 22K,GOLD ORNAMENTS 22K,GOLD ORNAMENTS 22K,true,true,true,false
2581,2581,JH/2526/ 348,JH2526348,GOLD SALES ACCOUNT - 22K,GOLD SALES ACCOUNT - 22K,GOLD ORNAMENTS 22K,GOLD ORNAMENTS 22K,true,true,true,false
2582,2582,JH/2526/ 353,JH2526353,GOLD SALES ACCOUNT - 22K,GOLD SALES ACCOUNT - 22K,GOLD ORNAMENTS 22K,GOLD ORNAMENTS 22K,true,true,true,false
2583,2583,JH/2526/ 354,JH2526354,GOLD SALES ACCOUNT - 22K,GOLD SALES ACCOUNT - 22K,GOLD ORNAMENTS 22K,GOLD ORNAMENTS 22K,true,true,true,false
2584,2584,JH/2526/ 356,JH2526356,GOLD SALES ACCOUNT - 22K,GOLD SALES ACCOUNT - 22K,GOLD ORNAMENTS 22K,GOLD ORNAMENTS 22K,true,true,true,false
2585,2585,JH/2526/ 359,JH2526359,GOLD SALES ACCOUNT - 22K,GOLD SALES ACCOUNT - 22K,GOLD ORNAMENTS 22K,GOLD ORNAMENTS 22K,true,true,true,false
2586,2586,JH/2526/ 363,JH2526363,GOLD SALES ACCOUNT - 22K,GOLD SALES ACCOUNT - 22K,GOLD ORNAMENTS 22K,GOLD ORNAMENTS 22K,true,true,true,false
2587,2587,JH/2526/ 365,JH2526365,GOLD SALES ACCOUNT - 22K,GOLD SALES ACCOUNT - 22K,GOLD ORNAMENTS 22K,GOLD ORNAMENTS 22K,true,true,true,false
2588,2588,JH/2526/ 367,JH2526367,GOLD SALES ACCOUNT - 22K,GOLD SALES ACCOUNT - 22K,GOLD ORNAMENTS 22K,GOLD ORNAMENTS 22K,true,true,true,false
2589,2589,JH/2526/ 373,JH2526373,GOLD SALES ACCOUNT - 22K,GOLD SALES ACCOUNT - 22K,GOLD ORNAMENTS 22K,GOLD ORNAMENTS 22K,true,true,true,false
2590,2590,JH/2526/ 374,JH2526374,GOLD SALES ACCOUNT - 22K,GOLD SALES ACCOUNT - 22K,GOLD ORNAMENTS 22K,GOLD ORNAMENTS 22K,true,true,true,false
2591,2591,JH/2526/ 374,JH2526374,GOLD SALES ACCOUNT - 22K,GOLD SALES ACCOUNT - 22K,GOLD ORNAMENTS 22K,GOLD ORNAMENTS 22K,true,true,true,false
2592,2592,JH/2526/ 376,JH2526376,GOLD SALES ACCOUNT - 22K,GOLD SALES ACCOUNT - 22K,GOLD ORNAMENTS 22K,GOLD ORNAMENTS 22K,true,true,true,false
2593,2593,JH/2526/ 380,JH2526380,GOLD SALES ACCOUNT - 22K,GOLD SALES ACCOUNT - 22K,GOLD ORNAMENTS 22K,GOLD ORNAMENTS 22K,true,true,true,false
2594,2594,JH/2526/ 383,JH2526383,GOLD SALES ACCOUNT - 22K,GOLD SALES ACCOUNT - 22K,GOLD ORNAMENTS 22K,GOLD ORNAMENTS 22K,true,true,true,false
2595,2595,JH/2526/ 384,JH2526384,GOLD SALES ACCOUNT - 22K,GOLD SALES ACCOUNT - 22K,GOLD ORNAMENTS 22K,GOLD ORNAMENTS 22K,true,true,true,false
2596,2596,JH/2526/ 387,JH2526387,GOLD SALES ACCOUNT - 22K,GOLD SALES ACCOUNT - 22K,GOLD ORNAMENTS 22K,GOLD ORNAMENTS 22K,true,true,true,false
2597,2597,JH/2526/ 391,JH2526391,GOLD SALES ACCOUNT - 22K,GOLD SALES ACCOUNT - 22K,GOLD ORNAMENTS 22K,GOLD ORNAMENTS 22K,true,true,true,false
2598,2598,JH/2526/ 393,JH2526393,GOLD SALES ACCOUNT - 22K,GOLD SALES ACCOUNT - 22K,GOLD ORNAMENTS 22K,GOLD ORNAMENTS 22K,true,true,true,false
2599,2599,JH/2526/ 398,JH2526398,GOLD SALES ACCOUNT - 22K,GOLD SALES ACCOUNT - 22K,GOLD ORNAMENTS 22K,GOLD ORNAMENTS 22K,true,true,true,false
2600,2600,JH/2526/ 401,JH2526401,GOLD SALES ACCOUNT - 22K,GOLD SALES ACCOUNT - 22K,GOLD ORNAMENTS 22K,GOLD ORNAMENTS 22K,true,true,true,false
2601,2601,JH/2526/ 402,JH2526402,GOLD SALES ACCOUNT - 22K,GOLD SALES ACCOUNT - 22K,GOLD ORNAMENTS 22K,GOLD ORNAMENTS 22K,true,true,true,false
2602,2602,JH/2526/ 403,JH2526403,GOLD SALES ACCOUNT - 22K,GOLD SALES ACCOUNT - 22K,GOLD ORNAMENTS 22K,GOLD ORNAMENTS 22K,true,true,true,false
2603,2603,JH/2526/ 403,JH2526403,GOLD SALES ACCOUNT - 22K,GOLD SALES ACCOUNT - 22K,GOLD ORNAMENTS 22K,GOLD ORNAMENTS 22K,true,true,true,false
2604,2604,JH/2526/ 404,JH2526404,GOLD SALES ACCOUNT - 22K,GOLD SALES ACCOUNT - 22K,GOLD ORNAMENTS 22K,GOLD ORNAMENTS 22K,true,true,true,false
2605,2605,JH/2526/ 405,JH2526405,GOLD SALES ACCOUNT - 22K,GOLD SALES ACCOUNT - 22K,GOLD ORNAMENTS 22K,GOLD ORNAMENTS 22K,true,true,true,false
2606,2606,JH/2526/ 407,JH2526407,GOLD SALES ACCOUNT - 22K,GOLD SALES ACCOUNT - 22K,GOLD ORNAMENTS 22K,GOLD ORNAMENTS 22K,true,true,true,false
2607,2607,JH/2526/ 417,JH2526417,GOLD SALES ACCOUNT - 22K,GOLD SALES ACCOUNT - 22K,GOLD ORNAMENTS 22K,GOLD ORNAMENTS 22K,true,true,true,false
2608,2608,JH/2526/ 419,JH2526419,GOLD SALES ACCOUNT - 22K,GOLD SALES ACCOUNT - 22K,GOLD ORNAMENTS 22K,GOLD ORNAMENTS 22K,true,true,true,false
2609,2609,JH/2526/ 421,JH2526421,GOLD SALES ACCOUNT - 22K,GOLD SALES ACCOUNT - 22K,GOLD ORNAMENTS 22K,GOLD ORNAMENTS 22K,true,true,true,false
2610,2610,JH/2526/ 424,JH2526424,GOLD SALES ACCOUNT - 22K,GOLD SALES ACCOUNT - 22K,GOLD ORNAMENTS 22K,GOLD ORNAMENTS 22K,true,true,true,false
2611,2611,JH/2526/ 424,JH2526424,GOLD SALES ACCOUNT - 22K,GOLD SALES ACCOUNT - 22K,GOLD ORNAMENTS 22K,GOLD ORNAMENTS 22K,true,true,true,false
2612,2612,JH/2526/ 424,JH2526424,GOLD SALES ACCOUNT - 22K,GOLD SALES ACCOUNT - 22K,GOLD ORNAMENTS 22K,GOLD ORNAMENTS 22K,true,true,true,false
2613,2613,JH/2526/ 424,JH2526424,GOLD SALES ACCOUNT - 22K,GOLD SALES ACCOUNT - 22K,GOLD ORNAMENTS 22K,GOLD ORNAMENTS 22K,true,true,true,false
2614,2614,JH/2526/ 425,JH2526425,GOLD SALES ACCOUNT - 22K,GOLD SALES ACCOUNT - 22K,GOLD ORNAMENTS 22K,GOLD ORNAMENTS 22K,true,true,true,false
2615,2615,JH/2526/ 427,JH2526427,GOLD SALES ACCOUNT - 22K,GOLD SALES ACCOUNT - 22K,GOLD ORNAMENTS 22K,GOLD ORNAMENTS 22K,true,true,true,false
2616,2616,JH/2526/ 428,JH2526428,GOLD SALES ACCOUNT - 22K,GOLD SALES ACCOUNT - 22K,GOLD ORNAMENTS 22K,GOLD ORNAMENTS 22K,true,true,true,false
2617,2617,JH/2526/ 430,JH2526430,GOLD SALES ACCOUNT - 22K,GOLD SALES ACCOUNT - 22K,GOLD ORNAMENTS 22K,GOLD ORNAMENTS 22K,true,true,true,false
2618,2618,JH/2526/ 433,JH2526433,GOLD SALES ACCOUNT - 22K,GOLD SALES ACCOUNT - 22K,GOLD ORNAMENTS 22K,GOLD ORNAMENTS 22K,true,true,true,false
2619,2619,JH/2526/ 434,JH2526434,GOLD SALES ACCOUNT - 22K,GOLD SALES ACCOUNT - 22K,GOLD ORNAMENTS 22K,GOLD ORNAMENTS 22K,true,true,true,false
2620,2620,JH/2526/ 435,JH2526435,GOLD SALES ACCOUNT - 22K,GOLD SALES ACCOUNT - 22K,GOLD ORNAMENTS 22K,GOLD ORNAMENTS 22K,true,true,true,false
2621,2621,JH/2526/ 436,JH2526436,GOLD SALES ACCOUNT - 22K,GOLD SALES ACCOUNT - 22K,GOLD ORNAMENTS 22K,GOLD ORNAMENTS 22K,true,true,true,false
2622,2622,JH/2526/ 441,JH2526441,GOLD SALES ACCOUNT - 22K,GOLD SALES ACCOUNT - 22K,GOLD ORNAMENTS 22K,GOLD ORNAMENTS 22K,true,true,true,false
2623,2623,JH/2526/ 442,JH2526442,GOLD SALES ACCOUNT - 22K,GOLD SALES ACCOUNT - 22K,GOLD ORNAMENTS 22K,GOLD ORNAMENTS 22K,true,true,true,false
2624,2624,JH/2526/ 443,JH2526443,GOLD SALES ACCOUNT - 22K,GOLD SALES ACCOUNT - 22K,GOLD ORNAMENTS 22K,GOLD ORNAMENTS 22K,true,true,true,false
2625,2625,JH/2526/ 443,JH2526443,GOLD SALES ACCOUNT - 22K,GOLD SALES ACCOUNT - 22K,GOLD ORNAMENTS 22K,GOLD ORNAMENTS 22K,true,true,true,false
2626,2626,JH/2526/ 444,JH2526444,GOLD SALES ACCOUNT - 22K,GOLD SALES ACCOUNT - 22K,GOLD ORNAMENTS 22K,GOLD ORNAMENTS 22K,true,true,true,false
2627,2627,JH/2526/ 447,JH2526447,GOLD SALES ACCOUNT - 22K,GOLD SALES ACCOUNT - 22K,GOLD ORNAMENTS 22K,GOLD ORNAMENTS 22K,true,true,true,false
2628,2628,JH/2526/ 449,JH2526449,GOLD SALES ACCOUNT - 22K,GOLD SALES ACCOUNT - 22K,GOLD ORNAMENTS 22K,GOLD ORNAMENTS 22K,true,true,true,false
2629,2629,JH/2526/ 450,JH2526450,GOLD SALES ACCOUNT - 22K,GOLD SALES ACCOUNT - 22K,GOLD ORNAMENTS 22K,GOLD ORNAMENTS 22K,true,true,true,false
2630,2630,JH/2526/ 451,JH2526451,GOLD SALES ACCOUNT - 22K,GOLD SALES ACCOUNT - 22K,GOLD ORNAMENTS 22K,GOLD ORNAMENTS 22K,true,true,true,false
2631,2631,JH/2526/ 452,JH2526452,GOLD SALES ACCOUNT - 22K,GOLD SALES ACCOUNT - 22K,GOLD ORNAMENTS 22K,GOLD ORNAMENTS 22K,true,true,true,false
2632,2632,JH/2526/ 454,JH2526454,GOLD SALES ACCOUNT - 22K,GOLD SALES ACCOUNT - 22K,GOLD ORNAMENTS 22K,GOLD ORNAMENTS 22K,true,true,true,false
2633,2633,JH/2526/ 457,JH2526457,GOLD SALES ACCOUNT - 22K,GOLD SALES ACCOUNT - 22K,GOLD ORNAMENTS 22K,GOLD ORNAMENTS 22K,true,true,true,false
2634,2634,JH/2526/ 461,JH2526461,GOLD SALES ACCOUNT - 22K,GOLD SALES ACCOUNT - 22K,GOLD ORNAMENTS 22K,GOLD ORNAMENTS 22K,true,true,true,false
2635,2635,JH/2526/ 462,JH2526462,GOLD SALES ACCOUNT - 22K,GOLD SALES ACCOUNT - 22K,GOLD ORNAMENTS 22K,GOLD ORNAMENTS 22K,true,true,true,false
2636,2636,JH/2526/ 465,JH2526465,GOLD SALES ACCOUNT - 22K,GOLD SALES ACCOUNT - 22K,GOLD ORNAMENTS 22K,GOLD ORNAMENTS 22K,true,true,true,false
2637,2637,JH/2526/ 468,JH2526468,GOLD SALES ACCOUNT - 22K,GOLD SALES ACCOUNT - 22K,GOLD ORNAMENTS 22K,GOLD ORNAMENTS 22K,true,true,true,false
2638,2638,JH/2526/ 471,JH2526471,GOLD SALES ACCOUNT - 22K,GOLD SALES ACCOUNT - 22K,GOLD ORNAMENTS 22K,GOLD ORNAMENTS 22K,true,true,true,false
2639,2639,JH/2526/ 475,JH2526475,GOLD SALES ACCOUNT - 22K,GOLD SALES ACCOUNT - 22K,GOLD ORNAMENTS 22K,GOLD ORNAMENTS 22K,true,true,true,false
2640,2640,JH/2526/ 478,JH2526478,GOLD SALES ACCOUNT - 22K,GOLD SALES ACCOUNT - 22K,GOLD ORNAMENTS 22K,GOLD ORNAMENTS 22K,true,true,true,false
2641,2641,JH/2526/ 480,JH2526480,GOLD SALES ACCOUNT - 22K,GOLD SALES ACCOUNT - 22K,GOLD ORNAMENTS 22K,GOLD ORNAMENTS 22K,true,true,true,false
2642,2642,JH/2526/ 482,JH2526482,GOLD SALES ACCOUNT - 22K,GOLD SALES ACCOUNT - 22K,GOLD ORNAMENTS 22K,GOLD ORNAMENTS 22K,true,true,true,false
2643,2643,JH/2526/ 483,JH2526483,GOLD SALES ACCOUNT - 22K,GOLD SALES ACCOUNT - 22K,GOLD ORNAMENTS 22K,GOLD ORNAMENTS 22K,true,true,true,false
2644,2644,JH/2526/ 486,JH2526486,GOLD SALES ACCOUNT - 22K,GOLD SALES ACCOUNT - 22K,GOLD ORNAMENTS 22K,GOLD ORNAMENTS 22K,true,true,true,false
2645,2645,JH/2526/ 488,JH2526488,GOLD SALES ACCOUNT - 22K,GOLD SALES ACCOUNT - 22K,GOLD ORNAMENTS 22K,GOLD ORNAMENTS 22K,true,true,true,false
2646,2646,JH/2526/ 489,JH2526489,GOLD SALES ACCOUNT - 22K,GOLD SALES ACCOUNT - 22K,GOLD ORNAMENTS 22K,GOLD ORNAMENTS 22K,true,true,true,false
2647,2647,JH/2526/ 493,JH2526493,GOLD SALES ACCOUNT - 22K,GOLD SALES ACCOUNT - 22K,GOLD ORNAMENTS 22K,GOLD ORNAMENTS 22K,true,true,true,false
2648,2648,JH/2526/ 498,JH2526498,GOLD SALES ACCOUNT - 22K,GOLD SALES ACCOUNT - 22K,GOLD ORNAMENTS 22K,GOLD ORNAMENTS 22K,true,true,true,false
2649,2649,JH/2526/ 500,JH2526500,GOLD SALES ACCOUNT - 22K,GOLD SALES ACCOUNT - 22K,GOLD ORNAMENTS 22K,GOLD ORNAMENTS 22K,true,true,true,false
2650,2650,JH/2526/ 502,JH2526502,GOLD SALES ACCOUNT - 22K,GOLD SALES ACCOUNT - 22K,GOLD ORNAMENTS 22K,GOLD ORNAMENTS 22K,true,true,true,false
2651,2651,JH/2526/ 508,JH2526508,GOLD SALES ACCOUNT - 22K,GOLD SALES ACCOUNT - 22K,GOLD ORNAMENTS 22K,GOLD ORNAMENTS 22K,true,true,true,false
2652,2652,JH/2526/ 512,JH2526512,GOLD SALES ACCOUNT - 22K,GOLD SALES ACCOUNT - 22K,GOLD ORNAMENTS 22K,GOLD ORNAMENTS 22K,true,true,true,false
2653,2653,JH/2526/ 515,JH2526515,GOLD SALES ACCOUNT - 22K,GOLD SALES ACCOUNT - 22K,GOLD ORNAMENTS 22K,GOLD ORNAMENTS 22K,true,true,true,false
2654,2654,JH/2526/ 518,JH2526518,GOLD SALES ACCOUNT - 22K,GOLD SALES ACCOUNT - 22K,GOLD ORNAMENTS 22K,GOLD ORNAMENTS 22K,true,true,true,false
2655,2655,JH/2526/ 522,JH2526522,GOLD SALES ACCOUNT - 22K,GOLD SALES ACCOUNT - 22K,GOLD ORNAMENTS 22K,GOLD ORNAMENTS 22K,true,true,true,false
2656,2656,JH/2526/ 524,JH2526524,GOLD SALES ACCOUNT - 22K,GOLD SALES ACCOUNT - 22K,GOLD ORNAMENTS 22K,GOLD ORNAMENTS 22K,true,true,true,false
2657,2657,JH/2526/ 525,JH2526525,GOLD SALES ACCOUNT - 22K,GOLD SALES ACCOUNT - 22K,GOLD ORNAMENTS 22K,GOLD ORNAMENTS 22K,true,true,true,false
2658,2658,JH/2526/ 526,JH2526526,GOLD SALES ACCOUNT - 22K,GOLD SALES ACCOUNT - 22K,GOLD ORNAMENTS 22K,GOLD ORNAMENTS 22K,true,true,true,false
2659,2659,JH/2526/ 528,JH2526528,GOLD SALES ACCOUNT - 22K,GOLD SALES ACCOUNT - 22K,GOLD ORNAMENTS 22K,GOLD ORNAMENTS 22K,true,true,true,false
2660,2660,JH/2526/ 530,JH2526530,GOLD SALES ACCOUNT - 22K,GOLD SALES ACCOUNT - 22K,GOLD ORNAMENTS 22K,GOLD ORNAMENTS 22K,true,true,true,false
2661,2661,JH/2526/ 533,JH2526533,GOLD SALES ACCOUNT - 22K,GOLD SALES ACCOUNT - 22K,GOLD ORNAMENTS 22K,GOLD ORNAMENTS 22K,true,true,true,false
2662,2662,JH/2526/ 536,JH2526536,GOLD SALES ACCOUNT - 22K,GOLD SALES ACCOUNT - 22K,GOLD ORNAMENTS 22K,GOLD ORNAMENTS 22K,true,true,true,false
2663,2663,JH/2526/ 538,JH2526538,GOLD SALES ACCOUNT - 22K,GOLD SALES ACCOUNT - 22K,GOLD ORNAMENTS 22K,GOLD ORNAMENTS 22K,true,true,true,false
2664,2664,JH/2526/ 539,JH2526539,GOLD SALES ACCOUNT - 22K,GOLD SALES ACCOUNT - 22K,GOLD ORNAMENTS 22K,GOLD ORNAMENTS 22K,true,true,true,false
2665,2665,JH/2526/ 542,JH2526542,GOLD SALES ACCOUNT - 22K,GOLD SALES ACCOUNT - 22K,GOLD ORNAMENTS 22K,GOLD ORNAMENTS 22K,true,true,true,false
2666,2666,JH/2526/ 543,JH2526543,GOLD SALES ACCOUNT - 22K,GOLD SALES ACCOUNT - 22K,GOLD ORNAMENTS 22K,GOLD ORNAMENTS 22K,true,true,true,false
2667,2667,JH/2526/ 545,JH2526545,GOLD SALES ACCOUNT - 22K,GOLD SALES ACCOUNT - 22K,GOLD ORNAMENTS 22K,GOLD ORNAMENTS 22K,true,true,true,false
2668,2668,JH/2526/ 550,JH2526550,GOLD SALES ACCOUNT - 22K,GOLD SALES ACCOUNT - 22K,GOLD ORNAMENTS 22K,GOLD ORNAMENTS 22K,true,true,true,false
2669,2669,JH/2526/ 555,JH2526555,GOLD SALES ACCOUNT - 22K,GOLD SALES ACCOUNT - 22K,GOLD ORNAMENTS 22K,GOLD ORNAMENTS 22K,true,true,true,false
2670,2670,JH/2526/ 560,JH2526560,GOLD SALES ACCOUNT - 22K,GOLD SALES ACCOUNT - 22K,GOLD ORNAMENTS 22K,GOLD ORNAMENTS 22K,true,true,true,false
2671,2671,JH/2526/ 565,JH2526565,GOLD SALES ACCOUNT - 22K,GOLD SALES ACCOUNT - 22K,GOLD ORNAMENTS 22K,GOLD ORNAMENTS 22K,true,true,true,false
2672,2672,JH/2526/ 572,JH2526572,GOLD SALES ACCOUNT - 22K,GOLD SALES ACCOUNT - 22K,GOLD ORNAMENTS 22K,GOLD ORNAMENTS 22K,true,true,true,false
2673,2673,JH/2526/ 575,JH2526575,GOLD SALES ACCOUNT - 22K,GOLD SALES ACCOUNT - 22K,GOLD ORNAMENTS 22K,GOLD ORNAMENTS 22K,true,true,true,false
2674,2674,JH/2526/ 579,JH2526579,GOLD SALES ACCOUNT - 22K,GOLD SALES ACCOUNT - 22K,GOLD ORNAMENTS 22K,GOLD ORNAMENTS 22K,true,true,true,false
2675,2675,JH/2526/ 586,JH2526586,GOLD SALES ACCOUNT - 22K,GOLD SALES ACCOUNT - 22K,GOLD ORNAMENTS 22K,GOLD ORNAMENTS 22K,true,true,true,false
2676,2676,JH/2526/ 587,JH2526587,GOLD SALES ACCOUNT - 22K,GOLD SALES ACCOUNT - 22K,GOLD ORNAMENTS 22K,GOLD ORNAMENTS 22K,true,true,true,false
2677,2677,JH/2526/ 591,JH2526591,GOLD SALES ACCOUNT - 22K,GOLD SALES ACCOUNT - 22K,GOLD ORNAMENTS 22K,GOLD ORNAMENTS 22K,true,true,true,false
2678,2678,JH/2526/ 593,JH2526593,GOLD SALES ACCOUNT - 22K,GOLD SALES ACCOUNT - 22K,GOLD ORNAMENTS 22K,GOLD ORNAMENTS 22K,true,true,true,false
2679,2679,JH/2526/ 594,JH2526594,GOLD SALES ACCOUNT - 22K,GOLD SALES ACCOUNT - 22K,GOLD ORNAMENTS 22K,GOLD ORNAMENTS 22K,true,true,true,false
2680,2680,JH/2526/ 595,JH2526595,GOLD SALES ACCOUNT - 22K,GOLD SALES ACCOUNT - 22K,GOLD ORNAMENTS 22K,GOLD ORNAMENTS 22K,true,true,true,false
2681,2681,JH/2526/ 596,JH2526596,GOLD SALES ACCOUNT - 22K,GOLD SALES ACCOUNT - 22K,GOLD ORNAMENTS 22K,GOLD ORNAMENTS 22K,true,true,true,false
2682,2682,JH/2526/ 599,JH2526599,GOLD SALES ACCOUNT - 22K,GOLD SALES ACCOUNT - 22K,GOLD ORNAMENTS 22K,GOLD ORNAMENTS 22K,true,true,true,false
2683,2683,JH/2526/ 603,JH2526603,GOLD SALES ACCOUNT - 22K,GOLD SALES ACCOUNT - 22K,GOLD ORNAMENTS 22K,GOLD ORNAMENTS 22K,true,true,true,false
2684,2684,JH/2526/ 606,JH2526606,GOLD SALES ACCOUNT - 22K,GOLD SALES ACCOUNT - 22K,GOLD ORNAMENTS 22K,GOLD ORNAMENTS 22K,true,true,true,false
2685,2685,JH/2526/ 607,JH2526607,GOLD SALES ACCOUNT - 22K,GOLD SALES ACCOUNT - 22K,GOLD ORNAMENTS 22K,GOLD ORNAMENTS 22K,true,true,true,false
2686,2686,JH/2526/ 611,JH2526611,GOLD SALES ACCOUNT - 22K,GOLD SALES ACCOUNT - 22K,GOLD ORNAMENTS 22K,GOLD ORNAMENTS 22K,true,true,true,false
2687,2687,JH/2526/ 612,JH2526612,GOLD SALES ACCOUNT - 22K,GOLD SALES ACCOUNT - 22K,GOLD ORNAMENTS 22K,GOLD ORNAMENTS 22K,true,true,true,false
2688,2688,JH/2526/ 615,JH2526615,GOLD SALES ACCOUNT - 22K,GOLD SALES ACCOUNT - 22K,GOLD ORNAMENTS 22K,GOLD ORNAMENTS 22K,true,true,true,false
2689,2689,JH/2526/ 617,JH2526617,GOLD SALES ACCOUNT - 22K,GOLD SALES ACCOUNT - 22K,GOLD ORNAMENTS 22K,GOLD ORNAMENTS 22K,true,true,true,false
2690,2690,JH/2526/ 622,JH2526622,GOLD SALES ACCOUNT - 22K,GOLD SALES ACCOUNT - 22K,GOLD ORNAMENTS 22K,GOLD ORNAMENTS 22K,true,true,true,false
2691,2691,JH/2526/ 623,JH2526623,GOLD SALES ACCOUNT - 22K,GOLD SALES ACCOUNT - 22K,GOLD ORNAMENTS 22K,GOLD ORNAMENTS 22K,true,true,true,false
2692,2692,JH/2526/ 627,JH2526627,GOLD SALES ACCOUNT - 22K,GOLD SALES ACCOUNT - 22K,GOLD ORNAMENTS 22K,GOLD ORNAMENTS 22K,true,true,true,false
2693,2693,JH/2526/ 629,JH2526629,GOLD SALES ACCOUNT - 22K,GOLD SALES ACCOUNT - 22K,GOLD ORNAMENTS 22K,GOLD ORNAMENTS 22K,true,true,true,false
2694,2694,JH/2526/ 632,JH2526632,GOLD SALES ACCOUNT - 22K,GOLD SALES ACCOUNT - 22K,GOLD ORNAMENTS 22K,GOLD ORNAMENTS 22K,true,true,true,false
2695,2695,JH/2526/ 635,JH2526635,GOLD SALES ACCOUNT - 22K,GOLD SALES ACCOUNT - 22K,GOLD ORNAMENTS 22K,GOLD ORNAMENTS 22K,true,true,true,false
2696,2696,JH/2526/ 637,JH2526637,GOLD SALES ACCOUNT - 22K,GOLD SALES ACCOUNT - 22K,GOLD ORNAMENTS 22K,GOLD ORNAMENTS 22K,true,true,true,false
2697,2697,JH/2526/ 638,JH2526638,GOLD SALES ACCOUNT - 22K,GOLD SALES ACCOUNT - 22K,GOLD ORNAMENTS 22K,GOLD ORNAMENTS 22K,true,true,true,false
2698,2698,JH/2526/ 638,JH2526638,GOLD SALES ACCOUNT - 22K,GOLD SALES ACCOUNT - 22K,GOLD ORNAMENTS 22K,GOLD ORNAMENTS 22K,true,true,true,false
2699,2699,JH/2526/ 640,JH2526640,GOLD SALES ACCOUNT - 22K,GOLD SALES ACCOUNT - 22K,GOLD ORNAMENTS 22K,GOLD ORNAMENTS 22K,true,true,true,false
2700,2700,JH/2526/ 642,JH2526642,GOLD SALES ACCOUNT - 22K,GOLD SALES ACCOUNT - 22K,GOLD ORNAMENTS 22K,GOLD ORNAMENTS 22K,true,true,true,false
2701,2701,JH/2526/ 643,JH2526643,GOLD SALES ACCOUNT - 22K,GOLD SALES ACCOUNT - 22K,GOLD ORNAMENTS 22K,GOLD ORNAMENTS 22K,true,true,true,false
2702,2702,JH/2526/ 644,JH2526644,GOLD SALES ACCOUNT - 22K,GOLD SALES ACCOUNT - 22K,GOLD ORNAMENTS 22K,GOLD ORNAMENTS 22K,true,true,true,false
2703,2703,JH/2526/ 645,JH2526645,GOLD SALES ACCOUNT - 22K,GOLD SALES ACCOUNT - 22K,GOLD ORNAMENTS 22K,GOLD ORNAMENTS 22K,true,true,true,false
2704,2704,JH/2526/ 649,JH2526649,GOLD SALES ACCOUNT - 22K,GOLD SALES ACCOUNT - 22K,GOLD ORNAMENTS 22K,GOLD ORNAMENTS 22K,true,true,true,false
2705,2705,JH/2526/ 655,JH2526655,GOLD SALES ACCOUNT - 22K,GOLD SALES ACCOUNT - 22K,GOLD ORNAMENTS 22K,GOLD ORNAMENTS 22K,true,true,true,false
2706,2706,JH/2526/ 656,JH2526656,GOLD SALES ACCOUNT - 22K,GOLD SALES ACCOUNT - 22K,GOLD ORNAMENTS 22K,GOLD ORNAMENTS 22K,true,true,true,false
2707,2707,JH/2526/ 658,JH2526658,GOLD SALES ACCOUNT - 22K,GOLD SALES ACCOUNT - 22K,GOLD ORNAMENTS 22K,GOLD ORNAMENTS 22K,true,true,true,false
2708,2708,JH/2526/ 660,JH2526660,GOLD SALES ACCOUNT - 22K,GOLD SALES ACCOUNT - 22K,GOLD ORNAMENTS 22K,GOLD ORNAMENTS 22K,true,true,true,false
2709,2709,JH/2526/ 664,JH2526664,GOLD SALES ACCOUNT - 22K,GOLD SALES ACCOUNT - 22K,GOLD ORNAMENTS 22K,GOLD ORNAMENTS 22K,true,true,true,false
2710,2710,JH/2526/ 665,JH2526665,GOLD SALES ACCOUNT - 22K,GOLD SALES ACCOUNT - 22K,GOLD ORNAMENTS 22K,GOLD ORNAMENTS 22K,true,true,true,false
2711,2711,JH/2526/ 672,JH2526672,GOLD SALES ACCOUNT - 22K,GOLD SALES ACCOUNT - 22K,GOLD ORNAMENTS 22K,GOLD ORNAMENTS 22K,true,true,true,false
2712,2712,JH/2526/ 673,JH2526673,GOLD SALES ACCOUNT - 22K,GOLD SALES ACCOUNT - 22K,GOLD ORNAMENTS 22K,GOLD ORNAMENTS 22K,true,true,true,false
2713,2713,JH/2526/ 676,JH2526676,GOLD SALES ACCOUNT - 22K,GOLD SALES ACCOUNT - 22K,GOLD ORNAMENTS 22K,GOLD ORNAMENTS 22K,true,true,true,false
2714,2714,JH/2526/ 679,JH2526679,GOLD SALES ACCOUNT - 22K,GOLD SALES ACCOUNT - 22K,GOLD ORNAMENTS 22K,GOLD ORNAMENTS 22K,true,true,true,false
2715,2715,JH/2526/ 681,JH2526681,GOLD SALES ACCOUNT - 22K,GOLD SALES ACCOUNT - 22K,GOLD ORNAMENTS 22K,GOLD ORNAMENTS 22K,true,true,true,false
2716,2716,JH/2526/ 683,JH2526683,GOLD SALES ACCOUNT - 22K,GOLD SALES ACCOUNT - 22K,GOLD ORNAMENTS 22K,GOLD ORNAMENTS 22K,true,true,true,false
2717,2717,JH/2526/ 690,JH2526690,GOLD SALES ACCOUNT - 22K,GOLD SALES ACCOUNT - 22K,GOLD ORNAMENTS 22K,GOLD ORNAMENTS 22K,true,true,true,false
2718,2718,JH/2526/ 690,JH2526690,GOLD SALES ACCOUNT - 22K,GOLD SALES ACCOUNT - 22K,GOLD ORNAMENTS 22K,GOLD ORNAMENTS 22K,true,true,true,false
2719,2719,JH/2526/ 691,JH2526691,GOLD SALES ACCOUNT - 22K,GOLD SALES ACCOUNT - 22K,GOLD ORNAMENTS 22K,GOLD ORNAMENTS 22K,true,true,true,false
2720,2720,JH/2526/ 692,JH2526692,GOLD SALES ACCOUNT - 22K,GOLD SALES ACCOUNT - 22K,GOLD ORNAMENTS 22K,GOLD ORNAMENTS 22K,true,true,true,false
2721,2721,JH/2526/ 693,JH2526693,GOLD SALES ACCOUNT - 22K,GOLD SALES ACCOUNT - 22K,GOLD ORNAMENTS 22K,GOLD ORNAMENTS 22K,true,true,true,false
2722,2722,JH/2526/ 696,JH2526696,GOLD SALES ACCOUNT - 22K,GOLD SALES ACCOUNT - 22K,GOLD ORNAMENTS 22K,GOLD ORNAMENTS 22K,true,true,true,false
2723,2723,JH/2526/ 700,JH2526700,GOLD SALES ACCOUNT - 22K,GOLD SALES ACCOUNT - 22K,GOLD ORNAMENTS 22K,GOLD ORNAMENTS 22K,true,true,true,false
2724,2724,JH/2526/ 703,JH2526703,GOLD SALES ACCOUNT - 22K,GOLD SALES ACCOUNT - 22K,GOLD ORNAMENTS 22K,GOLD ORNAMENTS 22K,true,true,true,false
2725,2725,JH/2526/ 704,JH2526704,GOLD SALES ACCOUNT - 22K,GOLD SALES ACCOUNT - 22K,GOLD ORNAMENTS 22K,GOLD ORNAMENTS 22K,true,true,true,false
2726,2726,JH/2526/ 705,JH2526705,GOLD SALES ACCOUNT - 22K,GOLD SALES ACCOUNT - 22K,GOLD ORNAMENTS 22K,GOLD ORNAMENTS 22K,true,true,true,false
2727,2727,JH/2526/ 708,JH2526708,GOLD SALES ACCOUNT - 22K,GOLD SALES ACCOUNT - 22K,GOLD ORNAMENTS 22K,GOLD ORNAMENTS 22K,true,true,true,false
2728,2728,JH/2526/ 710,JH2526710,GOLD SALES ACCOUNT - 22K,GOLD SALES ACCOUNT - 22K,GOLD ORNAMENTS 22K,GOLD ORNAMENTS 22K,true,true,true,false
2729,2729,JH/2526/ 713,JH2526713,GOLD SALES ACCOUNT - 22K,GOLD SALES ACCOUNT - 22K,GOLD ORNAMENTS 22K,GOLD ORNAMENTS 22K,true,true,true,false
2730,2730,JH/2526/ 714,JH2526714,GOLD SALES ACCOUNT - 22K,GOLD SALES ACCOUNT - 22K,GOLD ORNAMENTS 22K,GOLD ORNAMENTS 22K,true,true,true,false
2731,2731,JH/2526/ 715,JH2526715,GOLD SALES ACCOUNT - 22K,GOLD SALES ACCOUNT - 22K,GOLD ORNAMENTS 22K,GOLD ORNAMENTS 22K,true,true,true,false
2732,2732,JH/2526/ 716,JH2526716,GOLD SALES ACCOUNT - 22K,GOLD SALES ACCOUNT - 22K,GOLD ORNAMENTS 22K,GOLD ORNAMENTS 22K,true,true,true,false
2733,2733,JH/2526/ 717,JH2526717,GOLD SALES ACCOUNT - 22K,GOLD SALES ACCOUNT - 22K,GOLD ORNAMENTS 22K,GOLD ORNAMENTS 22K,true,true,true,false
2734,2734,JH/2526/ 719,JH2526719,GOLD SALES ACCOUNT - 22K,GOLD SALES ACCOUNT - 22K,GOLD ORNAMENTS 22K,GOLD ORNAMENTS 22K,true,true,true,false
2735,2735,JH/2526/ 721,JH2526721,GOLD SALES ACCOUNT - 22K,GOLD SALES ACCOUNT - 22K,GOLD ORNAMENTS 22K,GOLD ORNAMENTS 22K,true,true,true,false
2736,2736,JH/2526/ 723,JH2526723,GOLD SALES ACCOUNT - 22K,GOLD SALES ACCOUNT - 22K,GOLD ORNAMENTS 22K,GOLD ORNAMENTS 22K,true,true,true,false
2737,2737,JH/2526/ 727,JH2526727,GOLD SALES ACCOUNT - 22K,GOLD SALES ACCOUNT - 22K,GOLD ORNAMENTS 22K,GOLD ORNAMENTS 22K,true,true,true,false
2738,2738,JH/2526/ 728,JH2526728,GOLD SALES ACCOUNT - 22K,GOLD SALES ACCOUNT - 22K,GOLD ORNAMENTS 22K,GOLD ORNAMENTS 22K,true,true,true,false
2739,2739,JH/2526/ 729,JH2526729,GOLD SALES ACCOUNT - 22K,GOLD SALES ACCOUNT - 22K,GOLD ORNAMENTS 22K,GOLD ORNAMENTS 22K,true,true,true,false
2740,2740,JH/2526/ 734,JH2526734,GOLD SALES ACCOUNT - 22K,GOLD SALES ACCOUNT - 22K,GOLD ORNAMENTS 22K,GOLD ORNAMENTS 22K,true,true,true,false
2741,2741,JH/2526/ 735,JH2526735,GOLD SALES ACCOUNT - 22K,GOLD SALES ACCOUNT - 22K,GOLD ORNAMENTS 22K,GOLD ORNAMENTS 22K,true,true,true,false
2742,2742,JH/2526/ 737,JH2526737,GOLD SALES ACCOUNT - 22K,GOLD SALES ACCOUNT - 22K,GOLD ORNAMENTS 22K,GOLD ORNAMENTS 22K,true,true,true,false
2743,2743,JH/2526/ 739,JH2526739,GOLD SALES ACCOUNT - 22K,GOLD SALES ACCOUNT - 22K,GOLD ORNAMENTS 22K,GOLD ORNAMENTS 22K,true,true,true,false
2744,2744,JH/2526/ 741,JH2526741,GOLD SALES ACCOUNT - 22K,GOLD SALES ACCOUNT - 22K,GOLD ORNAMENTS 22K,GOLD ORNAMENTS 22K,true,true,true,false
2745,2745,JH/2526/ 742,JH2526742,GOLD SALES ACCOUNT - 22K,GOLD SALES ACCOUNT - 22K,GOLD ORNAMENTS 22K,GOLD ORNAMENTS 22K,true,true,true,false
2746,2746,JH/2526/ 743,JH2526743,GOLD SALES ACCOUNT - 22K,GOLD SALES ACCOUNT - 22K,GOLD ORNAMENTS 22K,GOLD ORNAMENTS 22K,true,true,true,false
2747,2747,JH/2526/ 743,JH2526743,GOLD SALES ACCOUNT - 22K,GOLD SALES ACCOUNT - 22K,GOLD ORNAMENTS 22K,GOLD ORNAMENTS 22K,true,true,true,false
2748,2748,JH/2526/ 743,JH2526743,GOLD SALES ACCOUNT - 22K,GOLD SALES ACCOUNT - 22K,GOLD ORNAMENTS 22K,GOLD ORNAMENTS 22K,true,true,true,false
2749,2749,JH/2526/ 745,JH2526745,GOLD SALES ACCOUNT - 22K,GOLD SALES ACCOUNT - 22K,GOLD ORNAMENTS 22K,GOLD ORNAMENTS 22K,true,true,true,false
2750,2750,JH/2526/ 747,JH2526747,GOLD SALES ACCOUNT - 22K,GOLD SALES ACCOUNT - 22K,GOLD ORNAMENTS 22K,GOLD ORNAMENTS 22K,true,true,true,false
2751,2751,JH/2526/ 751,JH2526751,GOLD SALES ACCOUNT - 22K,GOLD SALES ACCOUNT - 22K,GOLD ORNAMENTS 22K,GOLD ORNAMENTS 22K,true,true,true,false
2752,2752,JH/2526/ 753,JH2526753,GOLD SALES ACCOUNT - 22K,GOLD SALES ACCOUNT - 22K,GOLD ORNAMENTS 22K,GOLD ORNAMENTS 22K,true,true,true,false
2753,2753,JH/2526/ 755,JH2526755,GOLD SALES ACCOUNT - 22K,GOLD SALES ACCOUNT - 22K,GOLD ORNAMENTS 22K,GOLD ORNAMENTS 22K,true,true,true,false
2754,2754,JH/2526/ 760,JH2526760,GOLD SALES ACCOUNT - 22K,GOLD SALES ACCOUNT - 22K,GOLD ORNAMENTS 22K,GOLD ORNAMENTS 22K,true,true,true,false
2755,2755,JH/2526/ 761,JH2526761,GOLD SALES ACCOUNT - 22K,GOLD SALES ACCOUNT - 22K,GOLD ORNAMENTS 22K,GOLD ORNAMENTS 22K,true,true,true,false
2756,2756,JH/2526/ 761,JH2526761,GOLD SALES ACCOUNT - 22K,GOLD SALES ACCOUNT - 22K,GOLD ORNAMENTS 22K,GOLD ORNAMENTS 22K,true,true,true,false
2757,2757,JH/2526/ 761,JH2526761,GOLD SALES ACCOUNT - 22K,GOLD SALES ACCOUNT - 22K,GOLD ORNAMENTS 22K,GOLD ORNAMENTS 22K,true,true,true,false
2758,2758,JH/2526/ 763,JH2526763,GOLD SALES ACCOUNT - 22K,GOLD SALES ACCOUNT - 22K,GOLD ORNAMENTS 22K,GOLD ORNAMENTS 22K,true,true,true,false
2759,2759,JH/2526/ 763,JH2526763,GOLD SALES ACCOUNT - 22K,GOLD SALES ACCOUNT - 22K,GOLD ORNAMENTS 22K,GOLD ORNAMENTS 22K,true,true,true,false
2760,2760,JH/2526/ 765,JH2526765,GOLD SALES ACCOUNT - 22K,GOLD SALES ACCOUNT - 22K,GOLD ORNAMENTS 22K,GOLD ORNAMENTS 22K,true,true,true,false
2761,2761,JH/2526/ 766,JH2526766,GOLD SALES ACCOUNT - 22K,GOLD SALES ACCOUNT - 22K,GOLD ORNAMENTS 22K,GOLD ORNAMENTS 22K,true,true,true,false
2762,2762,JH/2526/ 771,JH2526771,GOLD SALES ACCOUNT - 22K,GOLD SALES ACCOUNT - 22K,GOLD ORNAMENTS 22K,GOLD ORNAMENTS 22K,true,true,true,false
2763,2763,JH/2526/ 772,JH2526772,GOLD SALES ACCOUNT - 22K,GOLD SALES ACCOUNT - 22K,GOLD ORNAMENTS 22K,GOLD ORNAMENTS 22K,true,true,true,false
2764,2764,JH/2526/ 773,JH2526773,GOLD SALES ACCOUNT - 22K,GOLD SALES ACCOUNT - 22K,GOLD ORNAMENTS 22K,GOLD ORNAMENTS 22K,true,true,true,false
2765,2765,JH/2526/ 774,JH2526774,GOLD SALES ACCOUNT - 22K,GOLD SALES ACCOUNT - 22K,GOLD ORNAMENTS 22K,GOLD ORNAMENTS 22K,true,true,true,false
2766,2766,JH/2526/ 778,JH2526778,GOLD SALES ACCOUNT - 22K,GOLD SALES ACCOUNT - 22K,GOLD ORNAMENTS 22K,GOLD ORNAMENTS 22K,true,true,true,false
2767,2767,JH/2526/ 780,JH2526780,GOLD SALES ACCOUNT - 22K,GOLD SALES ACCOUNT - 22K,GOLD ORNAMENTS 22K,GOLD ORNAMENTS 22K,true,true,true,false
2768,2768,JH/2526/ 781,JH2526781,GOLD SALES ACCOUNT - 22K,GOLD SALES ACCOUNT - 22K,GOLD ORNAMENTS 22K,GOLD ORNAMENTS 22K,true,true,true,false
2769,2769,JH/2526/ 792,JH2526792,GOLD SALES ACCOUNT - 22K,GOLD SALES ACCOUNT - 22K,GOLD ORNAMENTS 22K,GOLD ORNAMENTS 22K,true,true,true,false
2770,2770,JH/2526/ 793,JH2526793,GOLD SALES ACCOUNT - 22K,GOLD SALES ACCOUNT - 22K,GOLD ORNAMENTS 22K,GOLD ORNAMENTS 22K,true,true,true,false
2771,2771,JH/2526/ 794,JH2526794,GOLD SALES ACCOUNT - 22K,GOLD SALES ACCOUNT - 22K,GOLD ORNAMENTS 22K,GOLD ORNAMENTS 22K,true,true,true,false
2772,2772,JH/2526/ 797,JH2526797,GOLD SALES ACCOUNT - 22K,GOLD SALES ACCOUNT - 22K,GOLD ORNAMENTS 22K,GOLD ORNAMENTS 22K,true,true,true,false
2773,2773,JH/2526/ 798,JH2526798,GOLD SALES ACCOUNT - 22K,GOLD SALES ACCOUNT - 22K,GOLD ORNAMENTS 22K,GOLD ORNAMENTS 22K,true,true,true,false
2774,2774,JH/2526/ 799,JH2526799,GOLD SALES ACCOUNT - 22K,GOLD SALES ACCOUNT - 22K,GOLD ORNAMENTS 22K,GOLD ORNAMENTS 22K,true,true,true,false
2775,2775,JH/2526/ 799,JH2526799,GOLD SALES ACCOUNT - 22K,GOLD SALES ACCOUNT - 22K,GOLD ORNAMENTS 22K,GOLD ORNAMENTS 22K,true,true,true,false
2776,2776,JH/2526/ 801,JH2526801,GOLD SALES ACCOUNT - 22K,GOLD SALES ACCOUNT - 22K,GOLD ORNAMENTS 22K,GOLD ORNAMENTS 22K,true,true,true,false
2777,2777,JH/2526/ 804,JH2526804,GOLD SALES ACCOUNT - 22K,GOLD SALES ACCOUNT - 22K,GOLD ORNAMENTS 22K,GOLD ORNAMENTS 22K,true,true,true,false
2778,2778,JH/2526/ 815,JH2526815,GOLD SALES ACCOUNT - 22K,GOLD SALES ACCOUNT - 22K,GOLD ORNAMENTS 22K,GOLD ORNAMENTS 22K,true,true,true,false
2779,2779,JH/2526/ 819,JH2526819,GOLD SALES ACCOUNT - 22K,GOLD SALES ACCOUNT - 22K,GOLD ORNAMENTS 22K,GOLD ORNAMENTS 22K,true,true,true,false
2780,2780,JH/2526/ 820,JH2526820,GOLD SALES ACCOUNT - 22K,GOLD SALES ACCOUNT - 22K,GOLD ORNAMENTS 22K,GOLD ORNAMENTS 22K,true,true,true,false
2781,2781,JH/2526/ 824,JH2526824,GOLD SALES ACCOUNT - 22K,GOLD SALES ACCOUNT - 22K,GOLD ORNAMENTS 22K,GOLD ORNAMENTS 22K,true,true,true,false
2782,2782,JH/2526/ 825,JH2526825,GOLD SALES ACCOUNT - 22K,GOLD SALES ACCOUNT - 22K,GOLD ORNAMENTS 22K,GOLD ORNAMENTS 22K,true,true,true,false
2783,2783,JH/2526/ 830,JH2526830,GOLD SALES ACCOUNT - 22K,GOLD SALES ACCOUNT - 22K,GOLD ORNAMENTS 22K,GOLD ORNAMENTS 22K,true,true,true,false
2784,2784,JH/2526/ 833,JH2526833,GOLD SALES ACCOUNT - 22K,GOLD SALES ACCOUNT - 22K,GOLD ORNAMENTS 22K,GOLD ORNAMENTS 22K,true,true,true,false
2785,2785,JH/2526/ 836,JH2526836,GOLD SALES ACCOUNT - 22K,GOLD SALES ACCOUNT - 22K,GOLD ORNAMENTS 22K,GOLD ORNAMENTS 22K,true,true,true,false
2786,2786,JH/2526/ 837,JH2526837,GOLD SALES ACCOUNT - 22K,GOLD SALES ACCOUNT - 22K,GOLD ORNAMENTS 22K,GOLD ORNAMENTS 22K,true,true,true,false
2787,2787,JH/2526/ 841,JH2526841,GOLD SALES ACCOUNT - 22K,GOLD SALES ACCOUNT - 22K,GOLD ORNAMENTS 22K,GOLD ORNAMENTS 22K,true,true,true,false
2788,2788,JH/2526/ 842,JH2526842,GOLD SALES ACCOUNT - 22K,GOLD SALES ACCOUNT - 22K,GOLD ORNAMENTS 22K,GOLD ORNAMENTS 22K,true,true,true,false
2789,2789,JH/2526/ 846,JH2526846,GOLD SALES ACCOUNT - 22K,GOLD SALES ACCOUNT - 22K,GOLD ORNAMENTS 22K,GOLD ORNAMENTS 22K,true,true,true,false
2790,2790,JH/2526/ 847,JH2526847,GOLD SALES ACCOUNT - 22K,GOLD SALES ACCOUNT - 22K,GOLD ORNAMENTS 22K,GOLD ORNAMENTS 22K,true,true,true,false
2791,2791,JH/2526/ 848,JH2526848,GOLD SALES ACCOUNT - 22K,GOLD SALES ACCOUNT - 22K,GOLD ORNAMENTS 22K,GOLD ORNAMENTS 22K,true,true,true,false
2792,2792,JH/2526/ 849,JH2526849,GOLD SALES ACCOUNT - 22K,GOLD SALES ACCOUNT - 22K,GOLD ORNAMENTS 22K,GOLD ORNAMENTS 22K,true,true,true,false
2793,2793,JH/2526/ 854,JH2526854,GOLD SALES ACCOUNT - 22K,GOLD SALES ACCOUNT - 22K,GOLD ORNAMENTS 22K,GOLD ORNAMENTS 22K,true,true,true,false
2794,2794,JH/2526/ 854,JH2526854,GOLD SALES ACCOUNT - 22K,GOLD SALES ACCOUNT - 22K,GOLD ORNAMENTS 22K,GOLD ORNAMENTS 22K,true,true,true,false
2795,2795,JH/2526/ 854,JH2526854,GOLD SALES ACCOUNT - 22K,GOLD SALES ACCOUNT - 22K,GOLD ORNAMENTS 22K,GOLD ORNAMENTS 22K,true,true,true,false
2796,2796,JH/2526/ 856,JH2526856,GOLD SALES ACCOUNT - 22K,GOLD SALES ACCOUNT - 22K,GOLD ORNAMENTS 22K,GOLD ORNAMENTS 22K,true,true,true,false
2797,2797,JH/2526/ 857,JH2526857,GOLD SALES ACCOUNT - 22K,GOLD SALES ACCOUNT - 22K,GOLD ORNAMENTS 22K,GOLD ORNAMENTS 22K,true,true,true,false
2798,2798,JH/2526/ 858,JH2526858,GOLD SALES ACCOUNT - 22K,GOLD SALES ACCOUNT - 22K,GOLD ORNAMENTS 22K,GOLD ORNAMENTS 22K,true,true,true,false
2799,2799,JH/2526/ 859,JH2526859,GOLD SALES ACCOUNT - 22K,GOLD SALES ACCOUNT - 22K,GOLD ORNAMENTS 22K,GOLD ORNAMENTS 22K,true,true,true,false
2800,2800,JH/2526/ 860,JH2526860,GOLD SALES ACCOUNT - 22K,GOLD SALES ACCOUNT - 22K,GOLD ORNAMENTS 22K,GOLD ORNAMENTS 22K,true,true,true,false
2801,2801,JH/2526/ 861,JH2526861,GOLD SALES ACCOUNT - 22K,GOLD SALES ACCOUNT - 22K,GOLD ORNAMENTS 22K,GOLD ORNAMENTS 22K,true,true,true,false
2802,2802,JH/2526/ 862,JH2526862,GOLD SALES ACCOUNT - 22K,GOLD SALES ACCOUNT - 22K,GOLD ORNAMENTS 22K,GOLD ORNAMENTS 22K,true,true,true,false
2803,2803,JH/2526/ 866,JH2526866,GOLD SALES ACCOUNT - 22K,GOLD SALES ACCOUNT - 22K,GOLD ORNAMENTS 22K,GOLD ORNAMENTS 22K,true,true,true,false
2804,2804,JH/2526/ 867,JH2526867,GOLD SALES ACCOUNT - 22K,GOLD SALES ACCOUNT - 22K,GOLD ORNAMENTS 22K,GOLD ORNAMENTS 22K,true,true,true,false
2805,2805,JH/2526/ 869,JH2526869,GOLD SALES ACCOUNT - 22K,GOLD SALES ACCOUNT - 22K,GOLD ORNAMENTS 22K,GOLD ORNAMENTS 22K,true,true,true,false
2806,2806,JH/2526/ 870,JH2526870,GOLD SALES ACCOUNT - 22K,GOLD SALES ACCOUNT - 22K,GOLD ORNAMENTS 22K,GOLD ORNAMENTS 22K,true,true,true,false
2807,2807,JH/2526/ 876,JH2526876,GOLD SALES ACCOUNT - 22K,GOLD SALES ACCOUNT - 22K,GOLD ORNAMENTS 22K,GOLD ORNAMENTS 22K,true,true,true,false
2808,2808,JH/2526/ 877,JH2526877,GOLD SALES ACCOUNT - 22K,GOLD SALES ACCOUNT - 22K,GOLD ORNAMENTS 22K,GOLD ORNAMENTS 22K,true,true,true,false
2809,2809,JH/2526/ 878,JH2526878,GOLD SALES ACCOUNT - 22K,GOLD SALES ACCOUNT - 22K,GOLD ORNAMENTS 22K,GOLD ORNAMENTS 22K,true,true,true,false
2810,2810,JH/2526/ 881,JH2526881,GOLD SALES ACCOUNT - 22K,GOLD SALES ACCOUNT - 22K,GOLD ORNAMENTS 22K,GOLD ORNAMENTS 22K,true,true,true,false
2811,2811,JH/2526/ 882,JH2526882,GOLD SALES ACCOUNT - 22K,GOLD SALES ACCOUNT - 22K,GOLD ORNAMENTS 22K,GOLD ORNAMENTS 22K,true,true,true,false
2812,2812,JH/2526/ 885,JH2526885,GOLD SALES ACCOUNT - 22K,GOLD SALES ACCOUNT - 22K,GOLD ORNAMENTS 22K,GOLD ORNAMENTS 22K,true,true,true,false
2813,2813,JH/2526/ 887,JH2526887,GOLD SALES ACCOUNT - 22K,GOLD SALES ACCOUNT - 22K,GOLD ORNAMENTS 22K,GOLD ORNAMENTS 22K,true,true,true,false
2814,2814,JH/2526/ 888,JH2526888,GOLD SALES ACCOUNT - 22K,GOLD SALES ACCOUNT - 22K,GOLD ORNAMENTS 22K,GOLD ORNAMENTS 22K,true,true,true,false
2815,2815,JH/2526/ 889,JH2526889,GOLD SALES ACCOUNT - 22K,GOLD SALES ACCOUNT - 22K,GOLD ORNAMENTS 22K,GOLD ORNAMENTS 22K,true,true,true,false
2816,2816,JH/2526/ 890,JH2526890,GOLD SALES ACCOUNT - 22K,GOLD SALES ACCOUNT - 22K,GOLD ORNAMENTS 22K,GOLD ORNAMENTS 22K,true,true,true,false
2817,2817,JH/2526/ 893,JH2526893,GOLD SALES ACCOUNT - 22K,GOLD SALES ACCOUNT - 22K,GOLD ORNAMENTS 22K,GOLD ORNAMENTS 22K,true,true,true,false
2818,2818,JH/2526/ 894,JH2526894,GOLD SALES ACCOUNT - 22K,GOLD SALES ACCOUNT - 22K,GOLD ORNAMENTS 22K,GOLD ORNAMENTS 22K,true,true,true,false
2819,2819,JH/2526/ 896,JH2526896,GOLD SALES ACCOUNT - 22K,GOLD SALES ACCOUNT - 22K,GOLD ORNAMENTS 22K,GOLD ORNAMENTS 22K,true,true,true,false
2820,2820,JH/2526/ 897,JH2526897,GOLD SALES ACCOUNT - 22K,GOLD SALES ACCOUNT - 22K,GOLD ORNAMENTS 22K,GOLD ORNAMENTS 22K,true,true,true,false
2821,2821,JH/2526/ 901,JH2526901,GOLD SALES ACCOUNT - 22K,GOLD SALES ACCOUNT - 22K,GOLD ORNAMENTS 22K,GOLD ORNAMENTS 22K,true,true,true,false
2822,2822,JH/2526/ 904,JH2526904,GOLD SALES ACCOUNT - 22K,GOLD SALES ACCOUNT - 22K,GOLD ORNAMENTS 22K,GOLD ORNAMENTS 22K,true,true,true,false
2823,2823,JH/2526/ 907,JH2526907,GOLD SALES ACCOUNT - 22K,GOLD SALES ACCOUNT - 22K,GOLD ORNAMENTS 22K,GOLD ORNAMENTS 22K,true,true,true,false
2824,2824,JH/2526/ 911,JH2526911,GOLD SALES ACCOUNT - 22K,GOLD SALES ACCOUNT - 22K,GOLD ORNAMENTS 22K,GOLD ORNAMENTS 22K,true,true,true,false
2825,2825,JH/2526/ 912,JH2526912,GOLD SALES ACCOUNT - 22K,GOLD SALES ACCOUNT - 22K,GOLD ORNAMENTS 22K,GOLD ORNAMENTS 22K,true,true,true,false
2826,2826,JH/2526/ 914,JH2526914,GOLD SALES ACCOUNT - 22K,GOLD SALES ACCOUNT - 22K,GOLD ORNAMENTS 22K,GOLD ORNAMENTS 22K,true,true,true,false
2827,2827,JH/2526/ 916,JH2526916,GOLD SALES ACCOUNT - 22K,GOLD SALES ACCOUNT - 22K,GOLD ORNAMENTS 22K,GOLD ORNAMENTS 22K,true,true,true,false
2828,2828,JH/2526/ 920,JH2526920,GOLD SALES ACCOUNT - 22K,GOLD SALES ACCOUNT - 22K,GOLD ORNAMENTS 22K,GOLD ORNAMENTS 22K,true,true,true,false
2829,2829,JH/2526/ 920,JH2526920,GOLD SALES ACCOUNT - 22K,GOLD SALES ACCOUNT - 22K,GOLD ORNAMENTS 22K,GOLD ORNAMENTS 22K,true,true,true,false
2830,2830,JH/2526/ 923,JH2526923,GOLD SALES ACCOUNT - 22K,GOLD SALES ACCOUNT - 22K,GOLD ORNAMENTS 22K,GOLD ORNAMENTS 22K,true,true,true,false
2831,2831,JH/2526/ 924,JH2526924,GOLD SALES ACCOUNT - 22K,GOLD SALES ACCOUNT - 22K,GOLD ORNAMENTS 22K,GOLD ORNAMENTS 22K,true,true,true,false
2832,2832,JH/2526/ 926,JH2526926,GOLD SALES ACCOUNT - 22K,GOLD SALES ACCOUNT - 22K,GOLD ORNAMENTS 22K,GOLD ORNAMENTS 22K,true,true,true,false
2833,2833,JH/2526/ 927,JH2526927,GOLD SALES ACCOUNT - 22K,GOLD SALES ACCOUNT - 22K,GOLD ORNAMENTS 22K,GOLD ORNAMENTS 22K,true,true,true,false
2834,2834,JH/2526/ 928,JH2526928,GOLD SALES ACCOUNT - 22K,GOLD SALES ACCOUNT - 22K,GOLD ORNAMENTS 22K,GOLD ORNAMENTS 22K,true,true,true,false
2835,2835,JH/2526/ 931,JH2526931,GOLD SALES ACCOUNT - 22K,GOLD SALES ACCOUNT - 22K,GOLD ORNAMENTS 22K,GOLD ORNAMENTS 22K,true,true,true,false
2836,2836,JH/2526/ 932,JH2526932,GOLD SALES ACCOUNT - 22K,GOLD SALES ACCOUNT - 22K,GOLD ORNAMENTS 22K,GOLD ORNAMENTS 22K,true,true,true,false
2837,2837,JH/2526/ 940,JH2526940,GOLD SALES ACCOUNT - 22K,GOLD SALES ACCOUNT - 22K,GOLD ORNAMENTS 22K,GOLD ORNAMENTS 22K,true,true,true,false
2838,2838,JH/2526/ 943,JH2526943,GOLD SALES ACCOUNT - 22K,GOLD SALES ACCOUNT - 22K,GOLD ORNAMENTS 22K,GOLD ORNAMENTS 22K,true,true,true,false
2839,2839,JH/2526/ 945,JH2526945,GOLD SALES ACCOUNT - 22K,GOLD SALES ACCOUNT - 22K,GOLD ORNAMENTS 22K,GOLD ORNAMENTS 22K,true,true,true,false
2840,2840,JH/2526/ 946,JH2526946,GOLD SALES ACCOUNT - 22K,GOLD SALES ACCOUNT - 22K,GOLD ORNAMENTS 22K,GOLD ORNAMENTS 22K,true,true,true,false
2841,2841,JH/2526/ 947,JH2526947,GOLD SALES ACCOUNT - 22K,GOLD SALES ACCOUNT - 22K,GOLD ORNAMENTS 22K,GOLD ORNAMENTS 22K,true,true,true,false
2842,2842,JH/2526/ 949,JH2526949,GOLD SALES ACCOUNT - 22K,GOLD SALES ACCOUNT - 22K,GOLD ORNAMENTS 22K,GOLD ORNAMENTS 22K,true,true,true,false
2843,2843,JH/2526/ 950,JH2526950,GOLD SALES ACCOUNT - 22K,GOLD SALES ACCOUNT - 22K,GOLD ORNAMENTS 22K,GOLD ORNAMENTS 22K,true,true,true,false
2844,2844,JH/2526/ 952,JH2526952,GOLD SALES ACCOUNT - 22K,GOLD SALES ACCOUNT - 22K,GOLD ORNAMENTS 22K,GOLD ORNAMENTS 22K,true,true,true,false
2845,2845,JH/2526/ 955,JH2526955,GOLD SALES ACCOUNT - 22K,GOLD SALES ACCOUNT - 22K,GOLD ORNAMENTS 22K,GOLD ORNAMENTS 22K,true,true,true,false
2846,2846,JH/2526/ 957,JH2526957,GOLD SALES ACCOUNT - 22K,GOLD SALES ACCOUNT - 22K,GOLD ORNAMENTS 22K,GOLD ORNAMENTS 22K,true,true,true,false
2847,2847,JH/2526/ 962,JH2526962,GOLD SALES ACCOUNT - 22K,GOLD SALES ACCOUNT - 22K,GOLD ORNAMENTS 22K,GOLD ORNAMENTS 22K,true,true,true,false
2848,2848,JH/2526/ 964,JH2526964,GOLD SALES ACCOUNT - 22K,GOLD SALES ACCOUNT - 22K,GOLD ORNAMENTS 22K,GOLD ORNAMENTS 22K,true,true,true,false
2849,2849,JH/2526/ 964,JH2526964,GOLD SALES ACCOUNT - 22K,GOLD SALES ACCOUNT - 22K,GOLD ORNAMENTS 22K,GOLD ORNAMENTS 22K,true,true,true,false
2850,2850,JH/2526/ 965,JH2526965,GOLD SALES ACCOUNT - 22K,GOLD SALES ACCOUNT - 22K,GOLD ORNAMENTS 22K,GOLD ORNAMENTS 22K,true,true,true,false
2851,2851,JH/2526/ 968,JH2526968,GOLD SALES ACCOUNT - 22K,GOLD SALES ACCOUNT - 22K,GOLD ORNAMENTS 22K,GOLD ORNAMENTS 22K,true,true,true,false
2852,2852,JH/2526/ 970,JH2526970,GOLD SALES ACCOUNT - 22K,GOLD SALES ACCOUNT - 22K,GOLD ORNAMENTS 22K,GOLD ORNAMENTS 22K,true,true,true,false
2853,2853,JH/2526/ 971,JH2526971,GOLD SALES ACCOUNT - 22K,GOLD SALES ACCOUNT - 22K,GOLD ORNAMENTS 22K,GOLD ORNAMENTS 22K,true,true,true,false
2854,2854,JH/2526/ 974,JH2526974,GOLD SALES ACCOUNT - 22K,GOLD SALES ACCOUNT - 22K,GOLD ORNAMENTS 22K,GOLD ORNAMENTS 22K,true,true,true,false
2855,2855,JH/2526/ 974,JH2526974,GOLD SALES ACCOUNT - 22K,GOLD SALES ACCOUNT - 22K,GOLD ORNAMENTS 22K,GOLD ORNAMENTS 22K,true,true,true,false
2856,2856,JH/2526/ 977,JH2526977,GOLD SALES ACCOUNT - 22K,GOLD SALES ACCOUNT - 22K,GOLD ORNAMENTS 22K,GOLD ORNAMENTS 22K,true,true,true,false
2857,2857,JH/2526/ 979,JH2526979,GOLD SALES ACCOUNT - 22K,GOLD SALES ACCOUNT - 22K,GOLD ORNAMENTS 22K,GOLD ORNAMENTS 22K,true,true,true,false
2858,2858,JH/2526/ 980,JH2526980,GOLD SALES ACCOUNT - 22K,GOLD SALES ACCOUNT - 22K,GOLD ORNAMENTS 22K,GOLD ORNAMENTS 22K,true,true,true,false
2859,2859,JH/2526/ 981,JH2526981,GOLD SALES ACCOUNT - 22K,GOLD SALES ACCOUNT - 22K,GOLD ORNAMENTS 22K,GOLD ORNAMENTS 22K,true,true,true,false
2860,2860,JH/2526/ 981,JH2526981,GOLD SALES ACCOUNT - 22K,GOLD SALES ACCOUNT - 22K,GOLD ORNAMENTS 22K,GOLD ORNAMENTS 22K,true,true,true,false
2861,2861,JH/2526/ 982,JH2526982,GOLD SALES ACCOUNT - 22K,GOLD SALES ACCOUNT - 22K,GOLD ORNAMENTS 22K,GOLD ORNAMENTS 22K,true,true,true,false
2862,2862,JH/2526/ 985,JH2526985,GOLD SALES ACCOUNT - 22K,GOLD SALES ACCOUNT - 22K,GOLD ORNAMENTS 22K,GOLD ORNAMENTS 22K,true,true,true,false
2863,2863,JH/2526/ 986,JH2526986,GOLD SALES ACCOUNT - 22K,GOLD SALES ACCOUNT - 22K,GOLD ORNAMENTS 22K,GOLD ORNAMENTS 22K,true,true,true,false
2864,2864,JH/2526/ 989,JH2526989,GOLD SALES ACCOUNT - 22K,GOLD SALES ACCOUNT - 22K,GOLD ORNAMENTS 22K,GOLD ORNAMENTS 22K,true,true,true,false
2865,2865,JH/2526/ 990,JH2526990,GOLD SALES ACCOUNT - 22K,GOLD SALES ACCOUNT - 22K,GOLD ORNAMENTS 22K,GOLD ORNAMENTS 22K,true,true,true,false
2866,2866,JH/2526/ 993,JH2526993,GOLD SALES ACCOUNT - 22K,GOLD SALES ACCOUNT - 22K,GOLD ORNAMENTS 22K,GOLD ORNAMENTS 22K,true,true,true,false
2867,2867,JH/2526/ 996,JH2526996,GOLD SALES ACCOUNT - 22K,GOLD SALES ACCOUNT - 22K,GOLD ORNAMENTS 22K,GOLD ORNAMENTS 22K,true,true,true,false
2868,2868,JH/B/2526/ 5,JHB25265,GOLD SALES ACCOUNT - 22K,GOLD SALES ACCOUNT - 22K,GOLD ORNAMENTS 22K,GOLD ORNAMENTS 22K,true,true,true,false
2869,2869,JH/2526/ 999,JH2526999,GOLD SALES ACCOUNT - 22K,GOLD SALES ACCOUNT - 22K,GOLD ORNAMENTS 22K,GOLD ORNAMENTS 22K,true,true,true,false
2870,2870,JH/2526/ 1000,JH25261000,GOLD SALES ACCOUNT - 22K,GOLD SALES ACCOUNT - 22K,GOLD ORNAMENTS 22K,GOLD ORNAMENTS 22K,true,true,true,false
2871,2871,JH/2526/ 1004,JH25261004,GOLD SALES ACCOUNT - 22K,GOLD SALES ACCOUNT - 22K,GOLD ORNAMENTS 22K,GOLD ORNAMENTS 22K,true,true,true,false
2872,2872,JH/2526/ 1007,JH25261007,GOLD SALES ACCOUNT - 22K,GOLD SALES ACCOUNT - 22K,GOLD ORNAMENTS 22K,GOLD ORNAMENTS 22K,true,true,true,false
2873,2873,JH/2526/ 1010,JH25261010,GOLD SALES ACCOUNT - 22K,GOLD SALES ACCOUNT - 22K,GOLD ORNAMENTS 22K,GOLD ORNAMENTS 22K,true,true,true,false
2874,2874,JH/2526/ 1012,JH25261012,GOLD SALES ACCOUNT - 22K,GOLD SALES ACCOUNT - 22K,GOLD ORNAMENTS 22K,GOLD ORNAMENTS 22K,true,true,true,false
2875,2875,JH/2526/ 1013,JH25261013,GOLD SALES ACCOUNT - 22K,GOLD SALES ACCOUNT - 22K,GOLD ORNAMENTS 22K,GOLD ORNAMENTS 22K,true,true,true,false
2876,2876,JH/2526/ 1016,JH25261016,GOLD SALES ACCOUNT - 22K,GOLD SALES ACCOUNT - 22K,GOLD ORNAMENTS 22K,GOLD ORNAMENTS 22K,true,true,true,false
2877,2877,JH/2526/ 1018,JH25261018,GOLD SALES ACCOUNT - 22K,GOLD SALES ACCOUNT - 22K,GOLD ORNAMENTS 22K,GOLD ORNAMENTS 22K,true,true,true,false
2878,2878,JH/2526/ 1020,JH25261020,GOLD SALES ACCOUNT - 22K,GOLD SALES ACCOUNT - 22K,GOLD ORNAMENTS 22K,GOLD ORNAMENTS 22K,true,true,true,false
2879,2879,JH/2526/ 1024,JH25261024,GOLD SALES ACCOUNT - 22K,GOLD SALES ACCOUNT - 22K,GOLD ORNAMENTS 22K,GOLD ORNAMENTS 22K,true,true,true,false
2880,2880,JH/2526/ 1027,JH25261027,GOLD SALES ACCOUNT - 22K,GOLD SALES ACCOUNT - 22K,GOLD ORNAMENTS 22K,GOLD ORNAMENTS 22K,true,true,true,false
2881,2881,JH/2526/ 1027,JH25261027,GOLD SALES ACCOUNT - 22K,GOLD SALES ACCOUNT - 22K,GOLD ORNAMENTS 22K,GOLD ORNAMENTS 22K,true,true,true,false
2882,2882,JH/2526/ 1028,JH25261028,GOLD SALES ACCOUNT - 22K,GOLD SALES ACCOUNT - 22K,GOLD ORNAMENTS 22K,GOLD ORNAMENTS 22K,true,true,true,false
2883,2883,JH/2526/ 1031,JH25261031,GOLD SALES ACCOUNT - 22K,GOLD SALES ACCOUNT - 22K,GOLD ORNAMENTS 22K,GOLD ORNAMENTS 22K,true,true,true,false
2884,2884,JH/2526/ 1035,JH25261035,GOLD SALES ACCOUNT - 22K,GOLD SALES ACCOUNT - 22K,GOLD ORNAMENTS 22K,GOLD ORNAMENTS 22K,true,true,true,false
2885,2885,JH/2526/ 1037,JH25261037,GOLD SALES ACCOUNT - 22K,GOLD SALES ACCOUNT - 22K,GOLD ORNAMENTS 22K,GOLD ORNAMENTS 22K,true,true,true,false
2886,2886,JH/2526/ 1041,JH25261041,GOLD SALES ACCOUNT - 22K,GOLD SALES ACCOUNT - 22K,GOLD ORNAMENTS 22K,GOLD ORNAMENTS 22K,true,true,true,false
2887,2887,JH/2526/ 1044,JH25261044,GOLD SALES ACCOUNT - 22K,GOLD SALES ACCOUNT - 22K,GOLD ORNAMENTS 22K,GOLD ORNAMENTS 22K,true,true,true,false
2888,2888,JH/2526/ 1044,JH25261044,GOLD SALES ACCOUNT - 22K,GOLD SALES ACCOUNT - 22K,GOLD ORNAMENTS 22K,GOLD ORNAMENTS 22K,true,true,true,false
2889,2889,JH/2526/ 1045,JH25261045,GOLD SALES ACCOUNT - 22K,GOLD SALES ACCOUNT - 22K,GOLD ORNAMENTS 22K,GOLD ORNAMENTS 22K,true,true,true,false
2890,2890,JH/2526/ 1046,JH25261046,GOLD SALES ACCOUNT - 22K,GOLD SALES ACCOUNT - 22K,GOLD ORNAMENTS 22K,GOLD ORNAMENTS 22K,true,true,true,false
2891,2891,JH/2526/ 1051,JH25261051,GOLD SALES ACCOUNT - 22K,GOLD SALES ACCOUNT - 22K,GOLD ORNAMENTS 22K,GOLD ORNAMENTS 22K,true,true,true,false
2892,2892,JH/2526/ 1052,JH25261052,GOLD SALES ACCOUNT - 22K,GOLD SALES ACCOUNT - 22K,GOLD ORNAMENTS 22K,GOLD ORNAMENTS 22K,true,true,true,false
2893,2893,JH/2526/ 1055,JH25261055,GOLD SALES ACCOUNT - 22K,GOLD SALES ACCOUNT - 22K,GOLD ORNAMENTS 22K,GOLD ORNAMENTS 22K,true,true,true,false
2894,2894,JH/2526/ 1057,JH25261057,GOLD SALES ACCOUNT - 22K,GOLD SALES ACCOUNT - 22K,GOLD ORNAMENTS 22K,GOLD ORNAMENTS 22K,true,true,true,false
2895,2895,JH/2526/ 1060,JH25261060,GOLD SALES ACCOUNT - 22K,GOLD SALES ACCOUNT - 22K,GOLD ORNAMENTS 22K,GOLD ORNAMENTS 22K,true,true,true,false
2896,2896,JH/2526/ 1062,JH25261062,GOLD SALES ACCOUNT - 22K,GOLD SALES ACCOUNT - 22K,GOLD ORNAMENTS 22K,GOLD ORNAMENTS 22K,true,true,true,false
2897,2897,JH/2526/ 1062,JH25261062,GOLD SALES ACCOUNT - 22K,GOLD SALES ACCOUNT - 22K,GOLD ORNAMENTS 22K,GOLD ORNAMENTS 22K,true,true,true,false
2898,2898,JH/2526/ 1063,JH25261063,GOLD SALES ACCOUNT - 22K,GOLD SALES ACCOUNT - 22K,GOLD ORNAMENTS 22K,GOLD ORNAMENTS 22K,true,true,true,false
2899,2899,JH/2526/ 1064,JH25261064,GOLD SALES ACCOUNT - 22K,GOLD SALES ACCOUNT - 22K,GOLD ORNAMENTS 22K,GOLD ORNAMENTS 22K,true,true,true,false
2900,2900,JH/2526/ 1067,JH25261067,GOLD SALES ACCOUNT - 22K,GOLD SALES ACCOUNT - 22K,GOLD ORNAMENTS 22K,GOLD ORNAMENTS 22K,true,true,true,false
2901,2901,JH/2526/ 1073,JH25261073,GOLD SALES ACCOUNT - 22K,GOLD SALES ACCOUNT - 22K,GOLD ORNAMENTS 22K,GOLD ORNAMENTS 22K,true,true,true,false
2902,2902,JH/2526/ 1075,JH25261075,GOLD SALES ACCOUNT - 22K,GOLD SALES ACCOUNT - 22K,GOLD ORNAMENTS 22K,GOLD ORNAMENTS 22K,true,true,true,false
2903,2903,JH/2526/ 1076,JH25261076,GOLD SALES ACCOUNT - 22K,GOLD SALES ACCOUNT - 22K,GOLD ORNAMENTS 22K,GOLD ORNAMENTS 22K,true,true,true,false
2904,2904,JH/2526/ 1082,JH25261082,GOLD SALES ACCOUNT - 22K,GOLD SALES ACCOUNT - 22K,GOLD ORNAMENTS 22K,GOLD ORNAMENTS 22K,true,true,true,false
2905,2905,JH/2526/ 1086,JH25261086,GOLD SALES ACCOUNT - 22K,GOLD SALES ACCOUNT - 22K,GOLD ORNAMENTS 22K,GOLD ORNAMENTS 22K,true,true,true,false
2906,2906,JH/2526/ 1088,JH25261088,GOLD SALES ACCOUNT - 22K,GOLD SALES ACCOUNT - 22K,GOLD ORNAMENTS 22K,GOLD ORNAMENTS 22K,true,true,true,false
2907,2907,JH/2526/ 1091,JH25261091,GOLD SALES ACCOUNT - 22K,GOLD SALES ACCOUNT - 22K,GOLD ORNAMENTS 22K,GOLD ORNAMENTS 22K,true,true,true,false
2908,2908,JH/2526/ 1091,JH25261091,GOLD SALES ACCOUNT - 22K,GOLD SALES ACCOUNT - 22K,GOLD ORNAMENTS 22K,GOLD ORNAMENTS 22K,true,true,true,false
2909,2909,JH/2526/ 1092,JH25261092,GOLD SALES ACCOUNT - 22K,GOLD SALES ACCOUNT - 22K,GOLD ORNAMENTS 22K,GOLD ORNAMENTS 22K,true,true,true,false
2910,2910,JH/2526/ 1092,JH25261092,GOLD SALES ACCOUNT - 22K,GOLD SALES ACCOUNT - 22K,GOLD ORNAMENTS 22K,GOLD ORNAMENTS 22K,true,true,true,false
2911,2911,JH/2526/ 1093,JH25261093,GOLD SALES ACCOUNT - 22K,GOLD SALES ACCOUNT - 22K,GOLD ORNAMENTS 22K,GOLD ORNAMENTS 22K,true,true,true,false
2912,2912,JH/2526/ 1095,JH25261095,GOLD SALES ACCOUNT - 22K,GOLD SALES ACCOUNT - 22K,GOLD ORNAMENTS 22K,GOLD ORNAMENTS 22K,true,true,true,false
2913,2913,JH/2526/ 1096,JH25261096,GOLD SALES ACCOUNT - 22K,GOLD SALES ACCOUNT - 22K,GOLD ORNAMENTS 22K,GOLD ORNAMENTS 22K,true,true,true,false
2914,2914,JH/2526/ 1098,JH25261098,GOLD SALES ACCOUNT - 22K,GOLD SALES ACCOUNT - 22K,GOLD ORNAMENTS 22K,GOLD ORNAMENTS 22K,true,true,true,false
2915,2915,JH/2526/ 1099,JH25261099,GOLD SALES ACCOUNT - 22K,GOLD SALES ACCOUNT - 22K,GOLD ORNAMENTS 22K,GOLD ORNAMENTS 22K,true,true,true,false
2916,2916,JH/2526/ 1100,JH25261100,GOLD SALES ACCOUNT - 22K,GOLD SALES ACCOUNT - 22K,GOLD ORNAMENTS 22K,GOLD ORNAMENTS 22K,true,true,true,false
2917,2917,JH/2526/ 18,JH252618,GOLD SALES ACCOUNT - 22K,GOLD SALES ACCOUNT - 22K,LAC,LAC,true,true,true,false
2918,2918,JH/2526/ 62,JH252662,GOLD SALES ACCOUNT - 22K,GOLD SALES ACCOUNT - 22K,LAC,LAC,true,true,true,false
2919,2919,JH/2526/ 88,JH252688,GOLD SALES ACCOUNT - 22K,GOLD SALES ACCOUNT - 22K,LAC,LAC,true,true,true,false
2920,2920,JH/2526/ 121,JH2526121,GOLD SALES ACCOUNT - 22K,GOLD SALES ACCOUNT - 22K,LAC,LAC,true,true,true,false
2921,2921,JH/2526/ 151,JH2526151,GOLD SALES ACCOUNT - 22K,GOLD SALES ACCOUNT - 22K,LAC,LAC,true,true,true,false
2922,2922,JH/2526/ 194,JH2526194,GOLD SALES ACCOUNT - 22K,GOLD SALES ACCOUNT - 22K,LAC,LAC,true,true,true,false
2923,2923,JH/2526/ 240,JH2526240,GOLD SALES ACCOUNT - 22K,GOLD SALES ACCOUNT - 22K,LAC,LAC,true,true,true,false
2924,2924,JH/2526/ 252,JH2526252,GOLD SALES ACCOUNT - 22K,GOLD SALES ACCOUNT - 22K,LAC,LAC,true,true,true,false
2925,2925,JH/2526/ 273,JH2526273,GOLD SALES ACCOUNT - 22K,GOLD SALES ACCOUNT - 22K,LAC,LAC,true,true,true,false
2926,2926,JH/2526/ 321,JH2526321,GOLD SALES ACCOUNT - 22K,GOLD SALES ACCOUNT - 22K,LAC,LAC,true,true,true,false
2927,2927,JH/2526/ 329,JH2526329,GOLD SALES ACCOUNT - 22K,GOLD SALES ACCOUNT - 22K,LAC,LAC,true,true,true,false
2928,2928,JH/2526/ 367,JH2526367,GOLD SALES ACCOUNT - 22K,GOLD SALES ACCOUNT - 22K,LAC,LAC,true,true,true,false
2929,2929,JH/2526/ 403,JH2526403,GOLD SALES ACCOUNT - 22K,GOLD SALES ACCOUNT - 22K,LAC,LAC,true,true,true,false
2930,2930,JH/2526/ 403,JH2526403,GOLD SALES ACCOUNT - 22K,GOLD SALES ACCOUNT - 22K,LAC,LAC,true,true,true,false
2931,2931,JH/2526/ 442,JH2526442,GOLD SALES ACCOUNT - 22K,GOLD SALES ACCOUNT - 22K,LAC,LAC,true,true,true,false
2932,2932,JH/2526/ 443,JH2526443,GOLD SALES ACCOUNT - 22K,GOLD SALES ACCOUNT - 22K,LAC,LAC,true,true,true,false
2933,2933,JH/2526/ 522,JH2526522,GOLD SALES ACCOUNT - 22K,GOLD SALES ACCOUNT - 22K,LAC,LAC,true,true,true,false
2934,2934,JH/2526/ 586,JH2526586,GOLD SALES ACCOUNT - 22K,GOLD SALES ACCOUNT - 22K,LAC,LAC,true,true,true,false
2935,2935,JH/2526/ 589,JH2526589,GOLD SALES ACCOUNT - 22K,GOLD SALES ACCOUNT - 22K,LAC,LAC,true,true,true,false
2936,2936,JH/2526/ 637,JH2526637,GOLD SALES ACCOUNT - 22K,GOLD SALES ACCOUNT - 22K,LAC,LAC,true,true,true,false
2937,2937,JH/2526/ 643,JH2526643,GOLD SALES ACCOUNT - 22K,GOLD SALES ACCOUNT - 22K,LAC,LAC,true,true,true,false
2938,2938,JH/2526/ 644,JH2526644,GOLD SALES ACCOUNT - 22K,GOLD SALES ACCOUNT - 22K,LAC,LAC,true,true,true,false
2939,2939,JH/2526/ 741,JH2526741,GOLD SALES ACCOUNT - 22K,GOLD SALES ACCOUNT - 22K,LAC,LAC,true,true,true,false
2940,2940,JH/2526/ 742,JH2526742,GOLD SALES ACCOUNT - 22K,GOLD SALES ACCOUNT - 22K,LAC,LAC,true,true,true,false
2941,2941,JH/2526/ 743,JH2526743,GOLD SALES ACCOUNT - 22K,GOLD SALES ACCOUNT - 22K,LAC,LAC,true,true,true,false
2942,2942,JH/2526/ 743,JH2526743,GOLD SALES ACCOUNT - 22K,GOLD SALES ACCOUNT - 22K,LAC,LAC,true,true,true,false
2943,2943,JH/2526/ 761,JH2526761,GOLD SALES ACCOUNT - 22K,GOLD SALES ACCOUNT - 22K,LAC,LAC,true,true,true,false
2944,2944,JH/2526/ 767,JH2526767,GOLD SALES ACCOUNT - 22K,GOLD SALES ACCOUNT - 22K,LAC,LAC,true,true,true,false
2945,2945,JH/2526/ 854,JH2526854,GOLD SALES ACCOUNT - 22K,GOLD SALES ACCOUNT - 22K,LAC,LAC,true,true,true,false
2946,2946,JH/2526/ 861,JH2526861,GOLD SALES ACCOUNT - 22K,GOLD SALES ACCOUNT - 22K,LAC,LAC,true,true,true,false
2947,2947,JH/2526/ 867,JH2526867,GOLD SALES ACCOUNT - 22K,GOLD SALES ACCOUNT - 22K,LAC,LAC,true,true,true,false
2948,2948,JH/2526/ 913,JH2526913,GOLD SALES ACCOUNT - 22K,GOLD SALES ACCOUNT - 22K,LAC,LAC,true,true,true,false
2949,2949,JH/2526/ 922,JH2526922,GOLD SALES ACCOUNT - 22K,GOLD SALES ACCOUNT - 22K,LAC,LAC,true,true,true,false
2950,2950,JH/2526/ 949,JH2526949,GOLD SALES ACCOUNT - 22K,GOLD SALES ACCOUNT - 22K,LAC,LAC,true,true,true,false
2951,2951,JH/2526/ 964,JH2526964,GOLD SALES ACCOUNT - 22K,GOLD SALES ACCOUNT - 22K,LAC,LAC,true,true,true,false
2952,2952,JH/2526/ 964,JH2526964,GOLD SALES ACCOUNT - 22K,GOLD SALES ACCOUNT - 22K,LAC,LAC,true,true,true,false
2953,2953,JH/2526/ 1034,JH25261034,GOLD SALES ACCOUNT - 22K,GOLD SALES ACCOUNT - 22K,LAC,LAC,true,true,true,false
2954,2954,JH/2526/ 1036,JH25261036,GOLD SALES ACCOUNT - 22K,GOLD SALES ACCOUNT - 22K,LAC,LAC,true,true,true,false
2955,2955,JH/2526/ 1044,JH25261044,GOLD SALES ACCOUNT - 22K,GOLD SALES ACCOUNT - 22K,LAC,LAC,true,true,true,false
2956,2956,JH/2526/ 1044,JH25261044,GOLD SALES ACCOUNT - 22K,GOLD SALES ACCOUNT - 22K,LAC,LAC,true,true,true,false
2957,2957,JH/2526/ 1063,JH25261063,GOLD SALES ACCOUNT - 22K,GOLD SALES ACCOUNT - 22K,LAC,LAC,true,true,true,false
2958,2958,JH/25-26 2,JH25262,JEWELS SALES ACCOUNT - PEARLS,JEWELS SALES ACCOUNT - PEARLS,PEARLS JPS 100,PEARLS JPS 100,true,true,true,false
2959,2959,JH/2526/ 49,JH252649,JEWELS SALES ACCOUNT - PEARLS,JEWELS SALES ACCOUNT - PEARLS,PEARLS JPS 100,PEARLS JPS 100,true,true,true,false
2960,2960,JH/2526/ 74,JH252674,JEWELS SALES ACCOUNT - PEARLS,JEWELS SALES ACCOUNT - PEARLS,PEARLS JPS 100,PEARLS JPS 100,true,true,true,false
2961,2961,JH/2526/ 77,JH252677,JEWELS SALES ACCOUNT - PEARLS,JEWELS SALES ACCOUNT - PEARLS,PEARLS JPS 100,PEARLS JPS 100,true,true,true,false
2962,2962,JH/2526/ 91,JH252691,JEWELS SALES ACCOUNT - PEARLS,JEWELS SALES ACCOUNT - PEARLS,PEARLS JPS 100,PEARLS JPS 100,true,true,true,false
2963,2963,JH/2526/ 124,JH2526124,JEWELS SALES ACCOUNT - PEARLS,JEWELS SALES ACCOUNT - PEARLS,PEARLS JPS 100,PEARLS JPS 100,true,true,true,false
2964,2964,JH/2526/ 140,JH2526140,JEWELS SALES ACCOUNT - PEARLS,JEWELS SALES ACCOUNT - PEARLS,PEARLS JPS 100,PEARLS JPS 100,true,true,true,false
2965,2965,JH/2526/ 220,JH2526220,JEWELS SALES ACCOUNT - PEARLS,JEWELS SALES ACCOUNT - PEARLS,PEARLS JPS 100,PEARLS JPS 100,true,true,true,false
2966,2966,JH/2526/ 231,JH2526231,JEWELS SALES ACCOUNT - PEARLS,JEWELS SALES ACCOUNT - PEARLS,PEARLS JPS 100,PEARLS JPS 100,true,true,true,false
2967,2967,JH/2526/ 407,JH2526407,JEWELS SALES ACCOUNT - PEARLS,JEWELS SALES ACCOUNT - PEARLS,PEARLS JPS 100,PEARLS JPS 100,true,true,true,false
2968,2968,JH/2526/ 430,JH2526430,JEWELS SALES ACCOUNT - PEARLS,JEWELS SALES ACCOUNT - PEARLS,PEARLS JPS 100,PEARLS JPS 100,true,true,true,false
2969,2969,JH/2526/ 481,JH2526481,JEWELS SALES ACCOUNT - PEARLS,JEWELS SALES ACCOUNT - PEARLS,PEARLS JPS 100,PEARLS JPS 100,true,true,true,false
2970,2970,JH/2526/ 481,JH2526481,JEWELS SALES ACCOUNT - PEARLS,JEWELS SALES ACCOUNT - PEARLS,PEARLS JPS 100,PEARLS JPS 100,true,true,true,false
2971,2971,JH/2526/ 497,JH2526497,JEWELS SALES ACCOUNT - PEARLS,JEWELS SALES ACCOUNT - PEARLS,PEARLS JPS 100,PEARLS JPS 100,true,true,true,false
2972,2972,JH/2526/ 575,JH2526575,JEWELS SALES ACCOUNT - PEARLS,JEWELS SALES ACCOUNT - PEARLS,PEARLS JPS 100,PEARLS JPS 100,true,true,true,false
2973,2973,JH/2526/ 575,JH2526575,JEWELS SALES ACCOUNT - PEARLS,JEWELS SALES ACCOUNT - PEARLS,PEARLS JPS 100,PEARLS JPS 100,true,true,true,false
2974,2974,JH/2526/ 625,JH2526625,JEWELS SALES ACCOUNT - PEARLS,JEWELS SALES ACCOUNT - PEARLS,PEARLS JPS 100,PEARLS JPS 100,true,true,true,false
2975,2975,JH/2526/ 813,JH2526813,JEWELS SALES ACCOUNT - PEARLS,JEWELS SALES ACCOUNT - PEARLS,PEARLS JPS 100,PEARLS JPS 100,true,true,true,false
2976,2976,JH/2526/ 813,JH2526813,JEWELS SALES ACCOUNT - PEARLS,JEWELS SALES ACCOUNT - PEARLS,PEARLS JPS 100,PEARLS JPS 100,true,true,true,false
2977,2977,JH/2526/ 868,JH2526868,JEWELS SALES ACCOUNT - PEARLS,JEWELS SALES ACCOUNT - PEARLS,PEARLS JPS 100,PEARLS JPS 100,true,true,true,false
2978,2978,JH/2526/ 977,JH2526977,JEWELS SALES ACCOUNT - PEARLS,JEWELS SALES ACCOUNT - PEARLS,PEARLS JPS 100,PEARLS JPS 100,true,true,true,false
2979,2979,JH/2526/ 300,JH2526300,JEWELS SALES ACCOUNT - PEARLS,JEWELS SALES ACCOUNT - PEARLS,PEARLS JPS 1000,PEARLS JPS 1000,true,true,true,false
2980,2980,JH/2526/ 399,JH2526399,JEWELS SALES ACCOUNT - PEARLS,JEWELS SALES ACCOUNT - PEARLS,PEARLS JPS 1000,PEARLS JPS 1000,true,true,true,false
2981,2981,JH/2526/ 688,JH2526688,JEWELS SALES ACCOUNT - PEARLS,JEWELS SALES ACCOUNT - PEARLS,PEARLS JPS 1000,PEARLS JPS 1000,true,true,true,false
2982,2982,JH/2526/ 345,JH2526345,JEWELS SALES ACCOUNT - PEARLS,JEWELS SALES ACCOUNT - PEARLS,PEARLS JPS 1100,PEARLS JPS 1100,true,true,true,false
2983,2983,JH/2526/ 9,JH25269,JEWELS SALES ACCOUNT - PEARLS,JEWELS SALES ACCOUNT - PEARLS,PEARLS JPS 1200,PEARLS JPS 1200,true,true,true,false
2984,2984,JH/2526/ 424,JH2526424,JEWELS SALES ACCOUNT - PEARLS,JEWELS SALES ACCOUNT - PEARLS,PEARLS JPS 1200,PEARLS JPS 1200,true,true,true,false
2985,2985,JH/2526/ 894,JH2526894,JEWELS SALES ACCOUNT - PEARLS,JEWELS SALES ACCOUNT - PEARLS,PEARLS JPS 1200,PEARLS JPS 1200,true,true,true,false
2986,2986,JH/2526/ 321,JH2526321,JEWELS SALES ACCOUNT - PEARLS,JEWELS SALES ACCOUNT - PEARLS,PEARLS JPS 1300,PEARLS JPS 1300,true,true,true,false
2987,2987,JH/2526/ 514,JH2526514,JEWELS SALES ACCOUNT - PEARLS,JEWELS SALES ACCOUNT - PEARLS,PEARLS JPS 1300,PEARLS JPS 1300,true,true,true,false
2988,2988,JH/2526/ 734,JH2526734,JEWELS SALES ACCOUNT - PEARLS,JEWELS SALES ACCOUNT - PEARLS,PEARLS JPS 1300,PEARLS JPS 1300,true,true,true,false
2989,2989,JH/2526/ 854,JH2526854,JEWELS SALES ACCOUNT - PEARLS,JEWELS SALES ACCOUNT - PEARLS,PEARLS JPS 1300,PEARLS JPS 1300,true,true,true,false
2990,2990,JH/2526/ 1092,JH25261092,JEWELS SALES ACCOUNT - PEARLS,JEWELS SALES ACCOUNT - PEARLS,PEARLS JPS 1300,PEARLS JPS 1300,true,true,true,false
2991,2991,JH/2526/ 639,JH2526639,JEWELS SALES ACCOUNT - PEARLS,JEWELS SALES ACCOUNT - PEARLS,PEARLS JPS 150,PEARLS JPS 150,true,true,true,false
2992,2992,JH/2526/ 971,JH2526971,JEWELS SALES ACCOUNT - PEARLS,JEWELS SALES ACCOUNT - PEARLS,PEARLS JPS 150,PEARLS JPS 150,true,true,true,false
2993,2993,JH/2526/ 121,JH2526121,JEWELS SALES ACCOUNT - PEARLS,JEWELS SALES ACCOUNT - PEARLS,PEARLS JPS 1500,PEARLS JPS 1500,true,true,true,false
2994,2994,JH/2526/ 121,JH2526121,JEWELS SALES ACCOUNT - PEARLS,JEWELS SALES ACCOUNT - PEARLS,PEARLS JPS 1500,PEARLS JPS 1500,true,true,true,false
2995,2995,JH/2526/ 150,JH2526150,JEWELS SALES ACCOUNT - PEARLS,JEWELS SALES ACCOUNT - PEARLS,PEARLS JPS 1500,PEARLS JPS 1500,true,true,true,false
2996,2996,JH/2526/ 367,JH2526367,JEWELS SALES ACCOUNT - PEARLS,JEWELS SALES ACCOUNT - PEARLS,PEARLS JPS 1500,PEARLS JPS 1500,true,true,true,false
2997,2997,JH/2526/ 394,JH2526394,JEWELS SALES ACCOUNT - PEARLS,JEWELS SALES ACCOUNT - PEARLS,PEARLS JPS 1500,PEARLS JPS 1500,true,true,true,false
2998,2998,JH/2526/ 403,JH2526403,JEWELS SALES ACCOUNT - PEARLS,JEWELS SALES ACCOUNT - PEARLS,PEARLS JPS 1500,PEARLS JPS 1500,true,true,true,false
2999,2999,JH/2526/ 854,JH2526854,JEWELS SALES ACCOUNT - PEARLS,JEWELS SALES ACCOUNT - PEARLS,PEARLS JPS 1500,PEARLS JPS 1500,true,true,true,false
3000,3000,JH/2526/ 880,JH2526880,JEWELS SALES ACCOUNT - PEARLS,JEWELS SALES ACCOUNT - PEARLS,PEARLS JPS 1500,PEARLS JPS 1500,true,true,true,false
3001,3001,JH/2526/ 1042,JH25261042,JEWELS SALES ACCOUNT - PEARLS,JEWELS SALES ACCOUNT - PEARLS,PEARLS JPS 1500,PEARLS JPS 1500,true,true,true,false
3002,3002,JH/2526/ 19,JH252619,JEWELS SALES ACCOUNT - PEARLS,JEWELS SALES ACCOUNT - PEARLS,PEARLS JPS 1800,PEARLS JPS 1800,true,true,true,false
3003,3003,JH/2526/ 329,JH2526329,JEWELS SALES ACCOUNT - PEARLS,JEWELS SALES ACCOUNT - PEARLS,PEARLS JPS 1800,PEARLS JPS 1800,true,true,true,false
3004,3004,JH/2526/ 597,JH2526597,JEWELS SALES ACCOUNT - PEARLS,JEWELS SALES ACCOUNT - PEARLS,PEARLS JPS 1800,PEARLS JPS 1800,true,true,true,false
3005,3005,JH/2526/ 683,JH2526683,JEWELS SALES ACCOUNT - PEARLS,JEWELS SALES ACCOUNT - PEARLS,PEARLS JPS 1800,PEARLS JPS 1800,true,true,true,false
3006,3006,JH/2526/ 867,JH2526867,JEWELS SALES ACCOUNT - PEARLS,JEWELS SALES ACCOUNT - PEARLS,PEARLS JPS 1800,PEARLS JPS 1800,true,true,true,false
3007,3007,JH/2526/ 998,JH2526998,JEWELS SALES ACCOUNT - PEARLS,JEWELS SALES ACCOUNT - PEARLS,PEARLS JPS 1800,PEARLS JPS 1800,true,true,true,false
3008,3008,JH/2526/ 1064,JH25261064,JEWELS SALES ACCOUNT - PEARLS,JEWELS SALES ACCOUNT - PEARLS,PEARLS JPS 1800,PEARLS JPS 1800,true,true,true,false
3009,3009,JH/2526/ 91,JH252691,JEWELS SALES ACCOUNT - PEARLS,JEWELS SALES ACCOUNT - PEARLS,PEARLS JPS 200,PEARLS JPS 200,true,true,true,false
3010,3010,JH/2526/ 95,JH252695,JEWELS SALES ACCOUNT - PEARLS,JEWELS SALES ACCOUNT - PEARLS,PEARLS JPS 200,PEARLS JPS 200,true,true,true,false
3011,3011,JH/2526/ 155,JH2526155,JEWELS SALES ACCOUNT - PEARLS,JEWELS SALES ACCOUNT - PEARLS,PEARLS JPS 200,PEARLS JPS 200,true,true,true,false
3012,3012,JH/2526/ 356,JH2526356,JEWELS SALES ACCOUNT - PEARLS,JEWELS SALES ACCOUNT - PEARLS,PEARLS JPS 200,PEARLS JPS 200,true,true,true,false
3013,3013,JH/2526/ 548,JH2526548,JEWELS SALES ACCOUNT - PEARLS,JEWELS SALES ACCOUNT - PEARLS,PEARLS JPS 200,PEARLS JPS 200,true,true,true,false
3014,3014,JH/2526/ 573,JH2526573,JEWELS SALES ACCOUNT - PEARLS,JEWELS SALES ACCOUNT - PEARLS,PEARLS JPS 200,PEARLS JPS 200,true,true,true,false
3015,3015,JH/2526/ 586,JH2526586,JEWELS SALES ACCOUNT - PEARLS,JEWELS SALES ACCOUNT - PEARLS,PEARLS JPS 200,PEARLS JPS 200,true,true,true,false
3016,3016,JH/2526/ 604,JH2526604,JEWELS SALES ACCOUNT - PEARLS,JEWELS SALES ACCOUNT - PEARLS,PEARLS JPS 200,PEARLS JPS 200,true,true,true,false
3017,3017,JH/2526/ 634,JH2526634,JEWELS SALES ACCOUNT - PEARLS,JEWELS SALES ACCOUNT - PEARLS,PEARLS JPS 200,PEARLS JPS 200,true,true,true,false
3018,3018,JH/2526/ 786,JH2526786,JEWELS SALES ACCOUNT - PEARLS,JEWELS SALES ACCOUNT - PEARLS,PEARLS JPS 200,PEARLS JPS 200,true,true,true,false
3019,3019,JH/2526/ 801,JH2526801,JEWELS SALES ACCOUNT - PEARLS,JEWELS SALES ACCOUNT - PEARLS,PEARLS JPS 200,PEARLS JPS 200,true,true,true,false
3020,3020,JH/2526/ 835,JH2526835,JEWELS SALES ACCOUNT - PEARLS,JEWELS SALES ACCOUNT - PEARLS,PEARLS JPS 200,PEARLS JPS 200,true,true,true,false
3021,3021,JH/2526/ 933,JH2526933,JEWELS SALES ACCOUNT - PEARLS,JEWELS SALES ACCOUNT - PEARLS,PEARLS JPS 200,PEARLS JPS 200,true,true,true,false
3022,3022,JH/2526/ 986,JH2526986,JEWELS SALES ACCOUNT - PEARLS,JEWELS SALES ACCOUNT - PEARLS,PEARLS JPS 200,PEARLS JPS 200,true,true,true,false
3023,3023,JH/2526/ 1082,JH25261082,JEWELS SALES ACCOUNT - PEARLS,JEWELS SALES ACCOUNT - PEARLS,PEARLS JPS 200,PEARLS JPS 200,true,true,true,false
3024,3024,JH/2526/ 1094,JH25261094,JEWELS SALES ACCOUNT - PEARLS,JEWELS SALES ACCOUNT - PEARLS,PEARLS JPS 200,PEARLS JPS 200,true,true,true,false
3025,3025,JH/2526/ 150,JH2526150,JEWELS SALES ACCOUNT - PEARLS,JEWELS SALES ACCOUNT - PEARLS,PEARLS JPS 2000,PEARLS JPS 2000,true,true,true,false
3026,3026,JH/2526/ 151,JH2526151,JEWELS SALES ACCOUNT - PEARLS,JEWELS SALES ACCOUNT - PEARLS,PEARLS JPS 2000,PEARLS JPS 2000,true,true,true,false
3027,3027,JH/2526/ 194,JH2526194,JEWELS SALES ACCOUNT - PEARLS,JEWELS SALES ACCOUNT - PEARLS,PEARLS JPS 2000,PEARLS JPS 2000,true,true,true,false
3028,3028,JH/2526/ 194,JH2526194,JEWELS SALES ACCOUNT - PEARLS,JEWELS SALES ACCOUNT - PEARLS,PEARLS JPS 2000,PEARLS JPS 2000,true,true,true,false
3029,3029,JH/2526/ 195,JH2526195,JEWELS SALES ACCOUNT - PEARLS,JEWELS SALES ACCOUNT - PEARLS,PEARLS JPS 2000,PEARLS JPS 2000,true,true,true,false
3030,3030,JH/2526/ 247,JH2526247,JEWELS SALES ACCOUNT - PEARLS,JEWELS SALES ACCOUNT - PEARLS,PEARLS JPS 2000,PEARLS JPS 2000,true,true,true,false
3031,3031,JH/2526/ 268,JH2526268,JEWELS SALES ACCOUNT - PEARLS,JEWELS SALES ACCOUNT - PEARLS,PEARLS JPS 2000,PEARLS JPS 2000,true,true,true,false
3032,3032,JH/2526/ 273,JH2526273,JEWELS SALES ACCOUNT - PEARLS,JEWELS SALES ACCOUNT - PEARLS,PEARLS JPS 2000,PEARLS JPS 2000,true,true,true,false
3033,3033,JH/2526/ 277,JH2526277,JEWELS SALES ACCOUNT - PEARLS,JEWELS SALES ACCOUNT - PEARLS,PEARLS JPS 2000,PEARLS JPS 2000,true,true,true,false
3034,3034,JH/2526/ 290,JH2526290,JEWELS SALES ACCOUNT - PEARLS,JEWELS SALES ACCOUNT - PEARLS,PEARLS JPS 2000,PEARLS JPS 2000,true,true,true,false
3035,3035,JH/2526/ 321,JH2526321,JEWELS SALES ACCOUNT - PEARLS,JEWELS SALES ACCOUNT - PEARLS,PEARLS JPS 2000,PEARLS JPS 2000,true,true,true,false
3036,3036,JH/2526/ 322,JH2526322,JEWELS SALES ACCOUNT - PEARLS,JEWELS SALES ACCOUNT - PEARLS,PEARLS JPS 2000,PEARLS JPS 2000,true,true,true,false
3037,3037,JH/2526/ 364,JH2526364,JEWELS SALES ACCOUNT - PEARLS,JEWELS SALES ACCOUNT - PEARLS,PEARLS JPS 2000,PEARLS JPS 2000,true,true,true,false
3038,3038,JH/2526/ 374,JH2526374,JEWELS SALES ACCOUNT - PEARLS,JEWELS SALES ACCOUNT - PEARLS,PEARLS JPS 2000,PEARLS JPS 2000,true,true,true,false
3039,3039,JH/2526/ 376,JH2526376,JEWELS SALES ACCOUNT - PEARLS,JEWELS SALES ACCOUNT - PEARLS,PEARLS JPS 2000,PEARLS JPS 2000,true,true,true,false
3040,3040,JH/2526/ 403,JH2526403,JEWELS SALES ACCOUNT - PEARLS,JEWELS SALES ACCOUNT - PEARLS,PEARLS JPS 2000,PEARLS JPS 2000,true,true,true,false
3041,3041,JH/2526/ 418,JH2526418,JEWELS SALES ACCOUNT - PEARLS,JEWELS SALES ACCOUNT - PEARLS,PEARLS JPS 2000,PEARLS JPS 2000,true,true,true,false
3042,3042,JH/2526/ 442,JH2526442,JEWELS SALES ACCOUNT - PEARLS,JEWELS SALES ACCOUNT - PEARLS,PEARLS JPS 2000,PEARLS JPS 2000,true,true,true,false
3043,3043,JH/2526/ 473,JH2526473,JEWELS SALES ACCOUNT - PEARLS,JEWELS SALES ACCOUNT - PEARLS,PEARLS JPS 2000,PEARLS JPS 2000,true,true,true,false
3044,3044,JH/2526/ 520,JH2526520,JEWELS SALES ACCOUNT - PEARLS,JEWELS SALES ACCOUNT - PEARLS,PEARLS JPS 2000,PEARLS JPS 2000,true,true,true,false
3045,3045,JH/2526/ 520,JH2526520,JEWELS SALES ACCOUNT - PEARLS,JEWELS SALES ACCOUNT - PEARLS,PEARLS JPS 2000,PEARLS JPS 2000,true,true,true,false
3046,3046,JH/2526/ 525,JH2526525,JEWELS SALES ACCOUNT - PEARLS,JEWELS SALES ACCOUNT - PEARLS,PEARLS JPS 2000,PEARLS JPS 2000,true,true,true,false
3047,3047,JH/2526/ 595,JH2526595,JEWELS SALES ACCOUNT - PEARLS,JEWELS SALES ACCOUNT - PEARLS,PEARLS JPS 2000,PEARLS JPS 2000,true,true,true,false
3048,3048,JH/2526/ 620,JH2526620,JEWELS SALES ACCOUNT - PEARLS,JEWELS SALES ACCOUNT - PEARLS,PEARLS JPS 2000,PEARLS JPS 2000,true,true,true,false
3049,3049,JH/2526/ 635,JH2526635,JEWELS SALES ACCOUNT - PEARLS,JEWELS SALES ACCOUNT - PEARLS,PEARLS JPS 2000,PEARLS JPS 2000,true,true,true,false
3050,3050,JH/2526/ 637,JH2526637,JEWELS SALES ACCOUNT - PEARLS,JEWELS SALES ACCOUNT - PEARLS,PEARLS JPS 2000,PEARLS JPS 2000,true,true,true,false
3051,3051,JH/2526/ 642,JH2526642,JEWELS SALES ACCOUNT - PEARLS,JEWELS SALES ACCOUNT - PEARLS,PEARLS JPS 2000,PEARLS JPS 2000,true,true,true,false
3052,3052,JH/2526/ 643,JH2526643,JEWELS SALES ACCOUNT - PEARLS,JEWELS SALES ACCOUNT - PEARLS,PEARLS JPS 2000,PEARLS JPS 2000,true,true,true,false
3053,3053,JH/2526/ 671,JH2526671,JEWELS SALES ACCOUNT - PEARLS,JEWELS SALES ACCOUNT - PEARLS,PEARLS JPS 2000,PEARLS JPS 2000,true,true,true,false
3054,3054,JH/2526/ 684,JH2526684,JEWELS SALES ACCOUNT - PEARLS,JEWELS SALES ACCOUNT - PEARLS,PEARLS JPS 2000,PEARLS JPS 2000,true,true,true,false
3055,3055,JH/2526/ 690,JH2526690,JEWELS SALES ACCOUNT - PEARLS,JEWELS SALES ACCOUNT - PEARLS,PEARLS JPS 2000,PEARLS JPS 2000,true,true,true,false
3056,3056,JH/2526/ 734,JH2526734,JEWELS SALES ACCOUNT - PEARLS,JEWELS SALES ACCOUNT - PEARLS,PEARLS JPS 2000,PEARLS JPS 2000,true,true,true,false
3057,3057,JH/2526/ 741,JH2526741,JEWELS SALES ACCOUNT - PEARLS,JEWELS SALES ACCOUNT - PEARLS,PEARLS JPS 2000,PEARLS JPS 2000,true,true,true,false
3058,3058,JH/2526/ 742,JH2526742,JEWELS SALES ACCOUNT - PEARLS,JEWELS SALES ACCOUNT - PEARLS,PEARLS JPS 2000,PEARLS JPS 2000,true,true,true,false
3059,3059,JH/2526/ 743,JH2526743,JEWELS SALES ACCOUNT - PEARLS,JEWELS SALES ACCOUNT - PEARLS,PEARLS JPS 2000,PEARLS JPS 2000,true,true,true,false
3060,3060,JH/2526/ 743,JH2526743,JEWELS SALES ACCOUNT - PEARLS,JEWELS SALES ACCOUNT - PEARLS,PEARLS JPS 2000,PEARLS JPS 2000,true,true,true,false
3061,3061,JH/2526/ 753,JH2526753,JEWELS SALES ACCOUNT - PEARLS,JEWELS SALES ACCOUNT - PEARLS,PEARLS JPS 2000,PEARLS JPS 2000,true,true,true,false
3062,3062,JH/2526/ 764,JH2526764,JEWELS SALES ACCOUNT - PEARLS,JEWELS SALES ACCOUNT - PEARLS,PEARLS JPS 2000,PEARLS JPS 2000,true,true,true,false
3063,3063,JH/2526/ 767,JH2526767,JEWELS SALES ACCOUNT - PEARLS,JEWELS SALES ACCOUNT - PEARLS,PEARLS JPS 2000,PEARLS JPS 2000,true,true,true,false
3064,3064,JH/2526/ 772,JH2526772,JEWELS SALES ACCOUNT - PEARLS,JEWELS SALES ACCOUNT - PEARLS,PEARLS JPS 2000,PEARLS JPS 2000,true,true,true,false
3065,3065,JH/2526/ 795,JH2526795,JEWELS SALES ACCOUNT - PEARLS,JEWELS SALES ACCOUNT - PEARLS,PEARLS JPS 2000,PEARLS JPS 2000,true,true,true,false
3066,3066,JH/2526/ 896,JH2526896,JEWELS SALES ACCOUNT - PEARLS,JEWELS SALES ACCOUNT - PEARLS,PEARLS JPS 2000,PEARLS JPS 2000,true,true,true,false
3067,3067,JH/2526/ 910,JH2526910,JEWELS SALES ACCOUNT - PEARLS,JEWELS SALES ACCOUNT - PEARLS,PEARLS JPS 2000,PEARLS JPS 2000,true,true,true,false
3068,3068,JH/2526/ 964,JH2526964,JEWELS SALES ACCOUNT - PEARLS,JEWELS SALES ACCOUNT - PEARLS,PEARLS JPS 2000,PEARLS JPS 2000,true,true,true,false
3069,3069,JH/2526/ 964,JH2526964,JEWELS SALES ACCOUNT - PEARLS,JEWELS SALES ACCOUNT - PEARLS,PEARLS JPS 2000,PEARLS JPS 2000,true,true,true,false
3070,3070,JH/2526/ 981,JH2526981,JEWELS SALES ACCOUNT - PEARLS,JEWELS SALES ACCOUNT - PEARLS,PEARLS JPS 2000,PEARLS JPS 2000,true,true,true,false
3071,3071,JH/2526/ 981,JH2526981,JEWELS SALES ACCOUNT - PEARLS,JEWELS SALES ACCOUNT - PEARLS,PEARLS JPS 2000,PEARLS JPS 2000,true,true,true,false
3072,3072,JH/2526/ 999,JH2526999,JEWELS SALES ACCOUNT - PEARLS,JEWELS SALES ACCOUNT - PEARLS,PEARLS JPS 2000,PEARLS JPS 2000,true,true,true,false
3073,3073,JH/2526/ 1035,JH25261035,JEWELS SALES ACCOUNT - PEARLS,JEWELS SALES ACCOUNT - PEARLS,PEARLS JPS 2000,PEARLS JPS 2000,true,true,true,false
3074,3074,JH/2526/ 1067,JH25261067,JEWELS SALES ACCOUNT - PEARLS,JEWELS SALES ACCOUNT - PEARLS,PEARLS JPS 2000,PEARLS JPS 2000,true,true,true,false
3075,3075,JH/2526/ 1087,JH25261087,JEWELS SALES ACCOUNT - PEARLS,JEWELS SALES ACCOUNT - PEARLS,PEARLS JPS 2000,PEARLS JPS 2000,true,true,true,false
3076,3076,JH/2526/ 144,JH2526144,JEWELS SALES ACCOUNT - PEARLS,JEWELS SALES ACCOUNT - PEARLS,PEARLS JPS 2100,PEARLS JPS 2100,true,true,true,false
3077,3077,JH/2526/ 150,JH2526150,JEWELS SALES ACCOUNT - PEARLS,JEWELS SALES ACCOUNT - PEARLS,PEARLS JPS 2100,PEARLS JPS 2100,true,true,true,false
3078,3078,JH/2526/ 252,JH2526252,JEWELS SALES ACCOUNT - PEARLS,JEWELS SALES ACCOUNT - PEARLS,PEARLS JPS 250,PEARLS JPS 250,true,true,true,false
3079,3079,JH/2526/ 8,JH25268,JEWELS SALES ACCOUNT - PEARLS,JEWELS SALES ACCOUNT - PEARLS,PEARLS JPS 2500,PEARLS JPS 2500,true,true,true,false
3080,3080,JH/2526/ 394,JH2526394,JEWELS SALES ACCOUNT - PEARLS,JEWELS SALES ACCOUNT - PEARLS,PEARLS JPS 2500,PEARLS JPS 2500,true,true,true,false
3081,3081,JH/2526/ 620,JH2526620,JEWELS SALES ACCOUNT - PEARLS,JEWELS SALES ACCOUNT - PEARLS,PEARLS JPS 2500,PEARLS JPS 2500,true,true,true,false
3082,3082,JH/2526/ 818,JH2526818,JEWELS SALES ACCOUNT - PEARLS,JEWELS SALES ACCOUNT - PEARLS,PEARLS JPS 2500,PEARLS JPS 2500,true,true,true,false
3083,3083,JH/2526/ 424,JH2526424,JEWELS SALES ACCOUNT - PEARLS,JEWELS SALES ACCOUNT - PEARLS,PEARLS JPS 2800,PEARLS JPS 2800,true,true,true,false
3084,3084,JH/2526/ 949,JH2526949,JEWELS SALES ACCOUNT - PEARLS,JEWELS SALES ACCOUNT - PEARLS,PEARLS JPS 2800,PEARLS JPS 2800,true,true,true,false
3085,3085,JH/2526/ 998,JH2526998,JEWELS SALES ACCOUNT - PEARLS,JEWELS SALES ACCOUNT - PEARLS,PEARLS JPS 2800,PEARLS JPS 2800,true,true,true,false
3086,3086,JH/2526/ 1067,JH25261067,JEWELS SALES ACCOUNT - PEARLS,JEWELS SALES ACCOUNT - PEARLS,PEARLS JPS 2800,PEARLS JPS 2800,true,true,true,false
3087,3087,JH/2526/ 1083,JH25261083,JEWELS SALES ACCOUNT - PEARLS,JEWELS SALES ACCOUNT - PEARLS,PEARLS JPS 2800,PEARLS JPS 2800,true,true,true,false
3088,3088,JH/2526/ 730,JH2526730,JEWELS SALES ACCOUNT - PEARLS,JEWELS SALES ACCOUNT - PEARLS,PEARLS JPS 300,PEARLS JPS 300,true,true,true,false
3089,3089,JH/2526/ 783,JH2526783,JEWELS SALES ACCOUNT - PEARLS,JEWELS SALES ACCOUNT - PEARLS,PEARLS JPS 300,PEARLS JPS 300,true,true,true,false
3090,3090,JH/2526/ 19,JH252619,JEWELS SALES ACCOUNT - PEARLS,JEWELS SALES ACCOUNT - PEARLS,PEARLS JPS 3500,PEARLS JPS 3500,true,true,true,false
3091,3091,JH/2526/ 101,JH2526101,JEWELS SALES ACCOUNT - PEARLS,JEWELS SALES ACCOUNT - PEARLS,PEARLS JPS 3500,PEARLS JPS 3500,true,true,true,false
3092,3092,JH/2526/ 150,JH2526150,JEWELS SALES ACCOUNT - PEARLS,JEWELS SALES ACCOUNT - PEARLS,PEARLS JPS 3500,PEARLS JPS 3500,true,true,true,false
3093,3093,JH/2526/ 322,JH2526322,JEWELS SALES ACCOUNT - PEARLS,JEWELS SALES ACCOUNT - PEARLS,PEARLS JPS 3500,PEARLS JPS 3500,true,true,true,false
3094,3094,JH/2526/ 635,JH2526635,JEWELS SALES ACCOUNT - PEARLS,JEWELS SALES ACCOUNT - PEARLS,PEARLS JPS 3500,PEARLS JPS 3500,true,true,true,false
3095,3095,JH/2526/ 753,JH2526753,JEWELS SALES ACCOUNT - PEARLS,JEWELS SALES ACCOUNT - PEARLS,PEARLS JPS 3500,PEARLS JPS 3500,true,true,true,false
3096,3096,JH/2526/ 753,JH2526753,JEWELS SALES ACCOUNT - PEARLS,JEWELS SALES ACCOUNT - PEARLS,PEARLS JPS 3500,PEARLS JPS 3500,true,true,true,false
3097,3097,JH/2526/ 797,JH2526797,JEWELS SALES ACCOUNT - PEARLS,JEWELS SALES ACCOUNT - PEARLS,PEARLS JPS 3500,PEARLS JPS 3500,true,true,true,false
3098,3098,JH/2526/ 1090,JH25261090,JEWELS SALES ACCOUNT - PEARLS,JEWELS SALES ACCOUNT - PEARLS,PEARLS JPS 3500,PEARLS JPS 3500,true,true,true,false
3099,3099,JH/2526/ 91,JH252691,JEWELS SALES ACCOUNT - PEARLS,JEWELS SALES ACCOUNT - PEARLS,PEARLS JPS 400,PEARLS JPS 400,true,true,true,false
3100,3100,JH/2526/ 144,JH2526144,JEWELS SALES ACCOUNT - PEARLS,JEWELS SALES ACCOUNT - PEARLS,PEARLS JPS 4200,PEARLS JPS 4200,true,true,true,false
3101,3101,JH/2526/ 949,JH2526949,JEWELS SALES ACCOUNT - PEARLS,JEWELS SALES ACCOUNT - PEARLS,PEARLS JPS 4200,PEARLS JPS 4200,true,true,true,false
3102,3102,JH/2526/ 155,JH2526155,JEWELS SALES ACCOUNT - PEARLS,JEWELS SALES ACCOUNT - PEARLS,PEARLS JPS 450,PEARLS JPS 450,true,true,true,false
3103,3103,JH/2526/ 410,JH2526410,JEWELS SALES ACCOUNT - PEARLS,JEWELS SALES ACCOUNT - PEARLS,PEARLS JPS 450,PEARLS JPS 450,true,true,true,false
3104,3104,JH/2526/ 609,JH2526609,JEWELS SALES ACCOUNT - PEARLS,JEWELS SALES ACCOUNT - PEARLS,PEARLS JPS 450,PEARLS JPS 450,true,true,true,false
3105,3105,JH/2526/ 639,JH2526639,JEWELS SALES ACCOUNT - PEARLS,JEWELS SALES ACCOUNT - PEARLS,PEARLS JPS 450,PEARLS JPS 450,true,true,true,false
3106,3106,JH/2526/ 211,JH2526211,JEWELS SALES ACCOUNT - PEARLS,JEWELS SALES ACCOUNT - PEARLS,PEARLS JPS 50,PEARLS JPS 50,true,true,true,false
3107,3107,JH/2526/ 629,JH2526629,JEWELS SALES ACCOUNT - PEARLS,JEWELS SALES ACCOUNT - PEARLS,PEARLS JPS 50,PEARLS JPS 50,true,true,true,false
3108,3108,JH/2526/ 747,JH2526747,JEWELS SALES ACCOUNT - PEARLS,JEWELS SALES ACCOUNT - PEARLS,PEARLS JPS 50,PEARLS JPS 50,true,true,true,false
3109,3109,JH/2526/ 843,JH2526843,JEWELS SALES ACCOUNT - PEARLS,JEWELS SALES ACCOUNT - PEARLS,PEARLS JPS 50,PEARLS JPS 50,true,true,true,false
3110,3110,JH/2526/ 1028,JH25261028,JEWELS SALES ACCOUNT - PEARLS,JEWELS SALES ACCOUNT - PEARLS,PEARLS JPS 50,PEARLS JPS 50,true,true,true,false
3111,3111,JH/2526/ 24,JH252624,JEWELS SALES ACCOUNT - PEARLS,JEWELS SALES ACCOUNT - PEARLS,PEARLS JPS 500,PEARLS JPS 500,true,true,true,false
3112,3112,JH/2526/ 339,JH2526339,JEWELS SALES ACCOUNT - PEARLS,JEWELS SALES ACCOUNT - PEARLS,PEARLS JPS 500,PEARLS JPS 500,true,true,true,false
3113,3113,JH/2526/ 443,JH2526443,JEWELS SALES ACCOUNT - PEARLS,JEWELS SALES ACCOUNT - PEARLS,PEARLS JPS 500,PEARLS JPS 500,true,true,true,false
3114,3114,JH/2526/ 193,JH2526193,JEWELS SALES ACCOUNT - PEARLS,JEWELS SALES ACCOUNT - PEARLS,PEARLS JPS 550,PEARLS JPS 550,true,true,true,false
3115,3115,JH/2526/ 598,JH2526598,JEWELS SALES ACCOUNT - PEARLS,JEWELS SALES ACCOUNT - PEARLS,PEARLS JPS 550,PEARLS JPS 550,true,true,true,false
3116,3116,JH/2526/ 854,JH2526854,JEWELS SALES ACCOUNT - PEARLS,JEWELS SALES ACCOUNT - PEARLS,PEARLS JPS 550,PEARLS JPS 550,true,true,true,false
3117,3117,JH/2526/ 1064,JH25261064,JEWELS SALES ACCOUNT - PEARLS,JEWELS SALES ACCOUNT - PEARLS,PEARLS JPS 550,PEARLS JPS 550,true,true,true,false
3118,3118,JH/2526/ 288,JH2526288,JEWELS SALES ACCOUNT - PEARLS,JEWELS SALES ACCOUNT - PEARLS,PEARLS JPS 600,PEARLS JPS 600,true,true,true,false
3119,3119,JH/2526/ 553,JH2526553,JEWELS SALES ACCOUNT - PEARLS,JEWELS SALES ACCOUNT - PEARLS,PEARLS JPS 600,PEARLS JPS 600,true,true,true,false
3120,3120,JH/2526/ 1076,JH25261076,JEWELS SALES ACCOUNT - PEARLS,JEWELS SALES ACCOUNT - PEARLS,PEARLS JPS 600,PEARLS JPS 600,true,true,true,false
3121,3121,JH/2526/ 736,JH2526736,JEWELS SALES ACCOUNT - PEARLS,JEWELS SALES ACCOUNT - PEARLS,PEARLS JPS 700,PEARLS JPS 700,true,true,true,false
3122,3122,JH/2526/ 397,JH2526397,JEWELS SALES ACCOUNT - PEARLS,JEWELS SALES ACCOUNT - PEARLS,PEARLS JPS 800,PEARLS JPS 800,true,true,true,false
3123,3123,JH/2526/ 424,JH2526424,JEWELS SALES ACCOUNT - PEARLS,JEWELS SALES ACCOUNT - PEARLS,PEARLS JPS 800,PEARLS JPS 800,true,true,true,false
3124,3124,JH/2526/ 974,JH2526974,JEWELS SALES ACCOUNT - PEARLS,JEWELS SALES ACCOUNT - PEARLS,PEARLS JPS 800,PEARLS JPS 800,true,true,true,false
3125,3125,JH/2526/ 1092,JH25261092,JEWELS SALES ACCOUNT - PEARLS,JEWELS SALES ACCOUNT - PEARLS,PEARLS JPS 800,PEARLS JPS 800,true,true,true,false
3126,3126,JH/2526/ 670,JH2526670,JEWELS SALES ACCOUNT - PEARLS,JEWELS SALES ACCOUNT - PEARLS,PEARLS JPS 850,PEARLS JPS 850,true,true,true,false
3127,3127,JH/B/2526/ 5,JHB25265,JEWELS SALES ACCOUNT - PEARLS,JEWELS SALES ACCOUNT - PEARLS,PEARLS JPS 850,PEARLS JPS 850,true,true,true,false
3128,3128,JH/2526/ 8,JH25268,JEWELS SALES ACCOUNT - COLOR STONES,JEWELS SALES ACCOUNT - COLOR STONES,PRECIOUS STONES JOS 100,PRECIOUS STONES JOS 100,true,true,true,false
3129,3129,JH/2526/ 83,JH252683,JEWELS SALES ACCOUNT - COLOR STONES,JEWELS SALES ACCOUNT - COLOR STONES,PRECIOUS STONES JOS 100,PRECIOUS STONES JOS 100,true,true,true,false
3130,3130,JH/2526/ 90,JH252690,JEWELS SALES ACCOUNT - COLOR STONES,JEWELS SALES ACCOUNT - COLOR STONES,PRECIOUS STONES JOS 100,PRECIOUS STONES JOS 100,true,true,true,false
3131,3131,JH/2526/ 91,JH252691,JEWELS SALES ACCOUNT - COLOR STONES,JEWELS SALES ACCOUNT - COLOR STONES,PRECIOUS STONES JOS 100,PRECIOUS STONES JOS 100,true,true,true,false
3132,3132,JH/2526/ 97,JH252697,JEWELS SALES ACCOUNT - COLOR STONES,JEWELS SALES ACCOUNT - COLOR STONES,PRECIOUS STONES JOS 100,PRECIOUS STONES JOS 100,true,true,true,false
3133,3133,JH/2526/ 134,JH2526134,JEWELS SALES ACCOUNT - COLOR STONES,JEWELS SALES ACCOUNT - COLOR STONES,PRECIOUS STONES JOS 100,PRECIOUS STONES JOS 100,true,true,true,false
3134,3134,JH/2526/ 155,JH2526155,JEWELS SALES ACCOUNT - COLOR STONES,JEWELS SALES ACCOUNT - COLOR STONES,PRECIOUS STONES JOS 100,PRECIOUS STONES JOS 100,true,true,true,false
3135,3135,JH/2526/ 304,JH2526304,JEWELS SALES ACCOUNT - COLOR STONES,JEWELS SALES ACCOUNT - COLOR STONES,PRECIOUS STONES JOS 100,PRECIOUS STONES JOS 100,true,true,true,false
3136,3136,JH/2526/ 307,JH2526307,JEWELS SALES ACCOUNT - COLOR STONES,JEWELS SALES ACCOUNT - COLOR STONES,PRECIOUS STONES JOS 100,PRECIOUS STONES JOS 100,true,true,true,false
3137,3137,JH/2526/ 328,JH2526328,JEWELS SALES ACCOUNT - COLOR STONES,JEWELS SALES ACCOUNT - COLOR STONES,PRECIOUS STONES JOS 100,PRECIOUS STONES JOS 100,true,true,true,false
3138,3138,JH/2526/ 359,JH2526359,JEWELS SALES ACCOUNT - COLOR STONES,JEWELS SALES ACCOUNT - COLOR STONES,PRECIOUS STONES JOS 100,PRECIOUS STONES JOS 100,true,true,true,false
3139,3139,JH/2526/ 435,JH2526435,JEWELS SALES ACCOUNT - COLOR STONES,JEWELS SALES ACCOUNT - COLOR STONES,PRECIOUS STONES JOS 100,PRECIOUS STONES JOS 100,true,true,true,false
3140,3140,JH/2526/ 454,JH2526454,JEWELS SALES ACCOUNT - COLOR STONES,JEWELS SALES ACCOUNT - COLOR STONES,PRECIOUS STONES JOS 100,PRECIOUS STONES JOS 100,true,true,true,false
3141,3141,JH/2526/ 492,JH2526492,JEWELS SALES ACCOUNT - COLOR STONES,JEWELS SALES ACCOUNT - COLOR STONES,PRECIOUS STONES JOS 100,PRECIOUS STONES JOS 100,true,true,true,false
3142,3142,JH/2526/ 516,JH2526516,JEWELS SALES ACCOUNT - COLOR STONES,JEWELS SALES ACCOUNT - COLOR STONES,PRECIOUS STONES JOS 100,PRECIOUS STONES JOS 100,true,true,true,false
3143,3143,JH/2526/ 575,JH2526575,JEWELS SALES ACCOUNT - COLOR STONES,JEWELS SALES ACCOUNT - COLOR STONES,PRECIOUS STONES JOS 100,PRECIOUS STONES JOS 100,true,true,true,false
3144,3144,JH/2526/ 609,JH2526609,JEWELS SALES ACCOUNT - COLOR STONES,JEWELS SALES ACCOUNT - COLOR STONES,PRECIOUS STONES JOS 100,PRECIOUS STONES JOS 100,true,true,true,false
3145,3145,JH/2526/ 639,JH2526639,JEWELS SALES ACCOUNT - COLOR STONES,JEWELS SALES ACCOUNT - COLOR STONES,PRECIOUS STONES JOS 100,PRECIOUS STONES JOS 100,true,true,true,false
3146,3146,JH/2526/ 639,JH2526639,JEWELS SALES ACCOUNT - COLOR STONES,JEWELS SALES ACCOUNT - COLOR STONES,PRECIOUS STONES JOS 100,PRECIOUS STONES JOS 100,true,true,true,false
3147,3147,JH/2526/ 642,JH2526642,JEWELS SALES ACCOUNT - COLOR STONES,JEWELS SALES ACCOUNT - COLOR STONES,PRECIOUS STONES JOS 100,PRECIOUS STONES JOS 100,true,true,true,false
3148,3148,JH/2526/ 657,JH2526657,JEWELS SALES ACCOUNT - COLOR STONES,JEWELS SALES ACCOUNT - COLOR STONES,PRECIOUS STONES JOS 100,PRECIOUS STONES JOS 100,true,true,true,false
3149,3149,JH/2526/ 712,JH2526712,JEWELS SALES ACCOUNT - COLOR STONES,JEWELS SALES ACCOUNT - COLOR STONES,PRECIOUS STONES JOS 100,PRECIOUS STONES JOS 100,true,true,true,false
3150,3150,JH/2526/ 732,JH2526732,JEWELS SALES ACCOUNT - COLOR STONES,JEWELS SALES ACCOUNT - COLOR STONES,PRECIOUS STONES JOS 100,PRECIOUS STONES JOS 100,true,true,true,false
3151,3151,JH/2526/ 757,JH2526757,JEWELS SALES ACCOUNT - COLOR STONES,JEWELS SALES ACCOUNT - COLOR STONES,PRECIOUS STONES JOS 100,PRECIOUS STONES JOS 100,true,true,true,false
3152,3152,JH/2526/ 813,JH2526813,JEWELS SALES ACCOUNT - COLOR STONES,JEWELS SALES ACCOUNT - COLOR STONES,PRECIOUS STONES JOS 100,PRECIOUS STONES JOS 100,true,true,true,false
3153,3153,JH/2526/ 813,JH2526813,JEWELS SALES ACCOUNT - COLOR STONES,JEWELS SALES ACCOUNT - COLOR STONES,PRECIOUS STONES JOS 100,PRECIOUS STONES JOS 100,true,true,true,false
3154,3154,JH/2526/ 813,JH2526813,JEWELS SALES ACCOUNT - COLOR STONES,JEWELS SALES ACCOUNT - COLOR STONES,PRECIOUS STONES JOS 100,PRECIOUS STONES JOS 100,true,true,true,false
3155,3155,JH/2526/ 868,JH2526868,JEWELS SALES ACCOUNT - COLOR STONES,JEWELS SALES ACCOUNT - COLOR STONES,PRECIOUS STONES JOS 100,PRECIOUS STONES JOS 100,true,true,true,false
3156,3156,JH/2526/ 868,JH2526868,JEWELS SALES ACCOUNT - COLOR STONES,JEWELS SALES ACCOUNT - COLOR STONES,PRECIOUS STONES JOS 100,PRECIOUS STONES JOS 100,true,true,true,false
3157,3157,JH/2526/ 936,JH2526936,JEWELS SALES ACCOUNT - COLOR STONES,JEWELS SALES ACCOUNT - COLOR STONES,PRECIOUS STONES JOS 100,PRECIOUS STONES JOS 100,true,true,true,false
3158,3158,JH/2526/ 936,JH2526936,JEWELS SALES ACCOUNT - COLOR STONES,JEWELS SALES ACCOUNT - COLOR STONES,PRECIOUS STONES JOS 100,PRECIOUS STONES JOS 100,true,true,true,false
3159,3159,JH/2526/ 1013,JH25261013,JEWELS SALES ACCOUNT - COLOR STONES,JEWELS SALES ACCOUNT - COLOR STONES,PRECIOUS STONES JOS 100,PRECIOUS STONES JOS 100,true,true,true,false
3160,3160,JH/2526/ 42,JH252642,JEWELS SALES ACCOUNT - COLOR STONES,JEWELS SALES ACCOUNT - COLOR STONES,PRECIOUS STONES JOS 1000,PRECIOUS STONES JOS 1000,true,true,true,false
3161,3161,JH/2526/ 154,JH2526154,JEWELS SALES ACCOUNT - COLOR STONES,JEWELS SALES ACCOUNT - COLOR STONES,PRECIOUS STONES JOS 1000,PRECIOUS STONES JOS 1000,true,true,true,false
3162,3162,JH/2526/ 164,JH2526164,JEWELS SALES ACCOUNT - COLOR STONES,JEWELS SALES ACCOUNT - COLOR STONES,PRECIOUS STONES JOS 1000,PRECIOUS STONES JOS 1000,true,true,true,false
3163,3163,JH/2526/ 298,JH2526298,JEWELS SALES ACCOUNT - COLOR STONES,JEWELS SALES ACCOUNT - COLOR STONES,PRECIOUS STONES JOS 1000,PRECIOUS STONES JOS 1000,true,true,true,false
3164,3164,JH/2526/ 425,JH2526425,JEWELS SALES ACCOUNT - COLOR STONES,JEWELS SALES ACCOUNT - COLOR STONES,PRECIOUS STONES JOS 1000,PRECIOUS STONES JOS 1000,true,true,true,false
3165,3165,JH/B/2526/ 13,JHB252613,JEWELS SALES ACCOUNT - COLOR STONES,JEWELS SALES ACCOUNT - COLOR STONES,PRECIOUS STONES JOS 1000,PRECIOUS STONES JOS 1000,true,true,true,false
3166,3166,JH/2526/ 1094,JH25261094,JEWELS SALES ACCOUNT - COLOR STONES,JEWELS SALES ACCOUNT - COLOR STONES,PRECIOUS STONES JOS 1000,PRECIOUS STONES JOS 1000,true,true,true,false
3167,3167,JH/2526/ 940,JH2526940,JEWELS SALES ACCOUNT - COLOR STONES,JEWELS SALES ACCOUNT - COLOR STONES,PRECIOUS STONES JOS 1100,PRECIOUS STONES JOS 1100,true,true,true,false
3168,3168,JH/2526/ 982,JH2526982,JEWELS SALES ACCOUNT - COLOR STONES,JEWELS SALES ACCOUNT - COLOR STONES,PRECIOUS STONES JOS 1100,PRECIOUS STONES JOS 1100,true,true,true,false
3169,3169,JH/2526/ 1042,JH25261042,JEWELS SALES ACCOUNT - COLOR STONES,JEWELS SALES ACCOUNT - COLOR STONES,PRECIOUS STONES JOS 1100,PRECIOUS STONES JOS 1100,true,true,true,false
3170,3170,JH/2526/ 155,JH2526155,JEWELS SALES ACCOUNT - COLOR STONES,JEWELS SALES ACCOUNT - COLOR STONES,PRECIOUS STONES JOS 1200,PRECIOUS STONES JOS 1200,true,true,true,false
3171,3171,JH/2526/ 973,JH2526973,JEWELS SALES ACCOUNT - COLOR STONES,JEWELS SALES ACCOUNT - COLOR STONES,PRECIOUS STONES JOS 1400,PRECIOUS STONES JOS 1400,true,true,true,false
3172,3172,JH/2526/ 161,JH2526161,JEWELS SALES ACCOUNT - COLOR STONES,JEWELS SALES ACCOUNT - COLOR STONES,PRECIOUS STONES JOS 150,PRECIOUS STONES JOS 150,true,true,true,false
3173,3173,JH/2526/ 172,JH2526172,JEWELS SALES ACCOUNT - COLOR STONES,JEWELS SALES ACCOUNT - COLOR STONES,PRECIOUS STONES JOS 150,PRECIOUS STONES JOS 150,true,true,true,false
3174,3174,JH/2526/ 286,JH2526286,JEWELS SALES ACCOUNT - COLOR STONES,JEWELS SALES ACCOUNT - COLOR STONES,PRECIOUS STONES JOS 150,PRECIOUS STONES JOS 150,true,true,true,false
3175,3175,JH/2526/ 286,JH2526286,JEWELS SALES ACCOUNT - COLOR STONES,JEWELS SALES ACCOUNT - COLOR STONES,PRECIOUS STONES JOS 150,PRECIOUS STONES JOS 150,true,true,true,false
3176,3176,JH/2526/ 385,JH2526385,JEWELS SALES ACCOUNT - COLOR STONES,JEWELS SALES ACCOUNT - COLOR STONES,PRECIOUS STONES JOS 150,PRECIOUS STONES JOS 150,true,true,true,false
3177,3177,JH/2526/ 576,JH2526576,JEWELS SALES ACCOUNT - COLOR STONES,JEWELS SALES ACCOUNT - COLOR STONES,PRECIOUS STONES JOS 150,PRECIOUS STONES JOS 150,true,true,true,false
3178,3178,JH/2526/ 581,JH2526581,JEWELS SALES ACCOUNT - COLOR STONES,JEWELS SALES ACCOUNT - COLOR STONES,PRECIOUS STONES JOS 150,PRECIOUS STONES JOS 150,true,true,true,false
3179,3179,JH/2526/ 582,JH2526582,JEWELS SALES ACCOUNT - COLOR STONES,JEWELS SALES ACCOUNT - COLOR STONES,PRECIOUS STONES JOS 150,PRECIOUS STONES JOS 150,true,true,true,false
3180,3180,JH/2526/ 584,JH2526584,JEWELS SALES ACCOUNT - COLOR STONES,JEWELS SALES ACCOUNT - COLOR STONES,PRECIOUS STONES JOS 150,PRECIOUS STONES JOS 150,true,true,true,false
3181,3181,JH/2526/ 585,JH2526585,JEWELS SALES ACCOUNT - COLOR STONES,JEWELS SALES ACCOUNT - COLOR STONES,PRECIOUS STONES JOS 150,PRECIOUS STONES JOS 150,true,true,true,false
3182,3182,JH/2526/ 880,JH2526880,JEWELS SALES ACCOUNT - COLOR STONES,JEWELS SALES ACCOUNT - COLOR STONES,PRECIOUS STONES JOS 150,PRECIOUS STONES JOS 150,true,true,true,false
3183,3183,JH/2526/ 144,JH2526144,JEWELS SALES ACCOUNT - COLOR STONES,JEWELS SALES ACCOUNT - COLOR STONES,PRECIOUS STONES JOS 1500,PRECIOUS STONES JOS 1500,true,true,true,false
3184,3184,JH/2526/ 895,JH2526895,JEWELS SALES ACCOUNT - COLOR STONES,JEWELS SALES ACCOUNT - COLOR STONES,PRECIOUS STONES JOS 1600,PRECIOUS STONES JOS 1600,true,true,true,false
3185,3185,JH/2526/ 175,JH2526175,JEWELS SALES ACCOUNT - COLOR STONES,JEWELS SALES ACCOUNT - COLOR STONES,PRECIOUS STONES JOS 16000,PRECIOUS STONES JOS 16000,true,true,true,false
3186,3186,JH/2526/ 1065,JH25261065,JEWELS SALES ACCOUNT - COLOR STONES,JEWELS SALES ACCOUNT - COLOR STONES,PRECIOUS STONES JOS 16000,PRECIOUS STONES JOS 16000,true,true,true,false
3187,3187,JH/2526/ 418,JH2526418,JEWELS SALES ACCOUNT - COLOR STONES,JEWELS SALES ACCOUNT - COLOR STONES,PRECIOUS STONES JOS 1800,PRECIOUS STONES JOS 1800,true,true,true,false
3188,3188,JH/2526/ 443,JH2526443,JEWELS SALES ACCOUNT - COLOR STONES,JEWELS SALES ACCOUNT - COLOR STONES,PRECIOUS STONES JOS 1800,PRECIOUS STONES JOS 1800,true,true,true,false
3189,3189,JH/2526/ 191,JH2526191,JEWELS SALES ACCOUNT - COLOR STONES,JEWELS SALES ACCOUNT - COLOR STONES,PRECIOUS STONES JOS 1900,PRECIOUS STONES JOS 1900,true,true,true,false
3190,3190,JH/2526/ 455,JH2526455,JEWELS SALES ACCOUNT - COLOR STONES,JEWELS SALES ACCOUNT - COLOR STONES,PRECIOUS STONES JOS 1900,PRECIOUS STONES JOS 1900,true,true,true,false
3191,3191,JH/2526/ 688,JH2526688,JEWELS SALES ACCOUNT - COLOR STONES,JEWELS SALES ACCOUNT - COLOR STONES,PRECIOUS STONES JOS 200,PRECIOUS STONES JOS 200,true,true,true,false
3192,3192,JH/2526/ 37,JH252637,JEWELS SALES ACCOUNT - COLOR STONES,JEWELS SALES ACCOUNT - COLOR STONES,PRECIOUS STONES JOS 2000,PRECIOUS STONES JOS 2000,true,true,true,false
3193,3193,JH/2526/ 816,JH2526816,JEWELS SALES ACCOUNT - COLOR STONES,JEWELS SALES ACCOUNT - COLOR STONES,PRECIOUS STONES JOS 2100,PRECIOUS STONES JOS 2100,true,true,true,false
3194,3194,JH/2526/ 928,JH2526928,JEWELS SALES ACCOUNT - COLOR STONES,JEWELS SALES ACCOUNT - COLOR STONES,PRECIOUS STONES JOS 2200,PRECIOUS STONES JOS 2200,true,true,true,false
3195,3195,JH/2526/ 7,JH25267,JEWELS SALES ACCOUNT - COLOR STONES,JEWELS SALES ACCOUNT - COLOR STONES,PRECIOUS STONES JOS 2300,PRECIOUS STONES JOS 2300,true,true,true,false
3196,3196,JH/2526/ 8,JH25268,JEWELS SALES ACCOUNT - COLOR STONES,JEWELS SALES ACCOUNT - COLOR STONES,PRECIOUS STONES JOS 2300,PRECIOUS STONES JOS 2300,true,true,true,false
3197,3197,JH/2526/ 8,JH25268,JEWELS SALES ACCOUNT - COLOR STONES,JEWELS SALES ACCOUNT - COLOR STONES,PRECIOUS STONES JOS 2300,PRECIOUS STONES JOS 2300,true,true,true,false
3198,3198,JH/2526/ 144,JH2526144,JEWELS SALES ACCOUNT - COLOR STONES,JEWELS SALES ACCOUNT - COLOR STONES,PRECIOUS STONES JOS 2300,PRECIOUS STONES JOS 2300,true,true,true,false
3199,3199,JH/2526/ 199,JH2526199,JEWELS SALES ACCOUNT - COLOR STONES,JEWELS SALES ACCOUNT - COLOR STONES,PRECIOUS STONES JOS 2300,PRECIOUS STONES JOS 2300,true,true,true,false
3200,3200,JH/2526/ 607,JH2526607,JEWELS SALES ACCOUNT - COLOR STONES,JEWELS SALES ACCOUNT - COLOR STONES,PRECIOUS STONES JOS 250,PRECIOUS STONES JOS 250,true,true,true,false
3201,3201,JH/B/2526/ 3,JHB25263,JEWELS SALES ACCOUNT - COLOR STONES,JEWELS SALES ACCOUNT - COLOR STONES,PRECIOUS STONES JOS 250,PRECIOUS STONES JOS 250,true,true,true,false
3202,3202,JH/2526/ 561,JH2526561,JEWELS SALES ACCOUNT - COLOR STONES,JEWELS SALES ACCOUNT - COLOR STONES,PRECIOUS STONES JOS 2700,PRECIOUS STONES JOS 2700,true,true,true,false
3203,3203,JH/2526/ 141,JH2526141,JEWELS SALES ACCOUNT - COLOR STONES,JEWELS SALES ACCOUNT - COLOR STONES,PRECIOUS STONES JOS 2800,PRECIOUS STONES JOS 2800,true,true,true,false
3204,3204,JH/2526/ 412,JH2526412,JEWELS SALES ACCOUNT - COLOR STONES,JEWELS SALES ACCOUNT - COLOR STONES,PRECIOUS STONES JOS 2800,PRECIOUS STONES JOS 2800,true,true,true,false
3205,3205,JH/2526/ 890,JH2526890,JEWELS SALES ACCOUNT - COLOR STONES,JEWELS SALES ACCOUNT - COLOR STONES,PRECIOUS STONES JOS 2800,PRECIOUS STONES JOS 2800,true,true,true,false
3206,3206,JH/2526/ 89,JH252689,JEWELS SALES ACCOUNT - COLOR STONES,JEWELS SALES ACCOUNT - COLOR STONES,PRECIOUS STONES JOS 300,PRECIOUS STONES JOS 300,true,true,true,false
3207,3207,JH/2526/ 89,JH252689,JEWELS SALES ACCOUNT - COLOR STONES,JEWELS SALES ACCOUNT - COLOR STONES,PRECIOUS STONES JOS 300,PRECIOUS STONES JOS 300,true,true,true,false
3208,3208,JH/2526/ 374,JH2526374,JEWELS SALES ACCOUNT - COLOR STONES,JEWELS SALES ACCOUNT - COLOR STONES,PRECIOUS STONES JOS 300,PRECIOUS STONES JOS 300,true,true,true,false
3209,3209,JH/2526/ 620,JH2526620,JEWELS SALES ACCOUNT - COLOR STONES,JEWELS SALES ACCOUNT - COLOR STONES,PRECIOUS STONES JOS 300,PRECIOUS STONES JOS 300,true,true,true,false
3210,3210,JH/B/2526/ 3,JHB25263,JEWELS SALES ACCOUNT - COLOR STONES,JEWELS SALES ACCOUNT - COLOR STONES,PRECIOUS STONES JOS 300,PRECIOUS STONES JOS 300,true,true,true,false
3211,3211,JH/2526/ 798,JH2526798,JEWELS SALES ACCOUNT - COLOR STONES,JEWELS SALES ACCOUNT - COLOR STONES,PRECIOUS STONES JOS 300,PRECIOUS STONES JOS 300,true,true,true,false
3212,3212,JH/2526/ 1011,JH25261011,JEWELS SALES ACCOUNT - COLOR STONES,JEWELS SALES ACCOUNT - COLOR STONES,PRECIOUS STONES JOS 300,PRECIOUS STONES JOS 300,true,true,true,false
3213,3213,JH/2526/ 461,JH2526461,JEWELS SALES ACCOUNT - COLOR STONES,JEWELS SALES ACCOUNT - COLOR STONES,PRECIOUS STONES JOS 3100,PRECIOUS STONES JOS 3100,true,true,true,false
3214,3214,JH/2526/ 753,JH2526753,JEWELS SALES ACCOUNT - COLOR STONES,JEWELS SALES ACCOUNT - COLOR STONES,PRECIOUS STONES JOS 3100,PRECIOUS STONES JOS 3100,true,true,true,false
3215,3215,JH/2526/ 771,JH2526771,JEWELS SALES ACCOUNT - COLOR STONES,JEWELS SALES ACCOUNT - COLOR STONES,PRECIOUS STONES JOS 3100,PRECIOUS STONES JOS 3100,true,true,true,false
3216,3216,JH/2526/ 816,JH2526816,JEWELS SALES ACCOUNT - COLOR STONES,JEWELS SALES ACCOUNT - COLOR STONES,PRECIOUS STONES JOS 3100,PRECIOUS STONES JOS 3100,true,true,true,false
3217,3217,JH/2526/ 271,JH2526271,JEWELS SALES ACCOUNT - COLOR STONES,JEWELS SALES ACCOUNT - COLOR STONES,PRECIOUS STONES JOS 3200,PRECIOUS STONES JOS 3200,true,true,true,false
3218,3218,JH/2526/ 397,JH2526397,JEWELS SALES ACCOUNT - COLOR STONES,JEWELS SALES ACCOUNT - COLOR STONES,PRECIOUS STONES JOS 400,PRECIOUS STONES JOS 400,true,true,true,false
3219,3219,JH/2526/ 557,JH2526557,JEWELS SALES ACCOUNT - COLOR STONES,JEWELS SALES ACCOUNT - COLOR STONES,PRECIOUS STONES JOS 400,PRECIOUS STONES JOS 400,true,true,true,false
3220,3220,JH/2526/ 1082,JH25261082,JEWELS SALES ACCOUNT - COLOR STONES,JEWELS SALES ACCOUNT - COLOR STONES,PRECIOUS STONES JOS 400,PRECIOUS STONES JOS 400,true,true,true,false
3221,3221,JH/2526/ 685,JH2526685,JEWELS SALES ACCOUNT - COLOR STONES,JEWELS SALES ACCOUNT - COLOR STONES,PRECIOUS STONES JOS 4000,PRECIOUS STONES JOS 4000,true,true,true,false
3222,3222,JH/2526/ 981,JH2526981,JEWELS SALES ACCOUNT - COLOR STONES,JEWELS SALES ACCOUNT - COLOR STONES,PRECIOUS STONES JOS 450,PRECIOUS STONES JOS 450,true,true,true,false
3223,3223,JH/2526/ 150,JH2526150,JEWELS SALES ACCOUNT - COLOR STONES,JEWELS SALES ACCOUNT - COLOR STONES,PRECIOUS STONES JOS 4500,PRECIOUS STONES JOS 4500,true,true,true,false
3224,3224,JH/2526/ 35,JH252635,JEWELS SALES ACCOUNT - COLOR STONES,JEWELS SALES ACCOUNT - COLOR STONES,PRECIOUS STONES JOS 50,PRECIOUS STONES JOS 50,true,true,true,false
3225,3225,JH/2526/ 693,JH2526693,JEWELS SALES ACCOUNT - COLOR STONES,JEWELS SALES ACCOUNT - COLOR STONES,PRECIOUS STONES JOS 50,PRECIOUS STONES JOS 50,true,true,true,false
3226,3226,JH/2526/ 780,JH2526780,JEWELS SALES ACCOUNT - COLOR STONES,JEWELS SALES ACCOUNT - COLOR STONES,PRECIOUS STONES JOS 50,PRECIOUS STONES JOS 50,true,true,true,false
3227,3227,JH/2526/ 842,JH2526842,JEWELS SALES ACCOUNT - COLOR STONES,JEWELS SALES ACCOUNT - COLOR STONES,PRECIOUS STONES JOS 50,PRECIOUS STONES JOS 50,true,true,true,false
3228,3228,JH/2526/ 862,JH2526862,JEWELS SALES ACCOUNT - COLOR STONES,JEWELS SALES ACCOUNT - COLOR STONES,PRECIOUS STONES JOS 50,PRECIOUS STONES JOS 50,true,true,true,false
3229,3229,JH/2526/ 907,JH2526907,JEWELS SALES ACCOUNT - COLOR STONES,JEWELS SALES ACCOUNT - COLOR STONES,PRECIOUS STONES JOS 50,PRECIOUS STONES JOS 50,true,true,true,false
3230,3230,JH/2526/ 914,JH2526914,JEWELS SALES ACCOUNT - COLOR STONES,JEWELS SALES ACCOUNT - COLOR STONES,PRECIOUS STONES JOS 50,PRECIOUS STONES JOS 50,true,true,true,false
3231,3231,JH/2526/ 1019,JH25261019,JEWELS SALES ACCOUNT - COLOR STONES,JEWELS SALES ACCOUNT - COLOR STONES,PRECIOUS STONES JOS 50,PRECIOUS STONES JOS 50,true,true,true,false
3232,3232,JH/2526/ 1052,JH25261052,JEWELS SALES ACCOUNT - COLOR STONES,JEWELS SALES ACCOUNT - COLOR STONES,PRECIOUS STONES JOS 50,PRECIOUS STONES JOS 50,true,true,true,false
3233,3233,JH/2526/ 8,JH25268,JEWELS SALES ACCOUNT - COLOR STONES,JEWELS SALES ACCOUNT - COLOR STONES,PRECIOUS STONES JOS 500,PRECIOUS STONES JOS 500,true,true,true,false
3234,3234,JH/2526/ 24,JH252624,JEWELS SALES ACCOUNT - COLOR STONES,JEWELS SALES ACCOUNT - COLOR STONES,PRECIOUS STONES JOS 500,PRECIOUS STONES JOS 500,true,true,true,false
3235,3235,JH/2526/ 151,JH2526151,JEWELS SALES ACCOUNT - COLOR STONES,JEWELS SALES ACCOUNT - COLOR STONES,PRECIOUS STONES JOS 500,PRECIOUS STONES JOS 500,true,true,true,false
3236,3236,JH/2526/ 229,JH2526229,JEWELS SALES ACCOUNT - COLOR STONES,JEWELS SALES ACCOUNT - COLOR STONES,PRECIOUS STONES JOS 500,PRECIOUS STONES JOS 500,true,true,true,false
3237,3237,JH/2526/ 299,JH2526299,JEWELS SALES ACCOUNT - COLOR STONES,JEWELS SALES ACCOUNT - COLOR STONES,PRECIOUS STONES JOS 500,PRECIOUS STONES JOS 500,true,true,true,false
3238,3238,JH/2526/ 341,JH2526341,JEWELS SALES ACCOUNT - COLOR STONES,JEWELS SALES ACCOUNT - COLOR STONES,PRECIOUS STONES JOS 500,PRECIOUS STONES JOS 500,true,true,true,false
3239,3239,JH/2526/ 424,JH2526424,JEWELS SALES ACCOUNT - COLOR STONES,JEWELS SALES ACCOUNT - COLOR STONES,PRECIOUS STONES JOS 500,PRECIOUS STONES JOS 500,true,true,true,false
3240,3240,JH/2526/ 909,JH2526909,JEWELS SALES ACCOUNT - COLOR STONES,JEWELS SALES ACCOUNT - COLOR STONES,PRECIOUS STONES JOS 500,PRECIOUS STONES JOS 500,true,true,true,false
3241,3241,JH/2526/ 974,JH2526974,JEWELS SALES ACCOUNT - COLOR STONES,JEWELS SALES ACCOUNT - COLOR STONES,PRECIOUS STONES JOS 500,PRECIOUS STONES JOS 500,true,true,true,false
3242,3242,JH/2526/ 981,JH2526981,JEWELS SALES ACCOUNT - COLOR STONES,JEWELS SALES ACCOUNT - COLOR STONES,PRECIOUS STONES JOS 500,PRECIOUS STONES JOS 500,true,true,true,false
3243,3243,JH/2526/ 1026,JH25261026,JEWELS SALES ACCOUNT - COLOR STONES,JEWELS SALES ACCOUNT - COLOR STONES,PRECIOUS STONES JOS 5000,PRECIOUS STONES JOS 5000,true,true,true,false
3244,3244,JH/2526/ 193,JH2526193,JEWELS SALES ACCOUNT - COLOR STONES,JEWELS SALES ACCOUNT - COLOR STONES,PRECIOUS STONES JOS 550,PRECIOUS STONES JOS 550,true,true,true,false
3245,3245,JH/2526/ 321,JH2526321,JEWELS SALES ACCOUNT - COLOR STONES,JEWELS SALES ACCOUNT - COLOR STONES,PRECIOUS STONES JOS 550,PRECIOUS STONES JOS 550,true,true,true,false
3246,3246,JH/2526/ 418,JH2526418,JEWELS SALES ACCOUNT - COLOR STONES,JEWELS SALES ACCOUNT - COLOR STONES,PRECIOUS STONES JOS 550,PRECIOUS STONES JOS 550,true,true,true,false
3247,3247,JH/2526/ 424,JH2526424,JEWELS SALES ACCOUNT - COLOR STONES,JEWELS SALES ACCOUNT - COLOR STONES,PRECIOUS STONES JOS 550,PRECIOUS STONES JOS 550,true,true,true,false
3248,3248,JH/2526/ 1046,JH25261046,JEWELS SALES ACCOUNT - COLOR STONES,JEWELS SALES ACCOUNT - COLOR STONES,PRECIOUS STONES JOS 550,PRECIOUS STONES JOS 550,true,true,true,false
3249,3249,JH/2526/ 9,JH25269,JEWELS SALES ACCOUNT - COLOR STONES,JEWELS SALES ACCOUNT - COLOR STONES,PRECIOUS STONES JOS 600,PRECIOUS STONES JOS 600,true,true,true,false
3250,3250,JH/B/2526/ 2,JHB25262,JEWELS SALES ACCOUNT - COLOR STONES,JEWELS SALES ACCOUNT - COLOR STONES,PRECIOUS STONES JOS 600,PRECIOUS STONES JOS 600,true,true,true,false
3251,3251,JH/2526/ 151,JH2526151,JEWELS SALES ACCOUNT - COLOR STONES,JEWELS SALES ACCOUNT - COLOR STONES,PRECIOUS STONES JOS 600,PRECIOUS STONES JOS 600,true,true,true,false
3252,3252,JH/2526/ 837,JH2526837,JEWELS SALES ACCOUNT - COLOR STONES,JEWELS SALES ACCOUNT - COLOR STONES,PRECIOUS STONES JOS 600,PRECIOUS STONES JOS 600,true,true,true,false
3253,3253,JH/2526/ 896,JH2526896,JEWELS SALES ACCOUNT - COLOR STONES,JEWELS SALES ACCOUNT - COLOR STONES,PRECIOUS STONES JOS 600,PRECIOUS STONES JOS 600,true,true,true,false
3254,3254,JH/2526/ 1046,JH25261046,JEWELS SALES ACCOUNT - COLOR STONES,JEWELS SALES ACCOUNT - COLOR STONES,PRECIOUS STONES JOS 600,PRECIOUS STONES JOS 600,true,true,true,false
3255,3255,JH/2526/ 150,JH2526150,JEWELS SALES ACCOUNT - COLOR STONES,JEWELS SALES ACCOUNT - COLOR STONES,PRECIOUS STONES JOS 650,PRECIOUS STONES JOS 650,true,true,true,false
3256,3256,JH/2526/ 24,JH252624,JEWELS SALES ACCOUNT - COLOR STONES,JEWELS SALES ACCOUNT - COLOR STONES,PRECIOUS STONES JOS 700,PRECIOUS STONES JOS 700,true,true,true,false
3257,3257,JH/2526/ 150,JH2526150,JEWELS SALES ACCOUNT - COLOR STONES,JEWELS SALES ACCOUNT - COLOR STONES,PRECIOUS STONES JOS 700,PRECIOUS STONES JOS 700,true,true,true,false
3258,3258,JH/2526/ 193,JH2526193,JEWELS SALES ACCOUNT - COLOR STONES,JEWELS SALES ACCOUNT - COLOR STONES,PRECIOUS STONES JOS 700,PRECIOUS STONES JOS 700,true,true,true,false
3259,3259,JH/2526/ 274,JH2526274,JEWELS SALES ACCOUNT - COLOR STONES,JEWELS SALES ACCOUNT - COLOR STONES,PRECIOUS STONES JOS 700,PRECIOUS STONES JOS 700,true,true,true,false
3260,3260,JH/2526/ 275,JH2526275,JEWELS SALES ACCOUNT - COLOR STONES,JEWELS SALES ACCOUNT - COLOR STONES,PRECIOUS STONES JOS 700,PRECIOUS STONES JOS 700,true,true,true,false
3261,3261,JH/2526/ 290,JH2526290,JEWELS SALES ACCOUNT - COLOR STONES,JEWELS SALES ACCOUNT - COLOR STONES,PRECIOUS STONES JOS 700,PRECIOUS STONES JOS 700,true,true,true,false
3262,3262,JH/2526/ 321,JH2526321,JEWELS SALES ACCOUNT - COLOR STONES,JEWELS SALES ACCOUNT - COLOR STONES,PRECIOUS STONES JOS 700,PRECIOUS STONES JOS 700,true,true,true,false
3263,3263,JH/2526/ 358,JH2526358,JEWELS SALES ACCOUNT - COLOR STONES,JEWELS SALES ACCOUNT - COLOR STONES,PRECIOUS STONES JOS 700,PRECIOUS STONES JOS 700,true,true,true,false
3264,3264,JH/2526/ 364,JH2526364,JEWELS SALES ACCOUNT - COLOR STONES,JEWELS SALES ACCOUNT - COLOR STONES,PRECIOUS STONES JOS 700,PRECIOUS STONES JOS 700,true,true,true,false
3265,3265,JH/2526/ 376,JH2526376,JEWELS SALES ACCOUNT - COLOR STONES,JEWELS SALES ACCOUNT - COLOR STONES,PRECIOUS STONES JOS 700,PRECIOUS STONES JOS 700,true,true,true,false
3266,3266,JH/2526/ 376,JH2526376,JEWELS SALES ACCOUNT - COLOR STONES,JEWELS SALES ACCOUNT - COLOR STONES,PRECIOUS STONES JOS 700,PRECIOUS STONES JOS 700,true,true,true,false
3267,3267,JH/2526/ 600,JH2526600,JEWELS SALES ACCOUNT - COLOR STONES,JEWELS SALES ACCOUNT - COLOR STONES,PRECIOUS STONES JOS 700,PRECIOUS STONES JOS 700,true,true,true,false
3268,3268,JH/2526/ 620,JH2526620,JEWELS SALES ACCOUNT - COLOR STONES,JEWELS SALES ACCOUNT - COLOR STONES,PRECIOUS STONES JOS 700,PRECIOUS STONES JOS 700,true,true,true,false
3269,3269,JH/2526/ 620,JH2526620,JEWELS SALES ACCOUNT - COLOR STONES,JEWELS SALES ACCOUNT - COLOR STONES,PRECIOUS STONES JOS 700,PRECIOUS STONES JOS 700,true,true,true,false
3270,3270,JH/2526/ 620,JH2526620,JEWELS SALES ACCOUNT - COLOR STONES,JEWELS SALES ACCOUNT - COLOR STONES,PRECIOUS STONES JOS 700,PRECIOUS STONES JOS 700,true,true,true,false
3271,3271,JH/2526/ 697,JH2526697,JEWELS SALES ACCOUNT - COLOR STONES,JEWELS SALES ACCOUNT - COLOR STONES,PRECIOUS STONES JOS 700,PRECIOUS STONES JOS 700,true,true,true,false
3272,3272,JH/2526/ 697,JH2526697,JEWELS SALES ACCOUNT - COLOR STONES,JEWELS SALES ACCOUNT - COLOR STONES,PRECIOUS STONES JOS 700,PRECIOUS STONES JOS 700,true,true,true,false
3273,3273,JH/2526/ 718,JH2526718,JEWELS SALES ACCOUNT - COLOR STONES,JEWELS SALES ACCOUNT - COLOR STONES,PRECIOUS STONES JOS 700,PRECIOUS STONES JOS 700,true,true,true,false
3274,3274,JH/2526/ 734,JH2526734,JEWELS SALES ACCOUNT - COLOR STONES,JEWELS SALES ACCOUNT - COLOR STONES,PRECIOUS STONES JOS 700,PRECIOUS STONES JOS 700,true,true,true,false
3275,3275,JH/B/2526/ 4,JHB25264,JEWELS SALES ACCOUNT - COLOR STONES,JEWELS SALES ACCOUNT - COLOR STONES,PRECIOUS STONES JOS 700,PRECIOUS STONES JOS 700,true,true,true,false
3276,3276,JH/2526/ 818,JH2526818,JEWELS SALES ACCOUNT - COLOR STONES,JEWELS SALES ACCOUNT - COLOR STONES,PRECIOUS STONES JOS 700,PRECIOUS STONES JOS 700,true,true,true,false
3277,3277,JH/2526/ 818,JH2526818,JEWELS SALES ACCOUNT - COLOR STONES,JEWELS SALES ACCOUNT - COLOR STONES,PRECIOUS STONES JOS 700,PRECIOUS STONES JOS 700,true,true,true,false
3278,3278,JH/2526/ 854,JH2526854,JEWELS SALES ACCOUNT - COLOR STONES,JEWELS SALES ACCOUNT - COLOR STONES,PRECIOUS STONES JOS 700,PRECIOUS STONES JOS 700,true,true,true,false
3279,3279,JH/2526/ 854,JH2526854,JEWELS SALES ACCOUNT - COLOR STONES,JEWELS SALES ACCOUNT - COLOR STONES,PRECIOUS STONES JOS 700,PRECIOUS STONES JOS 700,true,true,true,false
3280,3280,JH/2526/ 892,JH2526892,JEWELS SALES ACCOUNT - COLOR STONES,JEWELS SALES ACCOUNT - COLOR STONES,PRECIOUS STONES JOS 700,PRECIOUS STONES JOS 700,true,true,true,false
3281,3281,JH/2526/ 940,JH2526940,JEWELS SALES ACCOUNT - COLOR STONES,JEWELS SALES ACCOUNT - COLOR STONES,PRECIOUS STONES JOS 700,PRECIOUS STONES JOS 700,true,true,true,false
3282,3282,JH/2526/ 974,JH2526974,JEWELS SALES ACCOUNT - COLOR STONES,JEWELS SALES ACCOUNT - COLOR STONES,PRECIOUS STONES JOS 700,PRECIOUS STONES JOS 700,true,true,true,false
3283,3283,JH/2526/ 974,JH2526974,JEWELS SALES ACCOUNT - COLOR STONES,JEWELS SALES ACCOUNT - COLOR STONES,PRECIOUS STONES JOS 700,PRECIOUS STONES JOS 700,true,true,true,false
3284,3284,JH/2526/ 998,JH2526998,JEWELS SALES ACCOUNT - COLOR STONES,JEWELS SALES ACCOUNT - COLOR STONES,PRECIOUS STONES JOS 700,PRECIOUS STONES JOS 700,true,true,true,false
3285,3285,JH/2526/ 1049,JH25261049,JEWELS SALES ACCOUNT - COLOR STONES,JEWELS SALES ACCOUNT - COLOR STONES,PRECIOUS STONES JOS 700,PRECIOUS STONES JOS 700,true,true,true,false
3286,3286,JH/2526/ 1049,JH25261049,JEWELS SALES ACCOUNT - COLOR STONES,JEWELS SALES ACCOUNT - COLOR STONES,PRECIOUS STONES JOS 700,PRECIOUS STONES JOS 700,true,true,true,false
3287,3287,JH/2526/ 1066,JH25261066,JEWELS SALES ACCOUNT - COLOR STONES,JEWELS SALES ACCOUNT - COLOR STONES,PRECIOUS STONES JOS 700,PRECIOUS STONES JOS 700,true,true,true,false
3288,3288,JH/2526/ 1067,JH25261067,JEWELS SALES ACCOUNT - COLOR STONES,JEWELS SALES ACCOUNT - COLOR STONES,PRECIOUS STONES JOS 700,PRECIOUS STONES JOS 700,true,true,true,false
3289,3289,JH/2526/ 1092,JH25261092,JEWELS SALES ACCOUNT - COLOR STONES,JEWELS SALES ACCOUNT - COLOR STONES,PRECIOUS STONES JOS 700,PRECIOUS STONES JOS 700,true,true,true,false
3290,3290,JH/2526/ 1092,JH25261092,JEWELS SALES ACCOUNT - COLOR STONES,JEWELS SALES ACCOUNT - COLOR STONES,PRECIOUS STONES JOS 700,PRECIOUS STONES JOS 700,true,true,true,false
3291,3291,JH/2526/ 105,JH2526105,JEWELS SALES ACCOUNT - COLOR STONES,JEWELS SALES ACCOUNT - COLOR STONES,PRECIOUS STONES JOS 7000,PRECIOUS STONES JOS 7000,true,true,true,false
3292,3292,JH/2526/ 73,JH252673,JEWELS SALES ACCOUNT - COLOR STONES,JEWELS SALES ACCOUNT - COLOR STONES,PRECIOUS STONES JOS 750,PRECIOUS STONES JOS 750,true,true,true,false
3293,3293,JH/2526/ 191,JH2526191,JEWELS SALES ACCOUNT - COLOR STONES,JEWELS SALES ACCOUNT - COLOR STONES,PRECIOUS STONES JOS 750,PRECIOUS STONES JOS 750,true,true,true,false
3294,3294,JH/2526/ 247,JH2526247,JEWELS SALES ACCOUNT - COLOR STONES,JEWELS SALES ACCOUNT - COLOR STONES,PRECIOUS STONES JOS 750,PRECIOUS STONES JOS 750,true,true,true,false
3295,3295,JH/2526/ 268,JH2526268,JEWELS SALES ACCOUNT - COLOR STONES,JEWELS SALES ACCOUNT - COLOR STONES,PRECIOUS STONES JOS 750,PRECIOUS STONES JOS 750,true,true,true,false
3296,3296,JH/2526/ 283,JH2526283,JEWELS SALES ACCOUNT - COLOR STONES,JEWELS SALES ACCOUNT - COLOR STONES,PRECIOUS STONES JOS 750,PRECIOUS STONES JOS 750,true,true,true,false
3297,3297,JH/2526/ 283,JH2526283,JEWELS SALES ACCOUNT - COLOR STONES,JEWELS SALES ACCOUNT - COLOR STONES,PRECIOUS STONES JOS 750,PRECIOUS STONES JOS 750,true,true,true,false
3298,3298,JH/2526/ 329,JH2526329,JEWELS SALES ACCOUNT - COLOR STONES,JEWELS SALES ACCOUNT - COLOR STONES,PRECIOUS STONES JOS 750,PRECIOUS STONES JOS 750,true,true,true,false
3299,3299,JH/2526/ 366,JH2526366,JEWELS SALES ACCOUNT - COLOR STONES,JEWELS SALES ACCOUNT - COLOR STONES,PRECIOUS STONES JOS 750,PRECIOUS STONES JOS 750,true,true,true,false
3300,3300,JH/2526/ 442,JH2526442,JEWELS SALES ACCOUNT - COLOR STONES,JEWELS SALES ACCOUNT - COLOR STONES,PRECIOUS STONES JOS 750,PRECIOUS STONES JOS 750,true,true,true,false
3301,3301,JH/2526/ 450,JH2526450,JEWELS SALES ACCOUNT - COLOR STONES,JEWELS SALES ACCOUNT - COLOR STONES,PRECIOUS STONES JOS 750,PRECIOUS STONES JOS 750,true,true,true,false
3302,3302,JH/2526/ 496,JH2526496,JEWELS SALES ACCOUNT - COLOR STONES,JEWELS SALES ACCOUNT - COLOR STONES,PRECIOUS STONES JOS 750,PRECIOUS STONES JOS 750,true,true,true,false
3303,3303,JH/2526/ 496,JH2526496,JEWELS SALES ACCOUNT - COLOR STONES,JEWELS SALES ACCOUNT - COLOR STONES,PRECIOUS STONES JOS 750,PRECIOUS STONES JOS 750,true,true,true,false
3304,3304,JH/2526/ 671,JH2526671,JEWELS SALES ACCOUNT - COLOR STONES,JEWELS SALES ACCOUNT - COLOR STONES,PRECIOUS STONES JOS 750,PRECIOUS STONES JOS 750,true,true,true,false
3305,3305,JH/2526/ 683,JH2526683,JEWELS SALES ACCOUNT - COLOR STONES,JEWELS SALES ACCOUNT - COLOR STONES,PRECIOUS STONES JOS 750,PRECIOUS STONES JOS 750,true,true,true,false
3306,3306,JH/2526/ 684,JH2526684,JEWELS SALES ACCOUNT - COLOR STONES,JEWELS SALES ACCOUNT - COLOR STONES,PRECIOUS STONES JOS 750,PRECIOUS STONES JOS 750,true,true,true,false
3307,3307,JH/2526/ 762,JH2526762,JEWELS SALES ACCOUNT - COLOR STONES,JEWELS SALES ACCOUNT - COLOR STONES,PRECIOUS STONES JOS 750,PRECIOUS STONES JOS 750,true,true,true,false
3308,3308,JH/2526/ 1068,JH25261068,JEWELS SALES ACCOUNT - COLOR STONES,JEWELS SALES ACCOUNT - COLOR STONES,PRECIOUS STONES JOS 750,PRECIOUS STONES JOS 750,true,true,true,false
3309,3309,JH/2526/ 1081,JH25261081,JEWELS SALES ACCOUNT - COLOR STONES,JEWELS SALES ACCOUNT - COLOR STONES,PRECIOUS STONES JOS 750,PRECIOUS STONES JOS 750,true,true,true,false
3310,3310,JH/2526/ 1083,JH25261083,JEWELS SALES ACCOUNT - COLOR STONES,JEWELS SALES ACCOUNT - COLOR STONES,PRECIOUS STONES JOS 750,PRECIOUS STONES JOS 750,true,true,true,false
3311,3311,JH/2526/ 1083,JH25261083,JEWELS SALES ACCOUNT - COLOR STONES,JEWELS SALES ACCOUNT - COLOR STONES,PRECIOUS STONES JOS 750,PRECIOUS STONES JOS 750,true,true,true,false
3312,3312,JH/2526/ 1087,JH25261087,JEWELS SALES ACCOUNT - COLOR STONES,JEWELS SALES ACCOUNT - COLOR STONES,PRECIOUS STONES JOS 750,PRECIOUS STONES JOS 750,true,true,true,false
3313,3313,JH/2526/ 105,JH2526105,JEWELS SALES ACCOUNT - COLOR STONES,JEWELS SALES ACCOUNT - COLOR STONES,PRECIOUS STONES JOS 7500,PRECIOUS STONES JOS 7500,true,true,true,false
3314,3314,JH/2526/ 8,JH25268,JEWELS SALES ACCOUNT - COLOR STONES,JEWELS SALES ACCOUNT - COLOR STONES,PRECIOUS STONES JOS 800,PRECIOUS STONES JOS 800,true,true,true,false
3315,3315,JH/2526/ 473,JH2526473,JEWELS SALES ACCOUNT - COLOR STONES,JEWELS SALES ACCOUNT - COLOR STONES,PRECIOUS STONES JOS 800,PRECIOUS STONES JOS 800,true,true,true,false
3316,3316,JH/2526/ 144,JH2526144,JEWELS SALES ACCOUNT - COLOR STONES,JEWELS SALES ACCOUNT - COLOR STONES,PRECIOUS STONES JOS 8000,PRECIOUS STONES JOS 8000,true,true,true,false
3317,3317,JH/2526/ 321,JH2526321,JEWELS SALES ACCOUNT - COLOR STONES,JEWELS SALES ACCOUNT - COLOR STONES,PRECIOUS STONES JOS 900,PRECIOUS STONES JOS 900,true,true,true,false
3318,3318,JH/2526/ 341,JH2526341,JEWELS SALES ACCOUNT - COLOR STONES,JEWELS SALES ACCOUNT - COLOR STONES,PRECIOUS STONES JOS 900,PRECIOUS STONES JOS 900,true,true,true,false
3319,3319,JH/2526/ 734,JH2526734,JEWELS SALES ACCOUNT - COLOR STONES,JEWELS SALES ACCOUNT - COLOR STONES,PRECIOUS STONES JOS 900,PRECIOUS STONES JOS 900,true,true,true,false
3320,3320,JH/2526/ 854,JH2526854,JEWELS SALES ACCOUNT - COLOR STONES,JEWELS SALES ACCOUNT - COLOR STONES,PRECIOUS STONES JOS 900,PRECIOUS STONES JOS 900,true,true,true,false
3321,3321,JH/2526/ 974,JH2526974,JEWELS SALES ACCOUNT - COLOR STONES,JEWELS SALES ACCOUNT - COLOR STONES,PRECIOUS STONES JOS 900,PRECIOUS STONES JOS 900,true,true,true,false
3322,3322,JH/2526/ 974,JH2526974,JEWELS SALES ACCOUNT - COLOR STONES,JEWELS SALES ACCOUNT - COLOR STONES,PRECIOUS STONES JOS 900,PRECIOUS STONES JOS 900,true,true,true,false
3323,3323,JH/2526/ 1092,JH25261092,JEWELS SALES ACCOUNT - COLOR STONES,JEWELS SALES ACCOUNT - COLOR STONES,PRECIOUS STONES JOS 900,PRECIOUS STONES JOS 900,true,true,true,false
3324,3324,JH/2526/ 191,JH2526191,JEWELS SALES ACCOUNT - COLOR STONES,JEWELS SALES ACCOUNT - COLOR STONES,PRECIOUS STONES JOS 950,PRECIOUS STONES JOS 950,true,true,true,false
3325,3325,JH/2526/ 1092,JH25261092,JEWELS SALES ACCOUNT - COLOR STONES,JEWELS SALES ACCOUNT - COLOR STONES,PRECIOUS STONES JOS 950,PRECIOUS STONES JOS 950,true,true,true,false
3326,3326,JH/25-26 2,JH25262,JEWELS SALES ACCOUNT - RUBIES,JEWELS SALES ACCOUNT - RUBIES,RUBIES JRU 100,RUBIES JRU 100,true,true,true,false
3327,3327,JH/2526/ 36,JH252636,JEWELS SALES ACCOUNT - RUBIES,JEWELS SALES ACCOUNT - RUBIES,RUBIES JRU 100,RUBIES JRU 100,true,true,true,false
3328,3328,JH/2526/ 65,JH252665,JEWELS SALES ACCOUNT - RUBIES,JEWELS SALES ACCOUNT - RUBIES,RUBIES JRU 100,RUBIES JRU 100,true,true,true,false
3329,3329,JH/2526/ 76,JH252676,JEWELS SALES ACCOUNT - RUBIES,JEWELS SALES ACCOUNT - RUBIES,RUBIES JRU 100,RUBIES JRU 100,true,true,true,false
3330,3330,JH/2526/ 114,JH2526114,JEWELS SALES ACCOUNT - RUBIES,JEWELS SALES ACCOUNT - RUBIES,RUBIES JRU 100,RUBIES JRU 100,true,true,true,false
3331,3331,JH/2526/ 128,JH2526128,JEWELS SALES ACCOUNT - RUBIES,JEWELS SALES ACCOUNT - RUBIES,RUBIES JRU 100,RUBIES JRU 100,true,true,true,false
3332,3332,JH/2526/ 153,JH2526153,JEWELS SALES ACCOUNT - RUBIES,JEWELS SALES ACCOUNT - RUBIES,RUBIES JRU 100,RUBIES JRU 100,true,true,true,false
3333,3333,JH/2526/ 177,JH2526177,JEWELS SALES ACCOUNT - RUBIES,JEWELS SALES ACCOUNT - RUBIES,RUBIES JRU 100,RUBIES JRU 100,true,true,true,false
3334,3334,JH/2526/ 207,JH2526207,JEWELS SALES ACCOUNT - RUBIES,JEWELS SALES ACCOUNT - RUBIES,RUBIES JRU 100,RUBIES JRU 100,true,true,true,false
3335,3335,JH/2526/ 225,JH2526225,JEWELS SALES ACCOUNT - RUBIES,JEWELS SALES ACCOUNT - RUBIES,RUBIES JRU 100,RUBIES JRU 100,true,true,true,false
3336,3336,JH/2526/ 255,JH2526255,JEWELS SALES ACCOUNT - RUBIES,JEWELS SALES ACCOUNT - RUBIES,RUBIES JRU 100,RUBIES JRU 100,true,true,true,false
3337,3337,JH/2526/ 263,JH2526263,JEWELS SALES ACCOUNT - RUBIES,JEWELS SALES ACCOUNT - RUBIES,RUBIES JRU 100,RUBIES JRU 100,true,true,true,false
3338,3338,JH/2526/ 303,JH2526303,JEWELS SALES ACCOUNT - RUBIES,JEWELS SALES ACCOUNT - RUBIES,RUBIES JRU 100,RUBIES JRU 100,true,true,true,false
3339,3339,JH/2526/ 327,JH2526327,JEWELS SALES ACCOUNT - RUBIES,JEWELS SALES ACCOUNT - RUBIES,RUBIES JRU 100,RUBIES JRU 100,true,true,true,false
3340,3340,JH/2526/ 339,JH2526339,JEWELS SALES ACCOUNT - RUBIES,JEWELS SALES ACCOUNT - RUBIES,RUBIES JRU 100,RUBIES JRU 100,true,true,true,false
3341,3341,JH/2526/ 352,JH2526352,JEWELS SALES ACCOUNT - RUBIES,JEWELS SALES ACCOUNT - RUBIES,RUBIES JRU 100,RUBIES JRU 100,true,true,true,false
3342,3342,JH/2526/ 356,JH2526356,JEWELS SALES ACCOUNT - RUBIES,JEWELS SALES ACCOUNT - RUBIES,RUBIES JRU 100,RUBIES JRU 100,true,true,true,false
3343,3343,JH/2526/ 360,JH2526360,JEWELS SALES ACCOUNT - RUBIES,JEWELS SALES ACCOUNT - RUBIES,RUBIES JRU 100,RUBIES JRU 100,true,true,true,false
3344,3344,JH/2526/ 386,JH2526386,JEWELS SALES ACCOUNT - RUBIES,JEWELS SALES ACCOUNT - RUBIES,RUBIES JRU 100,RUBIES JRU 100,true,true,true,false
3345,3345,JH/2526/ 436,JH2526436,JEWELS SALES ACCOUNT - RUBIES,JEWELS SALES ACCOUNT - RUBIES,RUBIES JRU 100,RUBIES JRU 100,true,true,true,false
3346,3346,JH/2526/ 458,JH2526458,JEWELS SALES ACCOUNT - RUBIES,JEWELS SALES ACCOUNT - RUBIES,RUBIES JRU 100,RUBIES JRU 100,true,true,true,false
3347,3347,JH/2526/ 460,JH2526460,JEWELS SALES ACCOUNT - RUBIES,JEWELS SALES ACCOUNT - RUBIES,RUBIES JRU 100,RUBIES JRU 100,true,true,true,false
3348,3348,JH/2526/ 484,JH2526484,JEWELS SALES ACCOUNT - RUBIES,JEWELS SALES ACCOUNT - RUBIES,RUBIES JRU 100,RUBIES JRU 100,true,true,true,false
3349,3349,JH/2526/ 503,JH2526503,JEWELS SALES ACCOUNT - RUBIES,JEWELS SALES ACCOUNT - RUBIES,RUBIES JRU 100,RUBIES JRU 100,true,true,true,false
3350,3350,JH/2526/ 626,JH2526626,JEWELS SALES ACCOUNT - RUBIES,JEWELS SALES ACCOUNT - RUBIES,RUBIES JRU 100,RUBIES JRU 100,true,true,true,false
3351,3351,JH/2526/ 639,JH2526639,JEWELS SALES ACCOUNT - RUBIES,JEWELS SALES ACCOUNT - RUBIES,RUBIES JRU 100,RUBIES JRU 100,true,true,true,false
3352,3352,JH/2526/ 706,JH2526706,JEWELS SALES ACCOUNT - RUBIES,JEWELS SALES ACCOUNT - RUBIES,RUBIES JRU 100,RUBIES JRU 100,true,true,true,false
3353,3353,JH/2526/ 707,JH2526707,JEWELS SALES ACCOUNT - RUBIES,JEWELS SALES ACCOUNT - RUBIES,RUBIES JRU 100,RUBIES JRU 100,true,true,true,false
3354,3354,JH/2526/ 806,JH2526806,JEWELS SALES ACCOUNT - RUBIES,JEWELS SALES ACCOUNT - RUBIES,RUBIES JRU 100,RUBIES JRU 100,true,true,true,false
3355,3355,JH/2526/ 828,JH2526828,JEWELS SALES ACCOUNT - RUBIES,JEWELS SALES ACCOUNT - RUBIES,RUBIES JRU 100,RUBIES JRU 100,true,true,true,false
3356,3356,JH/2526/ 833,JH2526833,JEWELS SALES ACCOUNT - RUBIES,JEWELS SALES ACCOUNT - RUBIES,RUBIES JRU 100,RUBIES JRU 100,true,true,true,false
3357,3357,JH/2526/ 843,JH2526843,JEWELS SALES ACCOUNT - RUBIES,JEWELS SALES ACCOUNT - RUBIES,RUBIES JRU 100,RUBIES JRU 100,true,true,true,false
3358,3358,JH/2526/ 868,JH2526868,JEWELS SALES ACCOUNT - RUBIES,JEWELS SALES ACCOUNT - RUBIES,RUBIES JRU 100,RUBIES JRU 100,true,true,true,false
3359,3359,JH/2526/ 869,JH2526869,JEWELS SALES ACCOUNT - RUBIES,JEWELS SALES ACCOUNT - RUBIES,RUBIES JRU 100,RUBIES JRU 100,true,true,true,false
3360,3360,JH/2526/ 872,JH2526872,JEWELS SALES ACCOUNT - RUBIES,JEWELS SALES ACCOUNT - RUBIES,RUBIES JRU 100,RUBIES JRU 100,true,true,true,false
3361,3361,JH/2526/ 883,JH2526883,JEWELS SALES ACCOUNT - RUBIES,JEWELS SALES ACCOUNT - RUBIES,RUBIES JRU 100,RUBIES JRU 100,true,true,true,false
3362,3362,JH/2526/ 961,JH2526961,JEWELS SALES ACCOUNT - RUBIES,JEWELS SALES ACCOUNT - RUBIES,RUBIES JRU 100,RUBIES JRU 100,true,true,true,false
3363,3363,JH/2526/ 464,JH2526464,JEWELS SALES ACCOUNT - RUBIES,JEWELS SALES ACCOUNT - RUBIES,RUBIES JRU 1000,RUBIES JRU 1000,true,true,true,false
3364,3364,JH/2526/ 485,JH2526485,JEWELS SALES ACCOUNT - RUBIES,JEWELS SALES ACCOUNT - RUBIES,RUBIES JRU 1000,RUBIES JRU 1000,true,true,true,false
3365,3365,JH/2526/ 600,JH2526600,JEWELS SALES ACCOUNT - RUBIES,JEWELS SALES ACCOUNT - RUBIES,RUBIES JRU 1000,RUBIES JRU 1000,true,true,true,false
3366,3366,JH/2526/ 1058,JH25261058,JEWELS SALES ACCOUNT - RUBIES,JEWELS SALES ACCOUNT - RUBIES,RUBIES JRU 1000,RUBIES JRU 1000,true,true,true,false
3367,3367,JH/2526/ 43,JH252643,JEWELS SALES ACCOUNT - RUBIES,JEWELS SALES ACCOUNT - RUBIES,RUBIES JRU 1100,RUBIES JRU 1100,true,true,true,false
3368,3368,JH/2526/ 258,JH2526258,JEWELS SALES ACCOUNT - RUBIES,JEWELS SALES ACCOUNT - RUBIES,RUBIES JRU 1100,RUBIES JRU 1100,true,true,true,false
3369,3369,JH/2526/ 677,JH2526677,JEWELS SALES ACCOUNT - RUBIES,JEWELS SALES ACCOUNT - RUBIES,RUBIES JRU 1100,RUBIES JRU 1100,true,true,true,false
3370,3370,JH/2526/ 936,JH2526936,JEWELS SALES ACCOUNT - RUBIES,JEWELS SALES ACCOUNT - RUBIES,RUBIES JRU 1100,RUBIES JRU 1100,true,true,true,false
3371,3371,JH/2526/ 976,JH2526976,JEWELS SALES ACCOUNT - RUBIES,JEWELS SALES ACCOUNT - RUBIES,RUBIES JRU 1100,RUBIES JRU 1100,true,true,true,false
3372,3372,JH/2526/ 169,JH2526169,JEWELS SALES ACCOUNT - RUBIES,JEWELS SALES ACCOUNT - RUBIES,RUBIES JRU 1200,RUBIES JRU 1200,true,true,true,false
3373,3373,JH/2526/ 899,JH2526899,JEWELS SALES ACCOUNT - RUBIES,JEWELS SALES ACCOUNT - RUBIES,RUBIES JRU 1200,RUBIES JRU 1200,true,true,true,false
3374,3374,JH/2526/ 922,JH2526922,JEWELS SALES ACCOUNT - RUBIES,JEWELS SALES ACCOUNT - RUBIES,RUBIES JRU 1200,RUBIES JRU 1200,true,true,true,false
3375,3375,JH/2526/ 1054,JH25261054,JEWELS SALES ACCOUNT - RUBIES,JEWELS SALES ACCOUNT - RUBIES,RUBIES JRU 1200,RUBIES JRU 1200,true,true,true,false
3376,3376,JH/2526/ 967,JH2526967,JEWELS SALES ACCOUNT - RUBIES,JEWELS SALES ACCOUNT - RUBIES,RUBIES JRU 1300,RUBIES JRU 1300,true,true,true,false
3377,3377,JH/2526/ 101,JH2526101,JEWELS SALES ACCOUNT - RUBIES,JEWELS SALES ACCOUNT - RUBIES,RUBIES JRU 1400,RUBIES JRU 1400,true,true,true,false
3378,3378,JH/2526/ 267,JH2526267,JEWELS SALES ACCOUNT - RUBIES,JEWELS SALES ACCOUNT - RUBIES,RUBIES JRU 1400,RUBIES JRU 1400,true,true,true,false
3379,3379,JH/2526/ 308,JH2526308,JEWELS SALES ACCOUNT - RUBIES,JEWELS SALES ACCOUNT - RUBIES,RUBIES JRU 1400,RUBIES JRU 1400,true,true,true,false
3380,3380,JH/2526/ 403,JH2526403,JEWELS SALES ACCOUNT - RUBIES,JEWELS SALES ACCOUNT - RUBIES,RUBIES JRU 1400,RUBIES JRU 1400,true,true,true,false
3381,3381,JH/2526/ 982,JH2526982,JEWELS SALES ACCOUNT - RUBIES,JEWELS SALES ACCOUNT - RUBIES,RUBIES JRU 1400,RUBIES JRU 1400,true,true,true,false
3382,3382,JH/2526/ 388,JH2526388,JEWELS SALES ACCOUNT - RUBIES,JEWELS SALES ACCOUNT - RUBIES,RUBIES JRU 150,RUBIES JRU 150,true,true,true,false
3383,3383,JH/2526/ 463,JH2526463,JEWELS SALES ACCOUNT - RUBIES,JEWELS SALES ACCOUNT - RUBIES,RUBIES JRU 150,RUBIES JRU 150,true,true,true,false
3384,3384,JH/2526/ 517,JH2526517,JEWELS SALES ACCOUNT - RUBIES,JEWELS SALES ACCOUNT - RUBIES,RUBIES JRU 150,RUBIES JRU 150,true,true,true,false
3385,3385,JH/2526/ 544,JH2526544,JEWELS SALES ACCOUNT - RUBIES,JEWELS SALES ACCOUNT - RUBIES,RUBIES JRU 150,RUBIES JRU 150,true,true,true,false
3386,3386,JH/2526/ 905,JH2526905,JEWELS SALES ACCOUNT - RUBIES,JEWELS SALES ACCOUNT - RUBIES,RUBIES JRU 150,RUBIES JRU 150,true,true,true,false
3387,3387,JH/2526/ 1061,JH25261061,JEWELS SALES ACCOUNT - RUBIES,JEWELS SALES ACCOUNT - RUBIES,RUBIES JRU 150,RUBIES JRU 150,true,true,true,false
3388,3388,JH/2526/ 156,JH2526156,JEWELS SALES ACCOUNT - RUBIES,JEWELS SALES ACCOUNT - RUBIES,RUBIES JRU 1600,RUBIES JRU 1600,true,true,true,false
3389,3389,JH/2526/ 212,JH2526212,JEWELS SALES ACCOUNT - RUBIES,JEWELS SALES ACCOUNT - RUBIES,RUBIES JRU 1600,RUBIES JRU 1600,true,true,true,false
3390,3390,JH/2526/ 559,JH2526559,JEWELS SALES ACCOUNT - RUBIES,JEWELS SALES ACCOUNT - RUBIES,RUBIES JRU 1600,RUBIES JRU 1600,true,true,true,false
3391,3391,JH/2526/ 92,JH252692,JEWELS SALES ACCOUNT - RUBIES,JEWELS SALES ACCOUNT - RUBIES,RUBIES JRU 1700,RUBIES JRU 1700,true,true,true,false
3392,3392,JH/2526/ 315,JH2526315,JEWELS SALES ACCOUNT - RUBIES,JEWELS SALES ACCOUNT - RUBIES,RUBIES JRU 1700,RUBIES JRU 1700,true,true,true,false
3393,3393,JH/2526/ 361,JH2526361,JEWELS SALES ACCOUNT - RUBIES,JEWELS SALES ACCOUNT - RUBIES,RUBIES JRU 1700,RUBIES JRU 1700,true,true,true,false
3394,3394,JH/2526/ 734,JH2526734,JEWELS SALES ACCOUNT - RUBIES,JEWELS SALES ACCOUNT - RUBIES,RUBIES JRU 1700,RUBIES JRU 1700,true,true,true,false
3395,3395,JH/2526/ 150,JH2526150,JEWELS SALES ACCOUNT - RUBIES,JEWELS SALES ACCOUNT - RUBIES,RUBIES JRU 1800,RUBIES JRU 1800,true,true,true,false
3396,3396,JH/2526/ 431,JH2526431,JEWELS SALES ACCOUNT - RUBIES,JEWELS SALES ACCOUNT - RUBIES,RUBIES JRU 1900,RUBIES JRU 1900,true,true,true,false
3397,3397,JH/2526/ 59,JH252659,JEWELS SALES ACCOUNT - RUBIES,JEWELS SALES ACCOUNT - RUBIES,RUBIES JRU 200,RUBIES JRU 200,true,true,true,false
3398,3398,JH/2526/ 128,JH2526128,JEWELS SALES ACCOUNT - RUBIES,JEWELS SALES ACCOUNT - RUBIES,RUBIES JRU 200,RUBIES JRU 200,true,true,true,false
3399,3399,JH/2526/ 334,JH2526334,JEWELS SALES ACCOUNT - RUBIES,JEWELS SALES ACCOUNT - RUBIES,RUBIES JRU 200,RUBIES JRU 200,true,true,true,false
3400,3400,JH/2526/ 695,JH2526695,JEWELS SALES ACCOUNT - RUBIES,JEWELS SALES ACCOUNT - RUBIES,RUBIES JRU 200,RUBIES JRU 200,true,true,true,false
3401,3401,JH/2526/ 1009,JH25261009,JEWELS SALES ACCOUNT - RUBIES,JEWELS SALES ACCOUNT - RUBIES,RUBIES JRU 200,RUBIES JRU 200,true,true,true,false
3402,3402,JH/2526/ 1070,JH25261070,JEWELS SALES ACCOUNT - RUBIES,JEWELS SALES ACCOUNT - RUBIES,RUBIES JRU 200,RUBIES JRU 200,true,true,true,false
3403,3403,JH/2526/ 412,JH2526412,JEWELS SALES ACCOUNT - RUBIES,JEWELS SALES ACCOUNT - RUBIES,RUBIES JRU 2000,RUBIES JRU 2000,true,true,true,false
3404,3404,JH/2526/ 501,JH2526501,JEWELS SALES ACCOUNT - RUBIES,JEWELS SALES ACCOUNT - RUBIES,RUBIES JRU 2000,RUBIES JRU 2000,true,true,true,false
3405,3405,JH/2526/ 667,JH2526667,JEWELS SALES ACCOUNT - RUBIES,JEWELS SALES ACCOUNT - RUBIES,RUBIES JRU 2000,RUBIES JRU 2000,true,true,true,false
3406,3406,JH/2526/ 8,JH25268,JEWELS SALES ACCOUNT - RUBIES,JEWELS SALES ACCOUNT - RUBIES,RUBIES JRU 2300,RUBIES JRU 2300,true,true,true,false
3407,3407,JH/2526/ 209,JH2526209,JEWELS SALES ACCOUNT - RUBIES,JEWELS SALES ACCOUNT - RUBIES,RUBIES JRU 2300,RUBIES JRU 2300,true,true,true,false
3408,3408,JH/2526/ 53,JH252653,JEWELS SALES ACCOUNT - RUBIES,JEWELS SALES ACCOUNT - RUBIES,RUBIES JRU 250,RUBIES JRU 250,true,true,true,false
3409,3409,JH/2526/ 908,JH2526908,JEWELS SALES ACCOUNT - RUBIES,JEWELS SALES ACCOUNT - RUBIES,RUBIES JRU 250,RUBIES JRU 250,true,true,true,false
3410,3410,JH/2526/ 659,JH2526659,JEWELS SALES ACCOUNT - RUBIES,JEWELS SALES ACCOUNT - RUBIES,RUBIES JRU 2500,RUBIES JRU 2500,true,true,true,false
3411,3411,JH/2526/ 753,JH2526753,JEWELS SALES ACCOUNT - RUBIES,JEWELS SALES ACCOUNT - RUBIES,RUBIES JRU 2500,RUBIES JRU 2500,true,true,true,false
3412,3412,JH/2526/ 101,JH2526101,JEWELS SALES ACCOUNT - RUBIES,JEWELS SALES ACCOUNT - RUBIES,RUBIES JRU 300,RUBIES JRU 300,true,true,true,false
3413,3413,JH/2526/ 150,JH2526150,JEWELS SALES ACCOUNT - RUBIES,JEWELS SALES ACCOUNT - RUBIES,RUBIES JRU 300,RUBIES JRU 300,true,true,true,false
3414,3414,JH/2526/ 345,JH2526345,JEWELS SALES ACCOUNT - RUBIES,JEWELS SALES ACCOUNT - RUBIES,RUBIES JRU 300,RUBIES JRU 300,true,true,true,false
3415,3415,JH/2526/ 446,JH2526446,JEWELS SALES ACCOUNT - RUBIES,JEWELS SALES ACCOUNT - RUBIES,RUBIES JRU 300,RUBIES JRU 300,true,true,true,false
3416,3416,JH/2526/ 595,JH2526595,JEWELS SALES ACCOUNT - RUBIES,JEWELS SALES ACCOUNT - RUBIES,RUBIES JRU 300,RUBIES JRU 300,true,true,true,false
3417,3417,JH/2526/ 776,JH2526776,JEWELS SALES ACCOUNT - RUBIES,JEWELS SALES ACCOUNT - RUBIES,RUBIES JRU 300,RUBIES JRU 300,true,true,true,false
3418,3418,JH/2526/ 1034,JH25261034,JEWELS SALES ACCOUNT - RUBIES,JEWELS SALES ACCOUNT - RUBIES,RUBIES JRU 300,RUBIES JRU 300,true,true,true,false
3419,3419,JH/2526/ 1035,JH25261035,JEWELS SALES ACCOUNT - RUBIES,JEWELS SALES ACCOUNT - RUBIES,RUBIES JRU 300,RUBIES JRU 300,true,true,true,false
3420,3420,JH/2526/ 8,JH25268,JEWELS SALES ACCOUNT - RUBIES,JEWELS SALES ACCOUNT - RUBIES,RUBIES JRU 3000,RUBIES JRU 3000,true,true,true,false
3421,3421,JH/2526/ 194,JH2526194,JEWELS SALES ACCOUNT - RUBIES,JEWELS SALES ACCOUNT - RUBIES,RUBIES JRU 3000,RUBIES JRU 3000,true,true,true,false
3422,3422,JH/2526/ 329,JH2526329,JEWELS SALES ACCOUNT - RUBIES,JEWELS SALES ACCOUNT - RUBIES,RUBIES JRU 3000,RUBIES JRU 3000,true,true,true,false
3423,3423,JH/2526/ 865,JH2526865,JEWELS SALES ACCOUNT - RUBIES,JEWELS SALES ACCOUNT - RUBIES,RUBIES JRU 3000,RUBIES JRU 3000,true,true,true,false
3424,3424,JH/2526/ 911,JH2526911,JEWELS SALES ACCOUNT - RUBIES,JEWELS SALES ACCOUNT - RUBIES,RUBIES JRU 3000,RUBIES JRU 3000,true,true,true,false
3425,3425,JH/2526/ 964,JH2526964,JEWELS SALES ACCOUNT - RUBIES,JEWELS SALES ACCOUNT - RUBIES,RUBIES JRU 3000,RUBIES JRU 3000,true,true,true,false
3426,3426,JH/2526/ 403,JH2526403,JEWELS SALES ACCOUNT - RUBIES,JEWELS SALES ACCOUNT - RUBIES,RUBIES JRU 3400,RUBIES JRU 3400,true,true,true,false
3427,3427,JH/2526/ 132,JH2526132,JEWELS SALES ACCOUNT - RUBIES,JEWELS SALES ACCOUNT - RUBIES,RUBIES JRU 350,RUBIES JRU 350,true,true,true,false
3428,3428,JH/2526/ 194,JH2526194,JEWELS SALES ACCOUNT - RUBIES,JEWELS SALES ACCOUNT - RUBIES,RUBIES JRU 3500,RUBIES JRU 3500,true,true,true,false
3429,3429,JH/2526/ 288,JH2526288,JEWELS SALES ACCOUNT - RUBIES,JEWELS SALES ACCOUNT - RUBIES,RUBIES JRU 3500,RUBIES JRU 3500,true,true,true,false
3430,3430,JH/2526/ 766,JH2526766,JEWELS SALES ACCOUNT - RUBIES,JEWELS SALES ACCOUNT - RUBIES,RUBIES JRU 3500,RUBIES JRU 3500,true,true,true,false
3431,3431,JH/2526/ 998,JH2526998,JEWELS SALES ACCOUNT - RUBIES,JEWELS SALES ACCOUNT - RUBIES,RUBIES JRU 3500,RUBIES JRU 3500,true,true,true,false
3432,3432,JH/2526/ 1087,JH25261087,JEWELS SALES ACCOUNT - RUBIES,JEWELS SALES ACCOUNT - RUBIES,RUBIES JRU 3500,RUBIES JRU 3500,true,true,true,false
3433,3433,JH/2526/ 16,JH252616,JEWELS SALES ACCOUNT - RUBIES,JEWELS SALES ACCOUNT - RUBIES,RUBIES JRU 3600,RUBIES JRU 3600,true,true,true,false
3434,3434,JH/2526/ 150,JH2526150,JEWELS SALES ACCOUNT - RUBIES,JEWELS SALES ACCOUNT - RUBIES,RUBIES JRU 3800,RUBIES JRU 3800,true,true,true,false
3435,3435,JH/2526/ 195,JH2526195,JEWELS SALES ACCOUNT - RUBIES,JEWELS SALES ACCOUNT - RUBIES,RUBIES JRU 3800,RUBIES JRU 3800,true,true,true,false
3436,3436,JH/2526/ 442,JH2526442,JEWELS SALES ACCOUNT - RUBIES,JEWELS SALES ACCOUNT - RUBIES,RUBIES JRU 3800,RUBIES JRU 3800,true,true,true,false
3437,3437,JH/2526/ 635,JH2526635,JEWELS SALES ACCOUNT - RUBIES,JEWELS SALES ACCOUNT - RUBIES,RUBIES JRU 3800,RUBIES JRU 3800,true,true,true,false
3438,3438,JH/2526/ 637,JH2526637,JEWELS SALES ACCOUNT - RUBIES,JEWELS SALES ACCOUNT - RUBIES,RUBIES JRU 3800,RUBIES JRU 3800,true,true,true,false
3439,3439,JH/2526/ 681,JH2526681,JEWELS SALES ACCOUNT - RUBIES,JEWELS SALES ACCOUNT - RUBIES,RUBIES JRU 3800,RUBIES JRU 3800,true,true,true,false
3440,3440,JH/2526/ 741,JH2526741,JEWELS SALES ACCOUNT - RUBIES,JEWELS SALES ACCOUNT - RUBIES,RUBIES JRU 3800,RUBIES JRU 3800,true,true,true,false
3441,3441,JH/2526/ 742,JH2526742,JEWELS SALES ACCOUNT - RUBIES,JEWELS SALES ACCOUNT - RUBIES,RUBIES JRU 3800,RUBIES JRU 3800,true,true,true,false
3442,3442,JH/2526/ 743,JH2526743,JEWELS SALES ACCOUNT - RUBIES,JEWELS SALES ACCOUNT - RUBIES,RUBIES JRU 3800,RUBIES JRU 3800,true,true,true,false
3443,3443,JH/2526/ 765,JH2526765,JEWELS SALES ACCOUNT - RUBIES,JEWELS SALES ACCOUNT - RUBIES,RUBIES JRU 3800,RUBIES JRU 3800,true,true,true,false
3444,3444,JH/2526/ 1044,JH25261044,JEWELS SALES ACCOUNT - RUBIES,JEWELS SALES ACCOUNT - RUBIES,RUBIES JRU 3800,RUBIES JRU 3800,true,true,true,false
3445,3445,JH/2526/ 1044,JH25261044,JEWELS SALES ACCOUNT - RUBIES,JEWELS SALES ACCOUNT - RUBIES,RUBIES JRU 3800,RUBIES JRU 3800,true,true,true,false
3446,3446,JH/2526/ 322,JH2526322,JEWELS SALES ACCOUNT - RUBIES,JEWELS SALES ACCOUNT - RUBIES,RUBIES JRU 3900,RUBIES JRU 3900,true,true,true,false
3447,3447,JH/2526/ 416,JH2526416,JEWELS SALES ACCOUNT - RUBIES,JEWELS SALES ACCOUNT - RUBIES,RUBIES JRU 3900,RUBIES JRU 3900,true,true,true,false
3448,3448,JH/2526/ 764,JH2526764,JEWELS SALES ACCOUNT - RUBIES,JEWELS SALES ACCOUNT - RUBIES,RUBIES JRU 3900,RUBIES JRU 3900,true,true,true,false
3449,3449,JH/2526/ 8,JH25268,JEWELS SALES ACCOUNT - RUBIES,JEWELS SALES ACCOUNT - RUBIES,RUBIES JRU 400,RUBIES JRU 400,true,true,true,false
3450,3450,JH/2526/ 162,JH2526162,JEWELS SALES ACCOUNT - RUBIES,JEWELS SALES ACCOUNT - RUBIES,RUBIES JRU 400,RUBIES JRU 400,true,true,true,false
3451,3451,JH/2526/ 349,JH2526349,JEWELS SALES ACCOUNT - RUBIES,JEWELS SALES ACCOUNT - RUBIES,RUBIES JRU 400,RUBIES JRU 400,true,true,true,false
3452,3452,JH/2526/ 863,JH2526863,JEWELS SALES ACCOUNT - RUBIES,JEWELS SALES ACCOUNT - RUBIES,RUBIES JRU 400,RUBIES JRU 400,true,true,true,false
3453,3453,JH/2526/ 469,JH2526469,JEWELS SALES ACCOUNT - RUBIES,JEWELS SALES ACCOUNT - RUBIES,RUBIES JRU 4000,RUBIES JRU 4000,true,true,true,false
3454,3454,JH/2526/ 753,JH2526753,JEWELS SALES ACCOUNT - RUBIES,JEWELS SALES ACCOUNT - RUBIES,RUBIES JRU 450,RUBIES JRU 450,true,true,true,false
3455,3455,JH/2526/ 155,JH2526155,JEWELS SALES ACCOUNT - RUBIES,JEWELS SALES ACCOUNT - RUBIES,RUBIES JRU 4500,RUBIES JRU 4500,true,true,true,false
3456,3456,JH/2526/ 630,JH2526630,JEWELS SALES ACCOUNT - RUBIES,JEWELS SALES ACCOUNT - RUBIES,RUBIES JRU 4500,RUBIES JRU 4500,true,true,true,false
3457,3457,JH/2526/ 999,JH2526999,JEWELS SALES ACCOUNT - RUBIES,JEWELS SALES ACCOUNT - RUBIES,RUBIES JRU 4500,RUBIES JRU 4500,true,true,true,false
3458,3458,JH/2526/ 19,JH252619,JEWELS SALES ACCOUNT - RUBIES,JEWELS SALES ACCOUNT - RUBIES,RUBIES JRU 4700,RUBIES JRU 4700,true,true,true,false
3459,3459,JH/2526/ 19,JH252619,JEWELS SALES ACCOUNT - RUBIES,JEWELS SALES ACCOUNT - RUBIES,RUBIES JRU 4700,RUBIES JRU 4700,true,true,true,false
3460,3460,JH/2526/ 57,JH252657,JEWELS SALES ACCOUNT - RUBIES,JEWELS SALES ACCOUNT - RUBIES,RUBIES JRU 50,RUBIES JRU 50,true,true,true,false
3461,3461,JH/2526/ 87,JH252687,JEWELS SALES ACCOUNT - RUBIES,JEWELS SALES ACCOUNT - RUBIES,RUBIES JRU 50,RUBIES JRU 50,true,true,true,false
3462,3462,JH/2526/ 163,JH2526163,JEWELS SALES ACCOUNT - RUBIES,JEWELS SALES ACCOUNT - RUBIES,RUBIES JRU 50,RUBIES JRU 50,true,true,true,false
3463,3463,JH/2526/ 180,JH2526180,JEWELS SALES ACCOUNT - RUBIES,JEWELS SALES ACCOUNT - RUBIES,RUBIES JRU 50,RUBIES JRU 50,true,true,true,false
3464,3464,JH/2526/ 181,JH2526181,JEWELS SALES ACCOUNT - RUBIES,JEWELS SALES ACCOUNT - RUBIES,RUBIES JRU 50,RUBIES JRU 50,true,true,true,false
3465,3465,JH/2526/ 266,JH2526266,JEWELS SALES ACCOUNT - RUBIES,JEWELS SALES ACCOUNT - RUBIES,RUBIES JRU 50,RUBIES JRU 50,true,true,true,false
3466,3466,JH/2526/ 318,JH2526318,JEWELS SALES ACCOUNT - RUBIES,JEWELS SALES ACCOUNT - RUBIES,RUBIES JRU 50,RUBIES JRU 50,true,true,true,false
3467,3467,JH/2526/ 384,JH2526384,JEWELS SALES ACCOUNT - RUBIES,JEWELS SALES ACCOUNT - RUBIES,RUBIES JRU 50,RUBIES JRU 50,true,true,true,false
3468,3468,JH/2526/ 483,JH2526483,JEWELS SALES ACCOUNT - RUBIES,JEWELS SALES ACCOUNT - RUBIES,RUBIES JRU 50,RUBIES JRU 50,true,true,true,false
3469,3469,JH/2526/ 518,JH2526518,JEWELS SALES ACCOUNT - RUBIES,JEWELS SALES ACCOUNT - RUBIES,RUBIES JRU 50,RUBIES JRU 50,true,true,true,false
3470,3470,JH/2526/ 531,JH2526531,JEWELS SALES ACCOUNT - RUBIES,JEWELS SALES ACCOUNT - RUBIES,RUBIES JRU 50,RUBIES JRU 50,true,true,true,false
3471,3471,JH/2526/ 535,JH2526535,JEWELS SALES ACCOUNT - RUBIES,JEWELS SALES ACCOUNT - RUBIES,RUBIES JRU 50,RUBIES JRU 50,true,true,true,false
3472,3472,JH/2526/ 565,JH2526565,JEWELS SALES ACCOUNT - RUBIES,JEWELS SALES ACCOUNT - RUBIES,RUBIES JRU 50,RUBIES JRU 50,true,true,true,false
3473,3473,JH/2526/ 569,JH2526569,JEWELS SALES ACCOUNT - RUBIES,JEWELS SALES ACCOUNT - RUBIES,RUBIES JRU 50,RUBIES JRU 50,true,true,true,false
3474,3474,JH/2526/ 601,JH2526601,JEWELS SALES ACCOUNT - RUBIES,JEWELS SALES ACCOUNT - RUBIES,RUBIES JRU 50,RUBIES JRU 50,true,true,true,false
3475,3475,JH/2526/ 653,JH2526653,JEWELS SALES ACCOUNT - RUBIES,JEWELS SALES ACCOUNT - RUBIES,RUBIES JRU 50,RUBIES JRU 50,true,true,true,false
3476,3476,JH/2526/ 725,JH2526725,JEWELS SALES ACCOUNT - RUBIES,JEWELS SALES ACCOUNT - RUBIES,RUBIES JRU 50,RUBIES JRU 50,true,true,true,false
3477,3477,JH/2526/ 748,JH2526748,JEWELS SALES ACCOUNT - RUBIES,JEWELS SALES ACCOUNT - RUBIES,RUBIES JRU 50,RUBIES JRU 50,true,true,true,false
3478,3478,JH/2526/ 775,JH2526775,JEWELS SALES ACCOUNT - RUBIES,JEWELS SALES ACCOUNT - RUBIES,RUBIES JRU 50,RUBIES JRU 50,true,true,true,false
3479,3479,JH/2526/ 822,JH2526822,JEWELS SALES ACCOUNT - RUBIES,JEWELS SALES ACCOUNT - RUBIES,RUBIES JRU 50,RUBIES JRU 50,true,true,true,false
3480,3480,JH/2526/ 1001,JH25261001,JEWELS SALES ACCOUNT - RUBIES,JEWELS SALES ACCOUNT - RUBIES,RUBIES JRU 50,RUBIES JRU 50,true,true,true,false
3481,3481,JH/2526/ 1053,JH25261053,JEWELS SALES ACCOUNT - RUBIES,JEWELS SALES ACCOUNT - RUBIES,RUBIES JRU 50,RUBIES JRU 50,true,true,true,false
3482,3482,JH/2526/ 399,JH2526399,JEWELS SALES ACCOUNT - RUBIES,JEWELS SALES ACCOUNT - RUBIES,RUBIES JRU 500,RUBIES JRU 500,true,true,true,false
3483,3483,JH/2526/ 492,JH2526492,JEWELS SALES ACCOUNT - RUBIES,JEWELS SALES ACCOUNT - RUBIES,RUBIES JRU 500,RUBIES JRU 500,true,true,true,false
3484,3484,JH/2526/ 809,JH2526809,JEWELS SALES ACCOUNT - RUBIES,JEWELS SALES ACCOUNT - RUBIES,RUBIES JRU 500,RUBIES JRU 500,true,true,true,false
3485,3485,JH/2526/ 1002,JH25261002,JEWELS SALES ACCOUNT - RUBIES,JEWELS SALES ACCOUNT - RUBIES,RUBIES JRU 500,RUBIES JRU 500,true,true,true,false
3486,3486,JH/2526/ 324,JH2526324,JEWELS SALES ACCOUNT - RUBIES,JEWELS SALES ACCOUNT - RUBIES,RUBIES JRU 5000,RUBIES JRU 5000,true,true,true,false
3487,3487,JH/2526/ 580,JH2526580,JEWELS SALES ACCOUNT - RUBIES,JEWELS SALES ACCOUNT - RUBIES,RUBIES JRU 5000,RUBIES JRU 5000,true,true,true,false
3488,3488,JH/2526/ 590,JH2526590,JEWELS SALES ACCOUNT - RUBIES,JEWELS SALES ACCOUNT - RUBIES,RUBIES JRU 5000,RUBIES JRU 5000,true,true,true,false
3489,3489,JH/2526/ 592,JH2526592,JEWELS SALES ACCOUNT - RUBIES,JEWELS SALES ACCOUNT - RUBIES,RUBIES JRU 5000,RUBIES JRU 5000,true,true,true,false
3490,3490,JH/2526/ 89,JH252689,JEWELS SALES ACCOUNT - RUBIES,JEWELS SALES ACCOUNT - RUBIES,RUBIES JRU 5300,RUBIES JRU 5300,true,true,true,false
3491,3491,JH/2526/ 89,JH252689,JEWELS SALES ACCOUNT - RUBIES,JEWELS SALES ACCOUNT - RUBIES,RUBIES JRU 5300,RUBIES JRU 5300,true,true,true,false
3492,3492,JH/2526/ 89,JH252689,JEWELS SALES ACCOUNT - RUBIES,JEWELS SALES ACCOUNT - RUBIES,RUBIES JRU 5300,RUBIES JRU 5300,true,true,true,false
3493,3493,JH/2526/ 194,JH2526194,JEWELS SALES ACCOUNT - RUBIES,JEWELS SALES ACCOUNT - RUBIES,RUBIES JRU 5300,RUBIES JRU 5300,true,true,true,false
3494,3494,JH/2526/ 194,JH2526194,JEWELS SALES ACCOUNT - RUBIES,JEWELS SALES ACCOUNT - RUBIES,RUBIES JRU 5300,RUBIES JRU 5300,true,true,true,false
3495,3495,JH/2526/ 102,JH2526102,JEWELS SALES ACCOUNT - RUBIES,JEWELS SALES ACCOUNT - RUBIES,RUBIES JRU 550,RUBIES JRU 550,true,true,true,false
3496,3496,JH/2526/ 121,JH2526121,JEWELS SALES ACCOUNT - RUBIES,JEWELS SALES ACCOUNT - RUBIES,RUBIES JRU 550,RUBIES JRU 550,true,true,true,false
3497,3497,JH/2526/ 121,JH2526121,JEWELS SALES ACCOUNT - RUBIES,JEWELS SALES ACCOUNT - RUBIES,RUBIES JRU 550,RUBIES JRU 550,true,true,true,false
3498,3498,JH/2526/ 896,JH2526896,JEWELS SALES ACCOUNT - RUBIES,JEWELS SALES ACCOUNT - RUBIES,RUBIES JRU 550,RUBIES JRU 550,true,true,true,false
3499,3499,JH/2526/ 175,JH2526175,JEWELS SALES ACCOUNT - RUBIES,JEWELS SALES ACCOUNT - RUBIES,RUBIES JRU 5500,RUBIES JRU 5500,true,true,true,false
3500,3500,JH/2526/ 398,JH2526398,JEWELS SALES ACCOUNT - RUBIES,JEWELS SALES ACCOUNT - RUBIES,RUBIES JRU 600,RUBIES JRU 600,true,true,true,false
3501,3501,JH/2526/ 88,JH252688,JEWELS SALES ACCOUNT - RUBIES,JEWELS SALES ACCOUNT - RUBIES,RUBIES JRU 6000,RUBIES JRU 6000,true,true,true,false
3502,3502,JH/2526/ 324,JH2526324,JEWELS SALES ACCOUNT - RUBIES,JEWELS SALES ACCOUNT - RUBIES,RUBIES JRU 6000,RUBIES JRU 6000,true,true,true,false
3503,3503,JH/2526/ 856,JH2526856,JEWELS SALES ACCOUNT - RUBIES,JEWELS SALES ACCOUNT - RUBIES,RUBIES JRU 6000,RUBIES JRU 6000,true,true,true,false
3504,3504,JH/2526/ 277,JH2526277,JEWELS SALES ACCOUNT - RUBIES,JEWELS SALES ACCOUNT - RUBIES,RUBIES JRU 6300,RUBIES JRU 6300,true,true,true,false
3505,3505,JH/2526/ 277,JH2526277,JEWELS SALES ACCOUNT - RUBIES,JEWELS SALES ACCOUNT - RUBIES,RUBIES JRU 700,RUBIES JRU 700,true,true,true,false
3506,3506,JH/2526/ 418,JH2526418,JEWELS SALES ACCOUNT - RUBIES,JEWELS SALES ACCOUNT - RUBIES,RUBIES JRU 700,RUBIES JRU 700,true,true,true,false
3507,3507,JH/2526/ 432,JH2526432,JEWELS SALES ACCOUNT - RUBIES,JEWELS SALES ACCOUNT - RUBIES,RUBIES JRU 700,RUBIES JRU 700,true,true,true,false
3508,3508,JH/2526/ 432,JH2526432,JEWELS SALES ACCOUNT - RUBIES,JEWELS SALES ACCOUNT - RUBIES,RUBIES JRU 700,RUBIES JRU 700,true,true,true,false
3509,3509,JH/2526/ 767,JH2526767,JEWELS SALES ACCOUNT - RUBIES,JEWELS SALES ACCOUNT - RUBIES,RUBIES JRU 700,RUBIES JRU 700,true,true,true,false
3510,3510,JH/2526/ 144,JH2526144,JEWELS SALES ACCOUNT - RUBIES,JEWELS SALES ACCOUNT - RUBIES,RUBIES JRU 7000,RUBIES JRU 7000,true,true,true,false
3511,3511,JH/2526/ 144,JH2526144,JEWELS SALES ACCOUNT - RUBIES,JEWELS SALES ACCOUNT - RUBIES,RUBIES JRU 7000,RUBIES JRU 7000,true,true,true,false
3512,3512,JH/2526/ 525,JH2526525,JEWELS SALES ACCOUNT - RUBIES,JEWELS SALES ACCOUNT - RUBIES,RUBIES JRU 7000,RUBIES JRU 7000,true,true,true,false
3513,3513,JH/2526/ 150,JH2526150,JEWELS SALES ACCOUNT - RUBIES,JEWELS SALES ACCOUNT - RUBIES,RUBIES JRU 800,RUBIES JRU 800,true,true,true,false
3514,3514,JH/2526/ 253,JH2526253,JEWELS SALES ACCOUNT - RUBIES,JEWELS SALES ACCOUNT - RUBIES,RUBIES JRU 800,RUBIES JRU 800,true,true,true,false
3515,3515,JH/2526/ 922,JH2526922,JEWELS SALES ACCOUNT - RUBIES,JEWELS SALES ACCOUNT - RUBIES,RUBIES JRU 800,RUBIES JRU 800,true,true,true,false
3516,3516,JH/2526/ 88,JH252688,JEWELS SALES ACCOUNT - RUBIES,JEWELS SALES ACCOUNT - RUBIES,RUBIES JRU 8400,RUBIES JRU 8400,true,true,true,false
3517,3517,JH/2526/ 1081,JH25261081,JEWELS SALES ACCOUNT - RUBIES,JEWELS SALES ACCOUNT - RUBIES,RUBIES JRU 8400,RUBIES JRU 8400,true,true,true,false
3518,3518,JH/2526/ 68,JH252668,JEWELS SALES ACCOUNT - RUBIES,JEWELS SALES ACCOUNT - RUBIES,RUBIES JRU 900,RUBIES JRU 900,true,true,true,false
3519,3519,JH/2526/ 73,JH252673,JEWELS SALES ACCOUNT - RUBIES,JEWELS SALES ACCOUNT - RUBIES,RUBIES JRU 900,RUBIES JRU 900,true,true,true,false
3520,3520,JH/2526/ 269,JH2526269,JEWELS SALES ACCOUNT - RUBIES,JEWELS SALES ACCOUNT - RUBIES,RUBIES JRU 900,RUBIES JRU 900,true,true,true,false
3521,3521,JH/2526/ 358,JH2526358,JEWELS SALES ACCOUNT - RUBIES,JEWELS SALES ACCOUNT - RUBIES,RUBIES JRU 900,RUBIES JRU 900,true,true,true,false
3522,3522,JH/2526/ 364,JH2526364,JEWELS SALES ACCOUNT - RUBIES,JEWELS SALES ACCOUNT - RUBIES,RUBIES JRU 900,RUBIES JRU 900,true,true,true,false
3523,3523,JH/2526/ 376,JH2526376,JEWELS SALES ACCOUNT - RUBIES,JEWELS SALES ACCOUNT - RUBIES,RUBIES JRU 900,RUBIES JRU 900,true,true,true,false
3524,3524,JH/2526/ 390,JH2526390,JEWELS SALES ACCOUNT - RUBIES,JEWELS SALES ACCOUNT - RUBIES,RUBIES JRU 900,RUBIES JRU 900,true,true,true,false
3525,3525,JH/2526/ 394,JH2526394,JEWELS SALES ACCOUNT - RUBIES,JEWELS SALES ACCOUNT - RUBIES,RUBIES JRU 900,RUBIES JRU 900,true,true,true,false
3526,3526,JH/2526/ 398,JH2526398,JEWELS SALES ACCOUNT - RUBIES,JEWELS SALES ACCOUNT - RUBIES,RUBIES JRU 900,RUBIES JRU 900,true,true,true,false
3527,3527,JH/2526/ 459,JH2526459,JEWELS SALES ACCOUNT - RUBIES,JEWELS SALES ACCOUNT - RUBIES,RUBIES JRU 900,RUBIES JRU 900,true,true,true,false
3528,3528,JH/2526/ 525,JH2526525,JEWELS SALES ACCOUNT - RUBIES,JEWELS SALES ACCOUNT - RUBIES,RUBIES JRU 900,RUBIES JRU 900,true,true,true,false
3529,3529,JH/2526/ 586,JH2526586,JEWELS SALES ACCOUNT - RUBIES,JEWELS SALES ACCOUNT - RUBIES,RUBIES JRU 900,RUBIES JRU 900,true,true,true,false
3530,3530,JH/2526/ 630,JH2526630,JEWELS SALES ACCOUNT - RUBIES,JEWELS SALES ACCOUNT - RUBIES,RUBIES JRU 900,RUBIES JRU 900,true,true,true,false
3531,3531,JH/2526/ 633,JH2526633,JEWELS SALES ACCOUNT - RUBIES,JEWELS SALES ACCOUNT - RUBIES,RUBIES JRU 900,RUBIES JRU 900,true,true,true,false
3532,3532,JH/2526/ 864,JH2526864,JEWELS SALES ACCOUNT - RUBIES,JEWELS SALES ACCOUNT - RUBIES,RUBIES JRU 900,RUBIES JRU 900,true,true,true,false
3533,3533,JH/2526/ 910,JH2526910,JEWELS SALES ACCOUNT - RUBIES,JEWELS SALES ACCOUNT - RUBIES,RUBIES JRU 900,RUBIES JRU 900,true,true,true,false
3534,3534,JH/2526/ 958,JH2526958,JEWELS SALES ACCOUNT - RUBIES,JEWELS SALES ACCOUNT - RUBIES,RUBIES JRU 900,RUBIES JRU 900,true,true,true,false
3535,3535,JH/2526/ 998,JH2526998,JEWELS SALES ACCOUNT - RUBIES,JEWELS SALES ACCOUNT - RUBIES,RUBIES JRU 900,RUBIES JRU 900,true,true,true,false
3536,3536,JH/2526/ 1068,JH25261068,JEWELS SALES ACCOUNT - RUBIES,JEWELS SALES ACCOUNT - RUBIES,RUBIES JRU 900,RUBIES JRU 900,true,true,true,false
3537,3537,JH/2526/ 1087,JH25261087,JEWELS SALES ACCOUNT - RUBIES,JEWELS SALES ACCOUNT - RUBIES,RUBIES JRU 900,RUBIES JRU 900,true,true,true,false
3538,3538,JH/2526/ 997,JH2526997,JEWELS SALES ACCOUNT - RUBIES,JEWELS SALES ACCOUNT - RUBIES,RUBIES JRU MIX,RUBIES JRU MIX,true,true,true,false
3539,3539,JH/2526/ 814,JH2526814,JEWEL SALES ACCOUNT - DIAMONDS,JEWEL SALES ACCOUNT - DIAMONDS,SD DI. 200,SD DI. 200,true,true,true,false
3540,3540,JH/2526/ 851,JH2526851,JEWEL SALES ACCOUNT - DIAMONDS,JEWEL SALES ACCOUNT - DIAMONDS,SD DI. 200,SD DI. 200,true,true,true,false
3541,3541,JH/2526/ 995,JH2526995,JEWEL SALES ACCOUNT - DIAMONDS,JEWEL SALES ACCOUNT - DIAMONDS,SD DI. 225,SD DI. 225,true,true,true,false
3542,3542,JH/2526/ 363,JH2526363,JEWEL SALES ACCOUNT - DIAMONDS,JEWEL SALES ACCOUNT - DIAMONDS,SD DI. 250,SD DI. 250,true,true,true,false
3543,3543,JH/2526/ 369,JH2526369,JEWEL SALES ACCOUNT - DIAMONDS,JEWEL SALES ACCOUNT - DIAMONDS,SD DI. 250,SD DI. 250,true,true,true,false
3544,3544,JH/2526/ 370,JH2526370,JEWEL SALES ACCOUNT - DIAMONDS,JEWEL SALES ACCOUNT - DIAMONDS,SD DI. 250,SD DI. 250,true,true,true,false
3545,3545,JH/2526/ 689,JH2526689,JEWEL SALES ACCOUNT - DIAMONDS,JEWEL SALES ACCOUNT - DIAMONDS,SD DI. 250,SD DI. 250,true,true,true,false
3546,3546,JH/2526/ 995,JH2526995,JEWEL SALES ACCOUNT - DIAMONDS,JEWEL SALES ACCOUNT - DIAMONDS,SD DI. 250,SD DI. 250,true,true,true,false
3547,3547,JH/2526/ 823,JH2526823,JEWEL SALES ACCOUNT - DIAMONDS,JEWEL SALES ACCOUNT - DIAMONDS,SD DI. MIX,SD DI. MIX,true,true,true,false
3548,3548,JH/2526/ 79,JH252679,JEWELS SALES ACCOUNT - COLOR STONES,JEWELS SALES ACCOUNT - COLOR STONES,SEMI PRECIOUS JSP 100,SEMI PRECIOUS JSP 100,true,true,true,false
3549,3549,JH/2526/ 91,JH252691,JEWELS SALES ACCOUNT - COLOR STONES,JEWELS SALES ACCOUNT - COLOR STONES,SEMI PRECIOUS JSP 100,SEMI PRECIOUS JSP 100,true,true,true,false
3550,3550,JH/2526/ 95,JH252695,JEWELS SALES ACCOUNT - COLOR STONES,JEWELS SALES ACCOUNT - COLOR STONES,SEMI PRECIOUS JSP 100,SEMI PRECIOUS JSP 100,true,true,true,false
3551,3551,JH/2526/ 122,JH2526122,JEWELS SALES ACCOUNT - COLOR STONES,JEWELS SALES ACCOUNT - COLOR STONES,SEMI PRECIOUS JSP 100,SEMI PRECIOUS JSP 100,true,true,true,false
3552,3552,JH/2526/ 155,JH2526155,JEWELS SALES ACCOUNT - COLOR STONES,JEWELS SALES ACCOUNT - COLOR STONES,SEMI PRECIOUS JSP 100,SEMI PRECIOUS JSP 100,true,true,true,false
3553,3553,JH/2526/ 229,JH2526229,JEWELS SALES ACCOUNT - COLOR STONES,JEWELS SALES ACCOUNT - COLOR STONES,SEMI PRECIOUS JSP 100,SEMI PRECIOUS JSP 100,true,true,true,false
3554,3554,JH/2526/ 319,JH2526319,JEWELS SALES ACCOUNT - COLOR STONES,JEWELS SALES ACCOUNT - COLOR STONES,SEMI PRECIOUS JSP 100,SEMI PRECIOUS JSP 100,true,true,true,false
3555,3555,JH/2526/ 414,JH2526414,JEWELS SALES ACCOUNT - COLOR STONES,JEWELS SALES ACCOUNT - COLOR STONES,SEMI PRECIOUS JSP 100,SEMI PRECIOUS JSP 100,true,true,true,false
3556,3556,JH/2526/ 468,JH2526468,JEWELS SALES ACCOUNT - COLOR STONES,JEWELS SALES ACCOUNT - COLOR STONES,SEMI PRECIOUS JSP 100,SEMI PRECIOUS JSP 100,true,true,true,false
3557,3557,JH/2526/ 508,JH2526508,JEWELS SALES ACCOUNT - COLOR STONES,JEWELS SALES ACCOUNT - COLOR STONES,SEMI PRECIOUS JSP 100,SEMI PRECIOUS JSP 100,true,true,true,false
3558,3558,JH/2526/ 509,JH2526509,JEWELS SALES ACCOUNT - COLOR STONES,JEWELS SALES ACCOUNT - COLOR STONES,SEMI PRECIOUS JSP 100,SEMI PRECIOUS JSP 100,true,true,true,false
3559,3559,JH/2526/ 515,JH2526515,JEWELS SALES ACCOUNT - COLOR STONES,JEWELS SALES ACCOUNT - COLOR STONES,SEMI PRECIOUS JSP 100,SEMI PRECIOUS JSP 100,true,true,true,false
3560,3560,JH/2526/ 522,JH2526522,JEWELS SALES ACCOUNT - COLOR STONES,JEWELS SALES ACCOUNT - COLOR STONES,SEMI PRECIOUS JSP 100,SEMI PRECIOUS JSP 100,true,true,true,false
3561,3561,JH/2526/ 543,JH2526543,JEWELS SALES ACCOUNT - COLOR STONES,JEWELS SALES ACCOUNT - COLOR STONES,SEMI PRECIOUS JSP 100,SEMI PRECIOUS JSP 100,true,true,true,false
3562,3562,JH/2526/ 611,JH2526611,JEWELS SALES ACCOUNT - COLOR STONES,JEWELS SALES ACCOUNT - COLOR STONES,SEMI PRECIOUS JSP 100,SEMI PRECIOUS JSP 100,true,true,true,false
3563,3563,JH/2526/ 619,JH2526619,JEWELS SALES ACCOUNT - COLOR STONES,JEWELS SALES ACCOUNT - COLOR STONES,SEMI PRECIOUS JSP 100,SEMI PRECIOUS JSP 100,true,true,true,false
3564,3564,JH/2526/ 640,JH2526640,JEWELS SALES ACCOUNT - COLOR STONES,JEWELS SALES ACCOUNT - COLOR STONES,SEMI PRECIOUS JSP 100,SEMI PRECIOUS JSP 100,true,true,true,false
3565,3565,JH/2526/ 676,JH2526676,JEWELS SALES ACCOUNT - COLOR STONES,JEWELS SALES ACCOUNT - COLOR STONES,SEMI PRECIOUS JSP 100,SEMI PRECIOUS JSP 100,true,true,true,false
3566,3566,JH/2526/ 678,JH2526678,JEWELS SALES ACCOUNT - COLOR STONES,JEWELS SALES ACCOUNT - COLOR STONES,SEMI PRECIOUS JSP 100,SEMI PRECIOUS JSP 100,true,true,true,false
3567,3567,JH/2526/ 729,JH2526729,JEWELS SALES ACCOUNT - COLOR STONES,JEWELS SALES ACCOUNT - COLOR STONES,SEMI PRECIOUS JSP 100,SEMI PRECIOUS JSP 100,true,true,true,false
3568,3568,JH/2526/ 786,JH2526786,JEWELS SALES ACCOUNT - COLOR STONES,JEWELS SALES ACCOUNT - COLOR STONES,SEMI PRECIOUS JSP 100,SEMI PRECIOUS JSP 100,true,true,true,false
3569,3569,JH/2526/ 833,JH2526833,JEWELS SALES ACCOUNT - COLOR STONES,JEWELS SALES ACCOUNT - COLOR STONES,SEMI PRECIOUS JSP 100,SEMI PRECIOUS JSP 100,true,true,true,false
3570,3570,JH/2526/ 873,JH2526873,JEWELS SALES ACCOUNT - COLOR STONES,JEWELS SALES ACCOUNT - COLOR STONES,SEMI PRECIOUS JSP 100,SEMI PRECIOUS JSP 100,true,true,true,false
3571,3571,JH/2526/ 903,JH2526903,JEWELS SALES ACCOUNT - COLOR STONES,JEWELS SALES ACCOUNT - COLOR STONES,SEMI PRECIOUS JSP 1000,SEMI PRECIOUS JSP 1000,true,true,true,false
3572,3572,JH/2526/ 1006,JH25261006,JEWELS SALES ACCOUNT - COLOR STONES,JEWELS SALES ACCOUNT - COLOR STONES,SEMI PRECIOUS JSP 1200,SEMI PRECIOUS JSP 1200,true,true,true,false
3573,3573,JH/2526/ 758,JH2526758,JEWELS SALES ACCOUNT - COLOR STONES,JEWELS SALES ACCOUNT - COLOR STONES,SEMI PRECIOUS JSP 150,SEMI PRECIOUS JSP 150,true,true,true,false
3574,3574,JH/2526/ 1029,JH25261029,JEWELS SALES ACCOUNT - COLOR STONES,JEWELS SALES ACCOUNT - COLOR STONES,SEMI PRECIOUS JSP 200,SEMI PRECIOUS JSP 200,true,true,true,false
3575,3575,JH/2526/ 526,JH2526526,JEWELS SALES ACCOUNT - COLOR STONES,JEWELS SALES ACCOUNT - COLOR STONES,SEMI PRECIOUS JSP 2500,SEMI PRECIOUS JSP 2500,true,true,true,false
3576,3576,JH/2526/ 753,JH2526753,JEWELS SALES ACCOUNT - COLOR STONES,JEWELS SALES ACCOUNT - COLOR STONES,SEMI PRECIOUS JSP 2500,SEMI PRECIOUS JSP 2500,true,true,true,false
3577,3577,JH/2526/ 817,JH2526817,JEWELS SALES ACCOUNT - COLOR STONES,JEWELS SALES ACCOUNT - COLOR STONES,SEMI PRECIOUS JSP 2500,SEMI PRECIOUS JSP 2500,true,true,true,false
3578,3578,JH/2526/ 408,JH2526408,JEWELS SALES ACCOUNT - COLOR STONES,JEWELS SALES ACCOUNT - COLOR STONES,SEMI PRECIOUS JSP 50,SEMI PRECIOUS JSP 50,true,true,true,false
3579,3579,JH/2526/ 705,JH2526705,JEWELS SALES ACCOUNT - COLOR STONES,JEWELS SALES ACCOUNT - COLOR STONES,SEMI PRECIOUS JSP 50,SEMI PRECIOUS JSP 50,true,true,true,false
3580,3580,JH/2526/ 859,JH2526859,JEWELS SALES ACCOUNT - COLOR STONES,JEWELS SALES ACCOUNT - COLOR STONES,SEMI PRECIOUS JSP 50,SEMI PRECIOUS JSP 50,true,true,true,false
3581,3581,JH/2526/ 884,JH2526884,JEWELS SALES ACCOUNT - COLOR STONES,JEWELS SALES ACCOUNT - COLOR STONES,SEMI PRECIOUS JSP 50,SEMI PRECIOUS JSP 50,true,true,true,false
3582,3582,JH/2526/ 957,JH2526957,JEWELS SALES ACCOUNT - COLOR STONES,JEWELS SALES ACCOUNT - COLOR STONES,SEMI PRECIOUS JSP 50,SEMI PRECIOUS JSP 50,true,true,true,false
3583,3583,JH/2526/ 1043,JH25261043,JEWELS SALES ACCOUNT - COLOR STONES,JEWELS SALES ACCOUNT - COLOR STONES,SEMI PRECIOUS JSP 700,SEMI PRECIOUS JSP 700,true,true,true,false
3584,3584,JH/2526/ 753,JH2526753,JEWELS SALES ACCOUNT - COLOR STONES,JEWELS SALES ACCOUNT - COLOR STONES,SEMI PRECIOUS JSP 750,SEMI PRECIOUS JSP 750,true,true,true,false
3585,3585,JH/S/2526/ 1,JHS25261,SILVER SALES ACCOUNT,SILVER SALES ACCOUNT,SILVER ARTICLES,SILVER ARTICLES,true,true,true,false
3586,3586,JH/S/2526/ 2,JHS25262,SILVER SALES ACCOUNT,SILVER SALES ACCOUNT,SILVER ARTICLES,SILVER ARTICLES,true,true,true,false
3587,3587,JH/S/2526/ 3,JHS25263,SILVER SALES ACCOUNT,SILVER SALES ACCOUNT,SILVER ARTICLES,SILVER ARTICLES,true,true,true,false
3588,3588,JH/S/2526/ 4,JHS25264,SILVER SALES ACCOUNT,SILVER SALES ACCOUNT,SILVER ARTICLES,SILVER ARTICLES,true,true,true,false
3589,3589,JH/S/2526/ 5,JHS25265,SILVER SALES ACCOUNT,SILVER SALES ACCOUNT,SILVER ARTICLES,SILVER ARTICLES,true,true,true,false
3590,3590,JH/S/2526/ 6,JHS25266,SILVER SALES ACCOUNT,SILVER SALES ACCOUNT,SILVER ARTICLES,SILVER ARTICLES,true,true,true,false
3591,3591,JH/S/2526/ 7,JHS25267,SILVER SALES ACCOUNT,SILVER SALES ACCOUNT,SILVER ARTICLES,SILVER ARTICLES,true,true,true,false
3592,3592,JH/S/2526/ 8,JHS25268,SILVER SALES ACCOUNT,SILVER SALES ACCOUNT,SILVER ARTICLES,SILVER ARTICLES,true,true,true,false
3593,3593,JH/S/2526/ 9,JHS25269,SILVER SALES ACCOUNT,SILVER SALES ACCOUNT,SILVER ARTICLES,SILVER ARTICLES,true,true,true,false
3594,3594,JH/S/2526/ 10,JHS252610,SILVER SALES ACCOUNT,SILVER SALES ACCOUNT,SILVER ARTICLES,SILVER ARTICLES,true,true,true,false
3595,3595,JH/S/2526/ 10,JHS252610,SILVER SALES ACCOUNT,SILVER SALES ACCOUNT,SILVER ARTICLES,SILVER ARTICLES,true,true,true,false
3596,3596,JH/S/2526/ 11,JHS252611,SILVER SALES ACCOUNT,SILVER SALES ACCOUNT,SILVER ARTICLES,SILVER ARTICLES,true,true,true,false
3597,3597,JH/S/2526/ 12,JHS252612,SILVER SALES ACCOUNT,SILVER SALES ACCOUNT,SILVER ARTICLES,SILVER ARTICLES,true,true,true,false
3598,3598,JH/S/2526/ 13,JHS252613,SILVER SALES ACCOUNT,SILVER SALES ACCOUNT,SILVER ARTICLES,SILVER ARTICLES,true,true,true,false
3599,3599,JH/S/2526/ 13,JHS252613,SILVER SALES ACCOUNT,SILVER SALES ACCOUNT,SILVER ARTICLES,SILVER ARTICLES,true,true,true,false
3600,3600,JH/S/2526/ 14,JHS252614,SILVER SALES ACCOUNT,SILVER SALES ACCOUNT,SILVER ARTICLES,SILVER ARTICLES,true,true,true,false
3601,3601,JH/S/2526/ 14,JHS252614,SILVER SALES ACCOUNT,SILVER SALES ACCOUNT,SILVER ARTICLES,SILVER ARTICLES,true,true,true,false
3602,3602,JH/S/2526/ 14,JHS252614,SILVER SALES ACCOUNT,SILVER SALES ACCOUNT,SILVER ARTICLES,SILVER ARTICLES,true,true,true,false
3603,3603,JH/S/2526/ 14,JHS252614,SILVER SALES ACCOUNT,SILVER SALES ACCOUNT,SILVER ARTICLES,SILVER ARTICLES,true,true,true,false
3604,3604,JH/S/2526/ 14,JHS252614,SILVER SALES ACCOUNT,SILVER SALES ACCOUNT,SILVER ARTICLES,SILVER ARTICLES,true,true,true,false
3605,3605,JH/S/2526/ 14,JHS252614,SILVER SALES ACCOUNT,SILVER SALES ACCOUNT,SILVER ARTICLES,SILVER ARTICLES,true,true,true,false
3606,3606,JH/S/2526/ 14,JHS252614,SILVER SALES ACCOUNT,SILVER SALES ACCOUNT,SILVER ARTICLES,SILVER ARTICLES,true,true,true,false
3607,3607,JH/S/2526/ 14,JHS252614,SILVER SALES ACCOUNT,SILVER SALES ACCOUNT,SILVER ARTICLES,SILVER ARTICLES,true,true,true,false
3608,3608,JH/S/2526/ 14,JHS252614,SILVER SALES ACCOUNT,SILVER SALES ACCOUNT,SILVER ARTICLES,SILVER ARTICLES,true,true,true,false
3609,3609,JH/S/2526/ 14,JHS252614,SILVER SALES ACCOUNT,SILVER SALES ACCOUNT,SILVER ARTICLES,SILVER ARTICLES,true,true,true,false
3610,3610,JH/S/2526/ 15,JHS252615,SILVER SALES ACCOUNT,SILVER SALES ACCOUNT,SILVER ARTICLES,SILVER ARTICLES,true,true,true,false
3611,3611,JH/S/2526/ 16,JHS252616,SILVER SALES ACCOUNT,SILVER SALES ACCOUNT,SILVER ARTICLES,SILVER ARTICLES,true,true,true,false
3612,3612,JH/S/2526/ 17,JHS252617,SILVER SALES ACCOUNT,SILVER SALES ACCOUNT,SILVER ARTICLES,SILVER ARTICLES,true,true,true,false
3613,3613,JH/S/2526/ 18,JHS252618,SILVER SALES ACCOUNT,SILVER SALES ACCOUNT,SILVER ARTICLES,SILVER ARTICLES,true,true,true,false
3614,3614,JH/S/2526/ 18,JHS252618,SILVER SALES ACCOUNT,SILVER SALES ACCOUNT,SILVER ARTICLES,SILVER ARTICLES,true,true,true,false
3615,3615,JH/S/2526/ 18,JHS252618,SILVER SALES ACCOUNT,SILVER SALES ACCOUNT,SILVER ARTICLES,SILVER ARTICLES,true,true,true,false
3616,3616,JH/S/2526/ 18,JHS252618,SILVER SALES ACCOUNT,SILVER SALES ACCOUNT,SILVER ARTICLES,SILVER ARTICLES,true,true,true,false
3617,3617,JH/S/2526/ 19,JHS252619,SILVER SALES ACCOUNT,SILVER SALES ACCOUNT,SILVER ARTICLES,SILVER ARTICLES,true,true,true,false
3618,3618,JH/S/2526/ 20,JHS252620,SILVER SALES ACCOUNT,SILVER SALES ACCOUNT,SILVER ARTICLES,SILVER ARTICLES,true,true,true,false
3619,3619,JH/S/2526/ 21,JHS252621,SILVER SALES ACCOUNT,SILVER SALES ACCOUNT,SILVER ARTICLES,SILVER ARTICLES,true,true,true,false
3620,3620,JH/S/2526/ 22,JHS252622,SILVER SALES ACCOUNT,SILVER SALES ACCOUNT,SILVER ARTICLES,SILVER ARTICLES,true,true,true,false
3621,3621,JH/S/2526/ 23,JHS252623,SILVER SALES ACCOUNT,SILVER SALES ACCOUNT,SILVER ARTICLES,SILVER ARTICLES,true,true,true,false
3622,3622,JH/S/2526/ 24,JHS252624,SILVER SALES ACCOUNT,SILVER SALES ACCOUNT,SILVER ARTICLES,SILVER ARTICLES,true,true,true,false
3623,3623,JH/S/2526/ 25,JHS252625,SILVER SALES ACCOUNT,SILVER SALES ACCOUNT,SILVER ARTICLES,SILVER ARTICLES,true,true,true,false
3624,3624,JH/S/2526/ 26,JHS252626,SILVER SALES ACCOUNT,SILVER SALES ACCOUNT,SILVER ARTICLES,SILVER ARTICLES,true,true,true,false
3625,3625,JH/S/2526/ 27,JHS252627,SILVER SALES ACCOUNT,SILVER SALES ACCOUNT,SILVER ARTICLES,SILVER ARTICLES,true,true,true,false
3626,3626,JH/S/2526/ 28,JHS252628,SILVER SALES ACCOUNT,SILVER SALES ACCOUNT,SILVER ARTICLES,SILVER ARTICLES,true,true,true,false
3627,3627,JH/S/2526/ 29,JHS252629,SILVER SALES ACCOUNT,SILVER SALES ACCOUNT,SILVER ARTICLES,SILVER ARTICLES,true,true,true,false
3628,3628,JH/2526/ 313,JH2526313,SILVER SALES ACCOUNT,SILVER SALES ACCOUNT,SILVER ARTICLES,SILVER ARTICLES,true,true,true,false
3629,3629,JH/2526/ 313,JH2526313,SILVER SALES ACCOUNT,SILVER SALES ACCOUNT,SILVER ARTICLES,SILVER ARTICLES,true,true,true,false
3630,3630,JH/S/2526/ 30,JHS252630,SILVER SALES ACCOUNT,SILVER SALES ACCOUNT,SILVER ARTICLES,SILVER ARTICLES,true,true,true,false
3631,3631,JH/S/2526/ 31,JHS252631,SILVER SALES ACCOUNT,SILVER SALES ACCOUNT,SILVER ARTICLES,SILVER ARTICLES,true,true,true,false
3632,3632,JH/S/2526/ 32,JHS252632,SILVER SALES ACCOUNT,SILVER SALES ACCOUNT,SILVER ARTICLES,SILVER ARTICLES,true,true,true,false
3633,3633,JH/S/2526/ 33,JHS252633,SILVER SALES ACCOUNT,SILVER SALES ACCOUNT,SILVER ARTICLES,SILVER ARTICLES,true,true,true,false
3634,3634,JH/S/2526/ 34,JHS252634,SILVER SALES ACCOUNT,SILVER SALES ACCOUNT,SILVER ARTICLES,SILVER ARTICLES,true,true,true,false
3635,3635,JH/S/2526/ 35,JHS252635,SILVER SALES ACCOUNT,SILVER SALES ACCOUNT,SILVER ARTICLES,SILVER ARTICLES,true,true,true,false
3636,3636,JH/S/2526/ 36,JHS252636,SILVER SALES ACCOUNT,SILVER SALES ACCOUNT,SILVER ARTICLES,SILVER ARTICLES,true,true,true,false
3637,3637,JH/S/2526/ 37,JHS252637,SILVER SALES ACCOUNT,SILVER SALES ACCOUNT,SILVER ARTICLES,SILVER ARTICLES,true,true,true,false
3638,3638,JH/S/2526/ 38,JHS252638,SILVER SALES ACCOUNT,SILVER SALES ACCOUNT,SILVER ARTICLES,SILVER ARTICLES,true,true,true,false
3639,3639,JH/S/2526/ 39,JHS252639,SILVER SALES ACCOUNT,SILVER SALES ACCOUNT,SILVER ARTICLES,SILVER ARTICLES,true,true,true,false
3640,3640,JH/S/2526/ 40,JHS252640,SILVER SALES ACCOUNT,SILVER SALES ACCOUNT,SILVER ARTICLES,SILVER ARTICLES,true,true,true,false
3641,3641,JH/S/2526/ 40,JHS252640,SILVER SALES ACCOUNT,SILVER SALES ACCOUNT,SILVER ARTICLES,SILVER ARTICLES,true,true,true,false
3642,3642,JH/S/2526/ 41,JHS252641,SILVER SALES ACCOUNT,SILVER SALES ACCOUNT,SILVER ARTICLES,SILVER ARTICLES,true,true,true,false
3643,3643,JH/S/2526/ 42,JHS252642,SILVER SALES ACCOUNT,SILVER SALES ACCOUNT,SILVER ARTICLES,SILVER ARTICLES,true,true,true,false
3644,3644,JH/S/2526/ 43,JHS252643,SILVER SALES ACCOUNT,SILVER SALES ACCOUNT,SILVER ARTICLES,SILVER ARTICLES,true,true,true,false
3645,3645,JH/S/2526/ 44,JHS252644,SILVER SALES ACCOUNT,SILVER SALES ACCOUNT,SILVER ARTICLES,SILVER ARTICLES,true,true,true,false
3646,3646,JH/S/2526/ 45,JHS252645,SILVER SALES ACCOUNT,SILVER SALES ACCOUNT,SILVER ARTICLES,SILVER ARTICLES,true,true,true,false
3647,3647,JH/S/2526/ 46,JHS252646,SILVER SALES ACCOUNT,SILVER SALES ACCOUNT,SILVER ARTICLES,SILVER ARTICLES,true,true,true,false
3648,3648,JH/S/2526/ 47,JHS252647,SILVER SALES ACCOUNT,SILVER SALES ACCOUNT,SILVER ARTICLES,SILVER ARTICLES,true,true,true,false
3649,3649,JH/S/2526/ 48,JHS252648,SILVER SALES ACCOUNT,SILVER SALES ACCOUNT,SILVER ARTICLES,SILVER ARTICLES,true,true,true,false
3650,3650,JH/S/2526/ 49,JHS252649,SILVER SALES ACCOUNT,SILVER SALES ACCOUNT,SILVER ARTICLES,SILVER ARTICLES,true,true,true,false
3651,3651,JH/S/2526/ 50,JHS252650,SILVER SALES ACCOUNT,SILVER SALES ACCOUNT,SILVER ARTICLES,SILVER ARTICLES,true,true,true,false
3652,3652,JH/S/2526/ 51,JHS252651,SILVER SALES ACCOUNT,SILVER SALES ACCOUNT,SILVER ARTICLES,SILVER ARTICLES,true,true,true,false
3653,3653,JH/S/2526/ 52,JHS252652,SILVER SALES ACCOUNT,SILVER SALES ACCOUNT,SILVER ARTICLES,SILVER ARTICLES,true,true,true,false
3654,3654,JH/S/2526/ 53,JHS252653,SILVER SALES ACCOUNT,SILVER SALES ACCOUNT,SILVER ARTICLES,SILVER ARTICLES,true,true,true,false
3655,3655,JH/S/2526/ 54,JHS252654,SILVER SALES ACCOUNT,SILVER SALES ACCOUNT,SILVER ARTICLES,SILVER ARTICLES,true,true,true,false
3656,3656,JH/S/2526/ 54,JHS252654,SILVER SALES ACCOUNT,SILVER SALES ACCOUNT,SILVER ARTICLES,SILVER ARTICLES,true,true,true,false
3657,3657,JH/S/2526/ 54,JHS252654,SILVER SALES ACCOUNT,SILVER SALES ACCOUNT,SILVER ARTICLES,SILVER ARTICLES,true,true,true,false
3658,3658,JH/S/2526/ 54,JHS252654,SILVER SALES ACCOUNT,SILVER SALES ACCOUNT,SILVER ARTICLES,SILVER ARTICLES,true,true,true,false
3659,3659,JH/S/2526/ 54,JHS252654,SILVER SALES ACCOUNT,SILVER SALES ACCOUNT,SILVER ARTICLES,SILVER ARTICLES,true,true,true,false
3660,3660,JH/S/2526/ 55,JHS252655,SILVER SALES ACCOUNT,SILVER SALES ACCOUNT,SILVER ARTICLES,SILVER ARTICLES,true,true,true,false
3661,3661,JH/S/2526/ 56,JHS252656,SILVER SALES ACCOUNT,SILVER SALES ACCOUNT,SILVER ARTICLES,SILVER ARTICLES,true,true,true,false
3662,3662,JH/S/2526/ 56,JHS252656,SILVER SALES ACCOUNT,SILVER SALES ACCOUNT,SILVER ARTICLES,SILVER ARTICLES,true,true,true,false
3663,3663,JH/S/2526/ 57,JHS252657,SILVER SALES ACCOUNT,SILVER SALES ACCOUNT,SILVER ARTICLES,SILVER ARTICLES,true,true,true,false
3664,3664,JH/S/2526/ 58,JHS252658,SILVER SALES ACCOUNT,SILVER SALES ACCOUNT,SILVER ARTICLES,SILVER ARTICLES,true,true,true,false
3665,3665,JH/S/2526/ 58,JHS252658,SILVER SALES ACCOUNT,SILVER SALES ACCOUNT,SILVER ARTICLES,SILVER ARTICLES,true,true,true,false
3666,3666,JH/S/2526/ 59,JHS252659,SILVER SALES ACCOUNT,SILVER SALES ACCOUNT,SILVER ARTICLES,SILVER ARTICLES,true,true,true,false
3667,3667,JH/S/2526/ 59,JHS252659,SILVER SALES ACCOUNT,SILVER SALES ACCOUNT,SILVER ARTICLES,SILVER ARTICLES,true,true,true,false
3668,3668,JH/S/2526/ 59,JHS252659,SILVER SALES ACCOUNT,SILVER SALES ACCOUNT,SILVER ARTICLES,SILVER ARTICLES,true,true,true,false
3669,3669,JH/S/2526/ 59,JHS252659,SILVER SALES ACCOUNT,SILVER SALES ACCOUNT,SILVER ARTICLES,SILVER ARTICLES,true,true,true,false
3670,3670,JH/S/2526/ 59,JHS252659,SILVER SALES ACCOUNT,SILVER SALES ACCOUNT,SILVER ARTICLES,SILVER ARTICLES,true,true,true,false
3671,3671,JH/S/2526/ 59,JHS252659,SILVER SALES ACCOUNT,SILVER SALES ACCOUNT,SILVER ARTICLES,SILVER ARTICLES,true,true,true,false
3672,3672,JH/S/2526/ 59,JHS252659,SILVER SALES ACCOUNT,SILVER SALES ACCOUNT,SILVER ARTICLES,SILVER ARTICLES,true,true,true,false
3673,3673,JH/S/2526/ 59,JHS252659,SILVER SALES ACCOUNT,SILVER SALES ACCOUNT,SILVER ARTICLES,SILVER ARTICLES,true,true,true,false
3674,3674,JH/S/2526/ 59,JHS252659,SILVER SALES ACCOUNT,SILVER SALES ACCOUNT,SILVER ARTICLES,SILVER ARTICLES,true,true,true,false
3675,3675,JH/S/2526/ 59,JHS252659,SILVER SALES ACCOUNT,SILVER SALES ACCOUNT,SILVER ARTICLES,SILVER ARTICLES,true,true,true,false
3676,3676,JH/S/2526/ 59,JHS252659,SILVER SALES ACCOUNT,SILVER SALES ACCOUNT,SILVER ARTICLES,SILVER ARTICLES,true,true,true,false
3677,3677,JH/S/2526/ 59,JHS252659,SILVER SALES ACCOUNT,SILVER SALES ACCOUNT,SILVER ARTICLES,SILVER ARTICLES,true,true,true,false
3678,3678,JH/S/2526/ 59,JHS252659,SILVER SALES ACCOUNT,SILVER SALES ACCOUNT,SILVER ARTICLES,SILVER ARTICLES,true,true,true,false
3679,3679,JH/S/2526/ 60,JHS252660,SILVER SALES ACCOUNT,SILVER SALES ACCOUNT,SILVER ARTICLES,SILVER ARTICLES,true,true,true,false
3680,3680,JH/S/2526/ 61,JHS252661,SILVER SALES ACCOUNT,SILVER SALES ACCOUNT,SILVER ARTICLES,SILVER ARTICLES,true,true,true,false
3681,3681,JH/S/2526/ 62,JHS252662,SILVER SALES ACCOUNT,SILVER SALES ACCOUNT,SILVER ARTICLES,SILVER ARTICLES,true,true,true,false
3682,3682,JH/S/2526/ 63,JHS252663,SILVER SALES ACCOUNT,SILVER SALES ACCOUNT,SILVER ARTICLES,SILVER ARTICLES,true,true,true,false
3683,3683,JH/S/2526/ 64,JHS252664,SILVER SALES ACCOUNT,SILVER SALES ACCOUNT,SILVER ARTICLES,SILVER ARTICLES,true,true,true,false
3684,3684,JH/S/2526/ 65,JHS252665,SILVER SALES ACCOUNT,SILVER SALES ACCOUNT,SILVER ARTICLES,SILVER ARTICLES,true,true,true,false
3685,3685,JH/S/2526/ 66,JHS252666,SILVER SALES ACCOUNT,SILVER SALES ACCOUNT,SILVER ARTICLES,SILVER ARTICLES,true,true,true,false
3686,3686,JH/S/2526/ 67,JHS252667,SILVER SALES ACCOUNT,SILVER SALES ACCOUNT,SILVER ARTICLES,SILVER ARTICLES,true,true,true,false
3687,3687,JH/S/2526/ 68,JHS252668,SILVER SALES ACCOUNT,SILVER SALES ACCOUNT,SILVER ARTICLES,SILVER ARTICLES,true,true,true,false
3688,3688,JH/S/2526/ 69,JHS252669,SILVER SALES ACCOUNT,SILVER SALES ACCOUNT,SILVER ARTICLES,SILVER ARTICLES,true,true,true,false
3689,3689,JH/S/2526/ 70,JHS252670,SILVER SALES ACCOUNT,SILVER SALES ACCOUNT,SILVER ARTICLES,SILVER ARTICLES,true,true,true,false
3690,3690,JH/S/2526/ 71,JHS252671,SILVER SALES ACCOUNT,SILVER SALES ACCOUNT,SILVER ARTICLES,SILVER ARTICLES,true,true,true,false
3691,3691,JH/S/2526/ 72,JHS252672,SILVER SALES ACCOUNT,SILVER SALES ACCOUNT,SILVER ARTICLES,SILVER ARTICLES,true,true,true,false
3692,3692,JH/S/2526/ 73,JHS252673,SILVER SALES ACCOUNT,SILVER SALES ACCOUNT,SILVER ARTICLES,SILVER ARTICLES,true,true,true,false
3693,3693,JH/S/2526/ 74,JHS252674,SILVER SALES ACCOUNT,SILVER SALES ACCOUNT,SILVER ARTICLES,SILVER ARTICLES,true,true,true,false
3694,3694,JH/S/2526/ 74,JHS252674,SILVER SALES ACCOUNT,SILVER SALES ACCOUNT,SILVER ARTICLES,SILVER ARTICLES,true,true,true,false
3695,3695,JH/S/2526/ 75,JHS252675,SILVER SALES ACCOUNT,SILVER SALES ACCOUNT,SILVER ARTICLES,SILVER ARTICLES,true,true,true,false
3696,3696,JH/S/2526/ 76,JHS252676,SILVER SALES ACCOUNT,SILVER SALES ACCOUNT,SILVER ARTICLES,SILVER ARTICLES,true,true,true,false
3697,3697,JH/S/2526/ 77,JHS252677,SILVER SALES ACCOUNT,SILVER SALES ACCOUNT,SILVER ARTICLES,SILVER ARTICLES,true,true,true,false
3698,3698,JH/S/2526/ 78,JHS252678,SILVER SALES ACCOUNT,SILVER SALES ACCOUNT,SILVER ARTICLES,SILVER ARTICLES,true,true,true,false
3699,3699,JH/S/2526/ 79,JHS252679,SILVER SALES ACCOUNT,SILVER SALES ACCOUNT,SILVER ARTICLES,SILVER ARTICLES,true,true,true,false
3700,3700,JH/S/2526/ 80,JHS252680,SILVER SALES ACCOUNT,SILVER SALES ACCOUNT,SILVER ARTICLES,SILVER ARTICLES,true,true,true,false
3701,3701,JH/S/2526/ 81,JHS252681,SILVER SALES ACCOUNT,SILVER SALES ACCOUNT,SILVER ARTICLES,SILVER ARTICLES,true,true,true,false
3702,3702,JH/S/2526/ 82,JHS252682,SILVER SALES ACCOUNT,SILVER SALES ACCOUNT,SILVER ARTICLES,SILVER ARTICLES,true,true,true,false
3703,3703,JH/S/2526/ 83,JHS252683,SILVER SALES ACCOUNT,SILVER SALES ACCOUNT,SILVER ARTICLES,SILVER ARTICLES,true,true,true,false
3704,3704,JH/S/2526/ 84,JHS252684,SILVER SALES ACCOUNT,SILVER SALES ACCOUNT,SILVER ARTICLES,SILVER ARTICLES,true,true,true,false
3705,3705,JH/S/2526/ 85,JHS252685,SILVER SALES ACCOUNT,SILVER SALES ACCOUNT,SILVER ARTICLES,SILVER ARTICLES,true,true,true,false
3706,3706,JH/S/2526/ 86,JHS252686,SILVER SALES ACCOUNT,SILVER SALES ACCOUNT,SILVER ARTICLES,SILVER ARTICLES,true,true,true,false
3707,3707,JH/S/2526/ 87,JHS252687,SILVER SALES ACCOUNT,SILVER SALES ACCOUNT,SILVER ARTICLES,SILVER ARTICLES,true,true,true,false
3708,3708,JH/S/2526/ 88,JHS252688,SILVER SALES ACCOUNT,SILVER SALES ACCOUNT,SILVER ARTICLES,SILVER ARTICLES,true,true,true,false
3709,3709,JH/S/2526/ 89,JHS252689,SILVER SALES ACCOUNT,SILVER SALES ACCOUNT,SILVER ARTICLES,SILVER ARTICLES,true,true,true,false
3710,3710,JH/S/2526/ 89,JHS252689,SILVER SALES ACCOUNT,SILVER SALES ACCOUNT,SILVER ARTICLES,SILVER ARTICLES,true,true,true,false
3711,3711,JH/S/2526/ 90,JHS252690,SILVER SALES ACCOUNT,SILVER SALES ACCOUNT,SILVER ARTICLES,SILVER ARTICLES,true,true,true,false
3712,3712,JH/S/2526/ 91,JHS252691,SILVER SALES ACCOUNT,SILVER SALES ACCOUNT,SILVER ARTICLES,SILVER ARTICLES,true,true,true,false
3713,3713,JH/S/2526/ 92,JHS252692,SILVER SALES ACCOUNT,SILVER SALES ACCOUNT,SILVER ARTICLES,SILVER ARTICLES,true,true,true,false
3714,3714,JH/S/2526/ 93,JHS252693,SILVER SALES ACCOUNT,SILVER SALES ACCOUNT,SILVER ARTICLES,SILVER ARTICLES,true,true,true,false
3715,3715,JH/S/2526/ 94,JHS252694,SILVER SALES ACCOUNT,SILVER SALES ACCOUNT,SILVER ARTICLES,SILVER ARTICLES,true,true,true,false
3716,3716,JH/S/2526/ 95,JHS252695,SILVER SALES ACCOUNT,SILVER SALES ACCOUNT,SILVER ARTICLES,SILVER ARTICLES,true,true,true,false
3717,3717,JH/S/2526/ 96,JHS252696,SILVER SALES ACCOUNT,SILVER SALES ACCOUNT,SILVER ARTICLES,SILVER ARTICLES,true,true,true,false
3718,3718,JH/S/2526/ 97,JHS252697,SILVER SALES ACCOUNT,SILVER SALES ACCOUNT,SILVER ARTICLES,SILVER ARTICLES,true,true,true,false
3719,3719,JH/S/2526/ 98,JHS252698,SILVER SALES ACCOUNT,SILVER SALES ACCOUNT,SILVER ARTICLES,SILVER ARTICLES,true,true,true,false
3720,3720,JH/S/2526/ 99,JHS252699,SILVER SALES ACCOUNT,SILVER SALES ACCOUNT,SILVER ARTICLES,SILVER ARTICLES,true,true,true,false
3721,3721,JH/S/2526/ 100,JHS2526100,SILVER SALES ACCOUNT,SILVER SALES ACCOUNT,SILVER ARTICLES,SILVER ARTICLES,true,true,true,false
3722,3722,JH/S/2526/ 101,JHS2526101,SILVER SALES ACCOUNT,SILVER SALES ACCOUNT,SILVER ARTICLES,SILVER ARTICLES,true,true,true,false
3723,3723,JH/S/2526/ 102,JHS2526102,SILVER SALES ACCOUNT,SILVER SALES ACCOUNT,SILVER ARTICLES,SILVER ARTICLES,true,true,true,false
3724,3724,JH/S/2526/ 103,JHS2526103,SILVER SALES ACCOUNT,SILVER SALES ACCOUNT,SILVER ARTICLES,SILVER ARTICLES,true,true,true,false
3725,3725,JH/S/2526/ 104,JHS2526104,SILVER SALES ACCOUNT,SILVER SALES ACCOUNT,SILVER ARTICLES,SILVER ARTICLES,true,true,true,false
3726,3726,JH/S/2526/ 105,JHS2526105,SILVER SALES ACCOUNT,SILVER SALES ACCOUNT,SILVER ARTICLES,SILVER ARTICLES,true,true,true,false
3727,3727,JH/S/2526/ 106,JHS2526106,SILVER SALES ACCOUNT,SILVER SALES ACCOUNT,SILVER ARTICLES,SILVER ARTICLES,true,true,true,false
3728,3728,JH/S/2526/ 107,JHS2526107,SILVER SALES ACCOUNT,SILVER SALES ACCOUNT,SILVER ARTICLES,SILVER ARTICLES,true,true,true,false
3729,3729,JH/S/2526/ 107,JHS2526107,SILVER SALES ACCOUNT,SILVER SALES ACCOUNT,SILVER ARTICLES,SILVER ARTICLES,true,true,true,false
3730,3730,JH/S/2526/ 108,JHS2526108,SILVER SALES ACCOUNT,SILVER SALES ACCOUNT,SILVER ARTICLES,SILVER ARTICLES,true,true,true,false
3731,3731,JH/S/2526/ 108,JHS2526108,SILVER SALES ACCOUNT,SILVER SALES ACCOUNT,SILVER ARTICLES,SILVER ARTICLES,true,true,true,false
3732,3732,JH/S/2526/ 109,JHS2526109,SILVER SALES ACCOUNT,SILVER SALES ACCOUNT,SILVER ARTICLES,SILVER ARTICLES,true,true,true,false
3733,3733,JH/S/2526/ 110,JHS2526110,SILVER SALES ACCOUNT,SILVER SALES ACCOUNT,SILVER ARTICLES,SILVER ARTICLES,true,true,true,false
3734,3734,JH/S/2526/ 111,JHS2526111,SILVER SALES ACCOUNT,SILVER SALES ACCOUNT,SILVER ARTICLES,SILVER ARTICLES,true,true,true,false
3735,3735,JH/S/2526/ 112,JHS2526112,SILVER SALES ACCOUNT,SILVER SALES ACCOUNT,SILVER ARTICLES,SILVER ARTICLES,true,true,true,false
3736,3736,JH/S/2526/ 113,JHS2526113,SILVER SALES ACCOUNT,SILVER SALES ACCOUNT,SILVER ARTICLES,SILVER ARTICLES,true,true,true,false
3737,3737,JH/S/2526/ 114,JHS2526114,SILVER SALES ACCOUNT,SILVER SALES ACCOUNT,SILVER ARTICLES,SILVER ARTICLES,true,true,true,false
3738,3738,JH/S/2526/ 115,JHS2526115,SILVER SALES ACCOUNT,SILVER SALES ACCOUNT,SILVER ARTICLES,SILVER ARTICLES,true,true,true,false
3739,3739,JH/S/2526/ 116,JHS2526116,SILVER SALES ACCOUNT,SILVER SALES ACCOUNT,SILVER ARTICLES,SILVER ARTICLES,true,true,true,false
3740,3740,JH/S/2526/ 117,JHS2526117,SILVER SALES ACCOUNT,SILVER SALES ACCOUNT,SILVER ARTICLES,SILVER ARTICLES,true,true,true,false
3741,3741,JH/B/2526/ 1,JHB25261,GOLD SALES ACCOUNT - 24K,GOLD SALES ACCOUNT - 24K,STANDARD GOLD 24K,STANDARD GOLD 24K,true,true,true,false
3742,3742,JH/2526/ 808,JH2526808,GOLD SALES ACCOUNT - 24K,GOLD SALES ACCOUNT - 24K,STANDARD GOLD 24K,STANDARD GOLD 24K,true,true,true,false
3743,3743,JH/2526/ 855,JH2526855,GOLD SALES ACCOUNT - 24K,GOLD SALES ACCOUNT - 24K,STANDARD GOLD 24K,STANDARD GOLD 24K,true,true,true,false
3744,3744,JH/B/2526/ 7,JHB25267,GOLD SALES ACCOUNT - 24K,GOLD SALES ACCOUNT - 24K,STANDARD GOLD 24K,STANDARD GOLD 24K,true,true,true,false
3745,3745,JH/B/2526/ 14,JHB252614,GOLD SALES ACCOUNT - 24K,GOLD SALES ACCOUNT - 24K,STANDARD GOLD 24K,STANDARD GOLD 24K,true,true,true,false
3746,3746,JH/2526/ 1074,JH25261074,GOLD SALES ACCOUNT - 24K,GOLD SALES ACCOUNT - 24K,STANDARD GOLD 24K,STANDARD GOLD 24K,true,true,true,false
3747,3747,JH/2526/ 1097,JH25261097,GOLD SALES ACCOUNT - 24K,GOLD SALES ACCOUNT - 24K,STANDARD GOLD 24K,STANDARD GOLD 24K,true,true,true,false
3748,3748,JH/2526/ 11,JH252611,,,,,false,false,false,false
3749,3749,JH/2526/ 12,JH252612,,,,,false,false,false,false
3750,3750,JH/2526/ 17,JH252617,,,,,false,false,false,false
3751,3751,JH/S/2526/ 4,JHS25264,,,,,false,false,false,false
3752,3752,JH/S/2526/ 5,JHS25265,,,,,false,false,false,false
3753,3753,JH/S/2526/ 7,JHS25267,,,,,false,false,false,false
3754,3754,JH/S/2526/ 8,JHS25268,,,,,false,false,false,false
3755,3755,JH/2526/ 37,JH252637,,,,,false,false,false,false
3756,3756,JH/2526/ 43,JH252643,,,,,false,false,false,false
3757,3757,JH/2526/ 47,JH252647,,,,,false,false,false,false
3758,3758,JH/2526/ 59,JH252659,,,,,false,false,false,false
3759,3759,JH/B/2526/ 1,JHB25261,,,,,false,false,false,false
3760,3760,JH/B/2526/ 2,JHB25262,,,,,false,false,false,false
3761,3761,JH/2526/ 74,JH252674,,,,,false,false,false,false
3762,3762,JH/2526/ 79,JH252679,,,,,false,false,false,false
3763,3763,JH/2526/ 81,JH252681,,,,,false,false,false,false
3764,3764,JH/2526/ 84,JH252684,,,,,false,false,false,false
3765,3765,JH/2526/ 88,JH252688,,,,,false,false,false,false
3766,3766,JH/2526/ 89,JH252689,,,,,false,false,false,false
3767,3767,JH/2526/ 92,JH252692,,,,,false,false,false,false
3768,3768,JH/S/2526/ 11,JHS252611,,,,,false,false,false,false
3769,3769,JH/S/2526/ 15,JHS252615,,,,,false,false,false,false
3770,3770,JH/S/2526/ 16,JHS252616,,,,,false,false,false,false
3771,3771,JH/2526/ 108,JH2526108,,,,,false,false,false,false
3772,3772,JH/2526/ 122,JH2526122,,,,,false,false,false,false
3773,3773,JH/2526/ 140,JH2526140,,,,,false,false,false,false
3774,3774,JH/S/2526/ 18,JHS252618,,,,,false,false,false,false
3775,3775,JH/S/2526/ 19,JHS252619,,,,,false,false,false,false
3776,3776,JH/2526/ 148,JH2526148,,,,,false,false,false,false
3777,3777,JH/2526/ 150,JH2526150,,,,,false,false,false,false
3778,3778,JH/2526/ 187,JH2526187,,,,,false,false,false,false
3779,3779,JH/2526/ 194,JH2526194,,,,,false,false,false,false
3780,3780,JH/2526/ 197,JH2526197,,,,,false,false,false,false
3781,3781,JH/S/2526/ 20,JHS252620,,,,,false,false,false,false
3782,3782,JH/2526/ 204,JH2526204,,,,,false,false,false,false
3783,3783,JH/2526/ 212,JH2526212,,,,,false,false,false,false
3784,3784,JH/2526/ 221,JH2526221,,,,,false,false,false,false
3785,3785,JH/2526/ 241,JH2526241,,,,,false,false,false,false
3786,3786,JH/S/2526/ 22,JHS252622,,,,,false,false,false,false
3787,3787,JH/S/2526/ 23,JHS252623,,,,,false,false,false,false
3788,3788,JH/S/2526/ 24,JHS252624,,,,,false,false,false,false
3789,3789,JH/2526/ 256,JH2526256,,,,,false,false,false,false
3790,3790,JH/2526/ 258,JH2526258,,,,,false,false,false,false
3791,3791,JH/2526/ 273,JH2526273,,,,,false,false,false,false
3792,3792,JH/S/2526/ 25,JHS252625,,,,,false,false,false,false
3793,3793,JH/S/2526/ 26,JHS252626,,,,,false,false,false,false
3794,3794,JH/S/2526/ 27,JHS252627,,,,,false,false,false,false
3795,3795,JH/2526/ 285,JH2526285,,,,,false,false,false,false
3796,3796,JH/2526/ 305,JH2526305,,,,,false,false,false,false
3797,3797,JH/2526/ 309,JH2526309,,,,,false,false,false,false
3798,3798,JH/2526/ 313,JH2526313,,,,,false,false,false,false
3799,3799,JH/2526/ 314,JH2526314,,,,,false,false,false,false
3800,3800,JH/2526/ 316,JH2526316,,,,,false,false,false,false
3801,3801,JH/S/2526/ 30,JHS252630,,,,,false,false,false,false
3802,3802,JH/2526/ 338,JH2526338,,,,,false,false,false,false
3803,3803,JH/S/2526/ 32,JHS252632,,,,,false,false,false,false
3804,3804,JH/S/2526/ 33,JHS252633,,,,,false,false,false,false
3805,3805,JH/2526/ 440,JH2526440,,,,,false,false,false,false
3806,3806,JH/2526/ 455,JH2526455,,,,,false,false,false,false
3807,3807,JH/S/2526/ 34,JHS252634,,,,,false,false,false,false
3808,3808,JH/S/2526/ 35,JHS252635,,,,,false,false,false,false
3809,3809,JH/S/2526/ 36,JHS252636,,,,,false,false,false,false
3810,3810,JH/S/2526/ 37,JHS252637,,,,,false,false,false,false
3811,3811,JH/S/2526/ 39,JHS252639,,,,,false,false,false,false
3812,3812,JH/2526/ 481,JH2526481,,,,,false,false,false,false
3813,3813,JH/2526/ 505,JH2526505,,,,,false,false,false,false
3814,3814,JH/2526/ 510,JH2526510,,,,,false,false,false,false
3815,3815,JH/2526/ 516,JH2526516,,,,,false,false,false,false
3816,3816,JH/S/2526/ 40,JHS252640,,,,,false,false,false,false
3817,3817,JH/S/2526/ 43,JHS252643,,,,,false,false,false,false
3818,3818,JH/S/2526/ 44,JHS252644,,,,,false,false,false,false
3819,3819,JH/S/2526/ 45,JHS252645,,,,,false,false,false,false
3820,3820,JH/2526/ 571,JH2526571,,,,,false,false,false,false
3821,3821,JH/S/2526/ 47,JHS252647,,,,,false,false,false,false
3822,3822,JH/S/2526/ 48,JHS252648,,,,,false,false,false,false
3823,3823,JH/2526/ 606,JH2526606,,,,,false,false,false,false
3824,3824,JH/2526/ 621,JH2526621,,,,,false,false,false,false
3825,3825,JH/2526/ 637,JH2526637,,,,,false,false,false,false
3826,3826,JH/2526/ 643,JH2526643,,,,,false,false,false,false
3827,3827,JH/2526/ 644,JH2526644,,,,,false,false,false,false
3828,3828,JH/2526/ 645,JH2526645,,,,,false,false,false,false
3829,3829,JH/S/2526/ 53,JHS252653,,,,,false,false,false,false
3830,3830,JH/S/2526/ 55,JHS252655,,,,,false,false,false,false
3831,3831,JH/S/2526/ 56,JHS252656,,,,,false,false,false,false
3832,3832,JH/S/2526/ 57,JHS252657,,,,,false,false,false,false
3833,3833,JH/2526/ 659,JH2526659,,,,,false,false,false,false
3834,3834,JH/2526/ 660,JH2526660,,,,,false,false,false,false
3835,3835,JH/2526/ 663,JH2526663,,,,,false,false,false,false
3836,3836,JH/2526/ 664,JH2526664,,,,,false,false,false,false
3837,3837,JH/RI/2526/ 2,JHRI25262,,,,,false,false,false,false
3838,3838,JH/S/2526/ 58,JHS252658,,,,,false,false,false,false
3839,3839,JH/S/2526/ 60,JHS252660,,,,,false,false,false,false
3840,3840,JH/S/2526/ 63,JHS252663,,,,,false,false,false,false
3841,3841,JH/S/2526/ 64,JHS252664,,,,,false,false,false,false
3842,3842,JH/S/2526/ 66,JHS252666,,,,,false,false,false,false
3843,3843,JH/2526/ 695,JH2526695,,,,,false,false,false,false
3844,3844,JH/S/2526/ 67,JHS252667,,,,,false,false,false,false
3845,3845,JH/S/2526/ 68,JHS252668,,,,,false,false,false,false
3846,3846,JH/S/2526/ 69,JHS252669,,,,,false,false,false,false
3847,3847,JH/S/2526/ 71,JHS252671,,,,,false,false,false,false
3848,3848,JH/2526/ 734,JH2526734,,,,,false,false,false,false
3849,3849,JH/2526/ 758,JH2526758,,,,,false,false,false,false
3850,3850,JH/2526/ 761,JH2526761,,,,,false,false,false,false
3851,3851,JH/B/2526/ 3,JHB25263,,,,,false,false,false,false
3852,3852,JH/B/2526/ 4,JHB25264,,,,,false,false,false,false
3853,3853,JH/2526/ 783,JH2526783,,,,,false,false,false,false
3854,3854,JH/2526/ 794,JH2526794,,,,,false,false,false,false
3855,3855,JH/2526/ 802,JH2526802,,,,,false,false,false,false
3856,3856,JH/2526/ 816,JH2526816,,,,,false,false,false,false
3857,3857,JH/S/2526/ 73,JHS252673,,,,,false,false,false,false
3858,3858,JH/S/2526/ 74,JHS252674,,,,,false,false,false,false
3859,3859,JH/S/2526/ 75,JHS252675,,,,,false,false,false,false
3860,3860,JH/S/2526/ 76,JHS252676,,,,,false,false,false,false
3861,3861,JH/S/2526/ 77,JHS252677,,,,,false,false,false,false
3862,3862,JH/S/2526/ 81,JHS252681,,,,,false,false,false,false
3863,3863,JH/2526/ 892,JH2526892,,,,,false,false,false,false
3864,3864,JH/S/2526/ 82,JHS252682,,,,,false,false,false,false
3865,3865,JH/S/2526/ 83,JHS252683,,,,,false,false,false,false
3866,3866,JH/S/2526/ 85,JHS252685,,,,,false,false,false,false
3867,3867,JH/S/2526/ 87,JHS252687,,,,,false,false,false,false
3868,3868,JH/S/2526/ 88,JHS252688,,,,,false,false,false,false
3869,3869,JH/2526/ 909,JH2526909,,,,,false,false,false,false
3870,3870,JH/2526/ 919,JH2526919,,,,,false,false,false,false
3871,3871,JH/2526/ 920,JH2526920,,,,,false,false,false,false
3872,3872,JH/2526/ 921,JH2526921,,,,,false,false,false,false
3873,3873,JH/2526/ 923,JH2526923,,,,,false,false,false,false
3874,3874,JH/2526/ 924,JH2526924,,,,,false,false,false,false
3875,3875,JH/2526/ 926,JH2526926,,,,,false,false,false,false
3876,3876,JH/2526/ 927,JH2526927,,,,,false,false,false,false
3877,3877,JH/2526/ 928,JH2526928,,,,,false,false,false,false
3878,3878,JH/2526/ 929,JH2526929,,,,,false,false,false,false
3879,3879,JH/2526/ 930,JH2526930,,,,,false,false,false,false
3880,3880,JH/2526/ 932,JH2526932,,,,,false,false,false,false
3881,3881,JH/2526/ 934,JH2526934,,,,,false,false,false,false
3882,3882,JH/2526/ 935,JH2526935,,,,,false,false,false,false
3883,3883,JH/2526/ 937,JH2526937,,,,,false,false,false,false
3884,3884,JH/2526/ 938,JH2526938,,,,,false,false,false,false
3885,3885,JH/RI/2526/ 5,JHRI25265,,,,,false,false,false,false
3886,3886,JH/S/2526/ 89,JHS252689,,,,,false,false,false,false
3887,3887,JH/S/2526/ 90,JHS252690,,,,,false,false,false,false
3888,3888,JH/S/2526/ 91,JHS252691,,,,,false,false,false,false
3889,3889,JH/S/2526/ 93,JHS252693,,,,,false,false,false,false
3890,3890,JH/S/2526/ 94,JHS252694,,,,,false,false,false,false
3891,3891,JH/2526/ 940,JH2526940,,,,,false,false,false,false
3892,3892,JH/2526/ 942,JH2526942,,,,,false,false,false,false
3893,3893,JH/2526/ 954,JH2526954,,,,,false,false,false,false
3894,3894,JH/B/2526/ 5,JHB25265,,,,,false,false,false,false
3895,3895,JH/2526/ 1002,JH25261002,,,,,false,false,false,false
3896,3896,JH/2526/ 1034,JH25261034,,,,,false,false,false,false
3897,3897,JH/2526/ 1039,JH25261039,,,,,false,false,false,false
3898,3898,JH/2526/ 1046,JH25261046,,,,,false,false,false,false
3899,3899,JH/B/2526/ 6,JHB25266,,,,,false,false,false,false
3900,3900,JH/B/2526/ 7,JHB25267,,,,,false,false,false,false
3901,3901,JH/B/2526/ 8,JHB25268,,,,,false,false,false,false
3902,3902,JH/B/2526/ 9,JHB25269,,,,,false,false,false,false
3903,3903,JH/B/2526/ 10,JHB252610,,,,,false,false,false,false
3904,3904,JH/B/2526/ 11,JHB252611,,,,,false,false,false,false
3905,3905,JH/B/2526/ 12,JHB252612,,,,,false,false,false,false
3906,3906,JH/B/2526/ 13,JHB252613,,,,,false,false,false,false
3907,3907,JH/B/2526/ 14,JHB252614,,,,,false,false,false,false
3908,3908,JH/S/2526/ 102,JHS2526102,,,,,false,false,false,false
3909,3909,JH/2526/ 1061,JH25261061,,,,,false,false,false,false
3910,3910,JH/2526/ 1082,JH25261082,,,,,false,false,false,false
3911,3911,JH/2526/ 1088,JH25261088,,,,,false,false,false,false
3912,3912,JH/2526/ 1095,JH25261095,,,,,false,false,false,false
